x0,y0,z0,x1,y1,z1,x2,y2,z2,x3,y3,z3,x4,y4,z4,x5,y5,z5,x6,y6,z6,x7,y7,z7,x8,y8,z8,x9,y9,z9,x10,y10,z10,x11,y11,z11,x12,y12,z12,x13,y13,z13,x14,y14,z14,x15,y15,z15,x16,y16,z16,x17,y17,z17,x18,y18,z18,x19,y19,z19,x20,y20,z20,label
0.2803081274032593,0.8137308359146118,3.540015427461185e-07,0.32470807433128357,0.7652119398117065,-0.01893855445086956,0.3508356511592865,0.6953860521316528,-0.023293398320674896,0.36406466364860535,0.6305705904960632,-0.026289077475667,0.3777908384799957,0.5850031971931458,-0.02939974144101143,0.3091474175453186,0.6104233860969543,-0.006862905342131853,0.31978315114974976,0.530975878238678,-0.016016239300370216,0.3244941234588623,0.4814271330833435,-0.025588413700461388,0.32769185304641724,0.4371531009674072,-0.033279914408922195,0.28013473749160767,0.6082285642623901,-0.00588658731430769,0.2787591516971588,0.5219866633415222,-0.014203661121428013,0.2774333953857422,0.46438753604888916,-0.025213250890374184,0.275821328163147,0.4162129759788513,-0.03348260745406151,0.2536941468715668,0.6263448596000671,-0.007745521143078804,0.2454826533794403,0.5507838129997253,-0.01893281750380993,0.24294517934322357,0.5017474889755249,-0.029973255470395088,0.2422189563512802,0.45842090249061584,-0.03748803585767746,0.22796157002449036,0.6601627469062805,-0.011341402307152748,0.21529975533485413,0.6116532683372498,-0.023965995758771896,0.21246600151062012,0.5793694853782654,-0.030972696840763092,0.2136486917734146,0.5474851131439209,-0.03512712940573692,Forward
0.28395459055900574,0.7696577310562134,1.859296645534414e-07,0.3052993714809418,0.7294459342956543,-0.014196504838764668,0.3170073628425598,0.683443009853363,-0.01960604079067707,0.31975656747817993,0.6419364213943481,-0.023802658542990685,0.32300031185150146,0.609140157699585,-0.027921529486775398,0.28012487292289734,0.637312650680542,-0.008352071046829224,0.2770395874977112,0.5884923338890076,-0.01626378670334816,0.27299949526786804,0.5576717853546143,-0.023984381929039955,0.26822835206985474,0.5299633741378784,-0.02999790944159031,0.26318931579589844,0.6434366703033447,-0.007518364116549492,0.2524174749851227,0.5916825532913208,-0.014870294369757175,0.24391409754753113,0.5591120719909668,-0.02283301204442978,0.23582130670547485,0.5311579704284668,-0.028789089992642403,0.24969589710235596,0.6607301235198975,-0.008545691147446632,0.2374250888824463,0.6155218482017517,-0.016890376806259155,0.22963064908981323,0.5862582325935364,-0.023694083094596863,0.22249865531921387,0.5591402649879456,-0.028290754184126854,0.23788948357105255,0.6874376535415649,-0.010871212929487228,0.22510771453380585,0.6557465195655823,-0.01932026445865631,0.2174645960330963,0.6338955163955688,-0.02352330833673477,0.2107486128807068,0.610792338848114,-0.026029298081994057,Forward
0.31056222319602966,0.748464822769165,4.146056369336293e-07,0.3619142174720764,0.6778456568717957,-0.024801023304462433,0.3928871154785156,0.5812684297561646,-0.03478851541876793,0.4100053310394287,0.4971550405025482,-0.043619055300951004,0.4246352016925812,0.43048804998397827,-0.05298171937465668,0.3363478183746338,0.4647444188594818,-0.017697468400001526,0.3476962149143219,0.3583059310913086,-0.03758832812309265,0.3538927435874939,0.29008978605270386,-0.05590624734759331,0.35866791009902954,0.22639243304729462,-0.06957215815782547,0.299061119556427,0.462626576423645,-0.020051244646310806,0.29581984877586365,0.3423919379711151,-0.03871629387140274,0.29526373744010925,0.260734498500824,-0.05753796547651291,0.29471150040626526,0.18752098083496094,-0.07156743854284286,0.26542940735816956,0.4867721498012543,-0.026042655110359192,0.2573876976966858,0.3740499019622803,-0.04613369330763817,0.25559914112091064,0.29711484909057617,-0.06256163865327835,0.25515520572662354,0.2286204993724823,-0.07368748635053635,0.2336728721857071,0.5329846739768982,-0.03431645408272743,0.2197255790233612,0.4480135440826416,-0.054084427654743195,0.21340204775333405,0.3869690001010895,-0.06475500017404556,0.20987451076507568,0.3270385265350342,-0.07161997258663177,Forward
0.307802677154541,0.7490894794464111,4.443064369752392e-07,0.35978037118911743,0.6769998073577881,-0.02723224088549614,0.38948071002960205,0.5808603763580322,-0.03827575221657753,0.4056766629219055,0.4960585832595825,-0.04768209531903267,0.4218030273914337,0.42772218585014343,-0.057595815509557724,0.33253493905067444,0.46549734473228455,-0.019463324919342995,0.34339338541030884,0.35855749249458313,-0.040184177458286285,0.34962958097457886,0.2888336777687073,-0.05925900489091873,0.3544149100780487,0.22340954840183258,-0.07369223982095718,0.2948577404022217,0.46365460753440857,-0.02108273096382618,0.29064589738845825,0.3433592915534973,-0.040875159204006195,0.2898156940937042,0.26081979274749756,-0.060869697481393814,0.2892368733882904,0.18656334280967712,-0.07586728781461716,0.26098909974098206,0.48869651556015015,-0.026642583310604095,0.25250276923179626,0.3755263686180115,-0.048464901745319366,0.2506859004497528,0.2968928813934326,-0.06676541268825531,0.25049468874931335,0.22644880414009094,-0.07918926328420639,0.2292875349521637,0.5355172157287598,-0.034572821110486984,0.21541106700897217,0.4508555829524994,-0.05607084184885025,0.20927837491035461,0.3901853561401367,-0.068424291908741,0.20622974634170532,0.3293771743774414,-0.07663220912218094,Forward
0.30711913108825684,0.7518417835235596,4.3549795236685895e-07,0.3597075939178467,0.6808778643608093,-0.027665698900818825,0.39019811153411865,0.5836181640625,-0.03917777165770531,0.4065590500831604,0.4983135163784027,-0.048912111669778824,0.42203590273857117,0.4291130304336548,-0.059128619730472565,0.3328288793563843,0.4669570326805115,-0.021272903308272362,0.34357109665870667,0.35902106761932373,-0.042308639734983444,0.3494655191898346,0.28902357816696167,-0.061399102210998535,0.35371148586273193,0.22411152720451355,-0.07568037509918213,0.2947794198989868,0.46463850140571594,-0.022573795169591904,0.2908790707588196,0.3423219919204712,-0.042370837181806564,0.28990280628204346,0.259799063205719,-0.06210652366280556,0.288727730512619,0.18631935119628906,-0.0768403708934784,0.26063621044158936,0.4888235628604889,-0.027689076960086823,0.25211286544799805,0.3739060163497925,-0.04907581955194473,0.2499229609966278,0.2955341339111328,-0.06680368632078171,0.2488906979560852,0.22596244513988495,-0.07881831377744675,0.22876378893852234,0.5346673727035522,-0.03520899638533592,0.21499814093112946,0.44803953170776367,-0.05617639794945717,0.20876821875572205,0.38679957389831543,-0.06797652691602707,0.2051640748977661,0.32676398754119873,-0.07570179551839828,Forward
0.3050004541873932,0.7516657114028931,4.435314906459098e-07,0.35809966921806335,0.6797280311584473,-0.028425348922610283,0.3884243071079254,0.5821518301963806,-0.04063769802451134,0.40502679347991943,0.49644485116004944,-0.051148489117622375,0.4217507541179657,0.42654845118522644,-0.062307510524988174,0.3315122127532959,0.4676898121833801,-0.02243364229798317,0.34233781695365906,0.359427809715271,-0.044249530881643295,0.348388135433197,0.28876516222953796,-0.06403041630983353,0.3526257872581482,0.22281049191951752,-0.07894862443208694,0.2932931184768677,0.46591055393218994,-0.024013064801692963,0.28944000601768494,0.34408485889434814,-0.044802676886320114,0.2885194718837738,0.26066747307777405,-0.06547832489013672,0.28728199005126953,0.18611732125282288,-0.08110169321298599,0.25885626673698425,0.4907134175300598,-0.029530176892876625,0.2504335939884186,0.3757566809654236,-0.05198369175195694,0.24826332926750183,0.2967240810394287,-0.07070846855640411,0.24741767346858978,0.22614504396915436,-0.08357317000627518,0.22675690054893494,0.5366225242614746,-0.03752844035625458,0.21296215057373047,0.4498003125190735,-0.05948995426297188,0.20681539177894592,0.3879070281982422,-0.07224935293197632,0.2035924196243286,0.32686084508895874,-0.08088504523038864,Forward
0.30383023619651794,0.7547791600227356,4.32901856584067e-07,0.3564881384372711,0.6820598840713501,-0.028226090595126152,0.38694119453430176,0.5841586589813232,-0.039980217814445496,0.40244215726852417,0.4965389370918274,-0.05000409483909607,0.41845136880874634,0.4261951446533203,-0.060494743287563324,0.3297019600868225,0.46782711148262024,-0.020924203097820282,0.3404794931411743,0.3593268096446991,-0.04220082610845566,0.346177339553833,0.28910762071609497,-0.06173037365078926,0.3497498035430908,0.22345656156539917,-0.07637973129749298,0.29120609164237976,0.4663999676704407,-0.02213718183338642,0.2869911789894104,0.3443087935447693,-0.04226461797952652,0.28573882579803467,0.26205068826675415,-0.06233353167772293,0.284090518951416,0.18790608644485474,-0.07738709449768066,0.2569195032119751,0.4913369119167328,-0.027304667979478836,0.24779388308525085,0.377946674823761,-0.04893356189131737,0.24503536522388458,0.29998505115509033,-0.06666558980941772,0.24362295866012573,0.22991502285003662,-0.07872293889522552,0.22487840056419373,0.537445068359375,-0.035017095506191254,0.21111628413200378,0.45075011253356934,-0.05591873824596405,0.20461738109588623,0.3894859850406647,-0.06761322170495987,0.20068930089473724,0.3290095925331116,-0.07537130266427994,Forward
0.3037240505218506,0.7545629143714905,4.3071764821434044e-07,0.3571964502334595,0.6836165189743042,-0.029054949060082436,0.3889242708683014,0.5849462747573853,-0.040755923837423325,0.40592333674430847,0.4975559711456299,-0.0507156103849411,0.42141011357307434,0.4267410933971405,-0.061210863292217255,0.3315911293029785,0.4688376188278198,-0.021055154502391815,0.34237226843833923,0.360326886177063,-0.04246412217617035,0.34813812375068665,0.2894785404205322,-0.06216054782271385,0.3522839844226837,0.2231307327747345,-0.07695343345403671,0.29340893030166626,0.46717894077301025,-0.021971162408590317,0.2888660728931427,0.3453518748283386,-0.04218138009309769,0.28721940517425537,0.2618759274482727,-0.0625724270939827,0.28572705388069153,0.18652594089508057,-0.07795035094022751,0.2591429352760315,0.49179908633232117,-0.026983221992850304,0.25107651948928833,0.377521276473999,-0.04892321303486824,0.24892590939998627,0.298307329416275,-0.06704756617546082,0.2482881397008896,0.22686198353767395,-0.07939650118350983,0.22669994831085205,0.5376134514808655,-0.034652531147003174,0.21318137645721436,0.4511280655860901,-0.056107331067323685,0.20685485005378723,0.3896271288394928,-0.06829503923654556,0.20332852005958557,0.32893136143684387,-0.07639968395233154,Forward
0.29945892095565796,0.7603764533996582,4.3389346160438436e-07,0.3534002900123596,0.6893746852874756,-0.03099883161485195,0.3863154351711273,0.590713620185852,-0.04374850541353226,0.4028617739677429,0.5023518800735474,-0.05443694069981575,0.4178754985332489,0.42915186285972595,-0.0656517818570137,0.3283626437187195,0.47194257378578186,-0.02402549423277378,0.33945953845977783,0.3616746664047241,-0.04670054838061333,0.34526434540748596,0.2899576425552368,-0.06699743866920471,0.3493745028972626,0.22315829992294312,-0.08200657367706299,0.28952887654304504,0.47011885046958923,-0.024359313771128654,0.2854403257369995,0.346882700920105,-0.04554137960076332,0.28352922201156616,0.2628079950809479,-0.06593593955039978,0.2817697525024414,0.18765577673912048,-0.08121021836996078,0.2546358108520508,0.495123952627182,-0.028937945142388344,0.24636612832546234,0.38013723492622375,-0.05150558426976204,0.2439841777086258,0.30014991760253906,-0.06922848522663116,0.24368193745613098,0.2280423790216446,-0.08131531625986099,0.22119802236557007,0.5415453314781189,-0.036380983889102936,0.20782127976417542,0.4554227590560913,-0.058231648057699203,0.20210331678390503,0.39384904503822327,-0.07015480846166611,0.19949853420257568,0.3331383466720581,-0.07803548127412796,Forward
0.3006410300731659,0.7703214883804321,4.4039040858478984e-07,0.35491251945495605,0.6987208127975464,-0.030175156891345978,0.38762134313583374,0.599189817905426,-0.04269014298915863,0.4031042754650116,0.5085548162460327,-0.0533132329583168,0.41826388239860535,0.4349559247493744,-0.06432749330997467,0.32933440804481506,0.47799044847488403,-0.022633276879787445,0.3411445915699005,0.36717697978019714,-0.04512598738074303,0.3474435806274414,0.29483580589294434,-0.06537622958421707,0.3515174686908722,0.22718574106693268,-0.08021362125873566,0.2895047664642334,0.4751894176006317,-0.023199468851089478,0.28550025820732117,0.35057392716407776,-0.04407084360718727,0.28415945172309875,0.26626235246658325,-0.06413091719150543,0.2826961576938629,0.19019678235054016,-0.07900293916463852,0.254264771938324,0.4994852542877197,-0.027890698984265327,0.24571245908737183,0.38466447591781616,-0.04983770474791527,0.24284888803958893,0.30474409461021423,-0.06665213406085968,0.2418164759874344,0.23288902640342712,-0.07790004462003708,0.22081932425498962,0.5461858510971069,-0.035443197935819626,0.2072271704673767,0.4576534032821655,-0.05618252605199814,0.20148301124572754,0.39482831954956055,-0.06683314591646194,0.19873544573783875,0.33361104130744934,-0.07364675402641296,Forward
0.31736233830451965,0.771297812461853,4.44329799620391e-07,0.37370777130126953,0.706722617149353,-0.025658302009105682,0.4090900719165802,0.6063690185546875,-0.03550059720873833,0.42777103185653687,0.5166018605232239,-0.043707944452762604,0.4456331133842468,0.4500153362751007,-0.05250675603747368,0.35413485765457153,0.4824833869934082,-0.020558295771479607,0.3683431148529053,0.3710165023803711,-0.040611669421195984,0.37518879771232605,0.2995823323726654,-0.05830800533294678,0.3793267011642456,0.23367001116275787,-0.0714530348777771,0.31433752179145813,0.47773534059524536,-0.02232292853295803,0.3146062195301056,0.3499827980995178,-0.04128987342119217,0.31521305441856384,0.26563340425491333,-0.059614941477775574,0.31472253799438477,0.19114625453948975,-0.07298875600099564,0.27805447578430176,0.4997651278972626,-0.027449650689959526,0.2727619707584381,0.38255834579467773,-0.04752398282289505,0.2734510600566864,0.3036291003227234,-0.06344959139823914,0.27449941635131836,0.23380185663700104,-0.07406651973724365,0.24302726984024048,0.5442737340927124,-0.03485698625445366,0.23457811772823334,0.45373567938804626,-0.05415959656238556,0.23147812485694885,0.391188383102417,-0.06410948187112808,0.23035287857055664,0.3299816846847534,-0.07038117945194244,Forward
0.3091961741447449,0.7437556982040405,4.7611254672119685e-07,0.365554541349411,0.6784441471099854,-0.028427213430404663,0.3983265161514282,0.5839089155197144,-0.03888142108917236,0.41466090083122253,0.49919962882995605,-0.04731624573469162,0.4312037527561188,0.42977237701416016,-0.05599934235215187,0.34376367926597595,0.46378833055496216,-0.018105048686265945,0.3572749197483063,0.35575732588768005,-0.03729958087205887,0.3642970621585846,0.28623348474502563,-0.05522211641073227,0.3688353896141052,0.22257398068904877,-0.0686773881316185,0.30572181940078735,0.45975804328918457,-0.018195394426584244,0.3048901855945587,0.33769625425338745,-0.036615073680877686,0.3056395351886749,0.2557295858860016,-0.056051623076200485,0.3052210807800293,0.1838289201259613,-0.07044081389904022,0.270926296710968,0.48191893100738525,-0.022342510521411896,0.2645301818847656,0.36832934617996216,-0.0428897924721241,0.263397216796875,0.29289060831069946,-0.06086947023868561,0.2628422975540161,0.22622442245483398,-0.0728188306093216,0.23791754245758057,0.5241056680679321,-0.028956780210137367,0.2287859320640564,0.43634232878685,-0.04915762320160866,0.2251836657524109,0.37713152170181274,-0.060977280139923096,0.2236572802066803,0.31878602504730225,-0.0686793327331543,Forward
0.35068824887275696,0.7920659184455872,2.1076476741654915e-07,0.37984907627105713,0.7570986747741699,-0.014597324654459953,0.39844149351119995,0.7121071815490723,-0.019847942516207695,0.4071776568889618,0.6697503328323364,-0.024188781157135963,0.41584789752960205,0.6359971165657043,-0.028512177988886833,0.3678745925426483,0.6468209624290466,-0.007195663638412952,0.374114453792572,0.5929778814315796,-0.01610576920211315,0.37654709815979004,0.5581830739974976,-0.02497146464884281,0.3780013918876648,0.5257463455200195,-0.031670231372117996,0.34878432750701904,0.6450486183166504,-0.006849332712590694,0.3467739522457123,0.5843008756637573,-0.014818250201642513,0.34467586874961853,0.5450452566146851,-0.023495329543948174,0.3428424000740051,0.510818600654602,-0.029918625950813293,0.33179718255996704,0.6569653749465942,-0.008635829202830791,0.32799065113067627,0.6016554832458496,-0.017497548833489418,0.32686638832092285,0.5653241872787476,-0.024283599108457565,0.32662996649742126,0.5324788689613342,-0.02878822572529316,0.3152405321598053,0.6796809434890747,-0.011933264322578907,0.30859965085983276,0.6384171843528748,-0.020734282210469246,0.30584025382995605,0.6096169352531433,-0.02472642995417118,0.30451685190200806,0.5808574557304382,-0.02698846347630024,Forward
0.3562646508216858,0.724132776260376,2.2675564537166792e-07,0.38709741830825806,0.6947315335273743,-0.013948907144367695,0.40773656964302063,0.6516697406768799,-0.018585193902254105,0.41881152987480164,0.6095729470252991,-0.022340748459100723,0.4298636317253113,0.57862788438797,-0.026016516610980034,0.3807045519351959,0.5849747061729431,-0.006520543247461319,0.3900064527988434,0.5314610600471497,-0.014834159053862095,0.3951095640659332,0.4967800974845886,-0.02278919517993927,0.3988126218318939,0.4660537838935852,-0.02884412556886673,0.36197006702423096,0.5805551409721375,-0.006125268992036581,0.3632427453994751,0.5202068090438843,-0.014210494235157967,0.3644517660140991,0.480578750371933,-0.022692684084177017,0.3655362129211426,0.44722241163253784,-0.02873147465288639,0.3448593318462372,0.5889723300933838,-0.007769234012812376,0.34376078844070435,0.5317854881286621,-0.01709948293864727,0.3453011214733124,0.4946812391281128,-0.02433273009955883,0.34741494059562683,0.4628389775753021,-0.02885560691356659,0.32804882526397705,0.6075795292854309,-0.010735603049397469,0.32416272163391113,0.5648854970932007,-0.02022606134414673,0.3232097923755646,0.5346258878707886,-0.025041567161679268,0.32371529936790466,0.5058109164237976,-0.027674248442053795,Forward
0.3280351161956787,0.7682729363441467,2.0453065019410133e-07,0.3551305830478668,0.7330954074859619,-0.01416473463177681,0.37405040860176086,0.6898444890975952,-0.018910296261310577,0.3808613717556,0.6472179889678955,-0.022627832368016243,0.3857514560222626,0.6127570271492004,-0.026250477880239487,0.3425774872303009,0.6307427287101746,-0.006101141218096018,0.3473118841648102,0.5773205757141113,-0.014540640637278557,0.34857621788978577,0.5430054068565369,-0.023055078461766243,0.3486105799674988,0.5111992359161377,-0.029437366873025894,0.32488560676574707,0.6301162242889404,-0.00548904063180089,0.3228355646133423,0.571599006652832,-0.013194918632507324,0.3203023076057434,0.5330244302749634,-0.021956289187073708,0.3176763355731964,0.49953240156173706,-0.028409672901034355,0.30902689695358276,0.6416816711425781,-0.0069779339246451855,0.30492424964904785,0.587299108505249,-0.015846194699406624,0.30266860127449036,0.551417887210846,-0.023033957928419113,0.30123552680015564,0.5198687314987183,-0.02770506776869297,0.2932444214820862,0.6637039184570312,-0.009844635613262653,0.286151260137558,0.6236271262168884,-0.018508709967136383,0.28271031379699707,0.5956580638885498,-0.022718748077750206,0.28062498569488525,0.5682151317596436,-0.025130685418844223,Forward
0.355837881565094,0.7580931782722473,2.0567244973790366e-07,0.38581401109695435,0.7254323959350586,-0.013896559365093708,0.4046710133552551,0.6815325021743774,-0.018177269026637077,0.4131510257720947,0.6388171911239624,-0.021657757461071014,0.4219740033149719,0.605024516582489,-0.025028670206665993,0.374334454536438,0.6193673610687256,-0.005266121588647366,0.38093188405036926,0.5640383958816528,-0.01308035384863615,0.3840017020702362,0.529356837272644,-0.02082914486527443,0.3862072229385376,0.4980682134628296,-0.026644844561815262,0.35619664192199707,0.6176279187202454,-0.004534845240414143,0.35528039932250977,0.5576775074005127,-0.011736446991562843,0.354552686214447,0.518312931060791,-0.01975715532898903,0.3542214334011078,0.4851645529270172,-0.02562389150261879,0.3399559557437897,0.6280407309532166,-0.005969056859612465,0.33589351177215576,0.5735799670219421,-0.014320510439574718,0.3358239531517029,0.5377755761146545,-0.020885558798909187,0.33702757954597473,0.5069059729576111,-0.02507171221077442,0.32401493191719055,0.647829532623291,-0.008847875520586967,0.317838579416275,0.606438398361206,-0.017334425821900368,0.3157355785369873,0.5773693323135376,-0.021470198407769203,0.31533142924308777,0.5494034290313721,-0.023757729679346085,Forward
0.3321104049682617,0.7542819976806641,1.9739186996048375e-07,0.36054137349128723,0.7225523591041565,-0.01377035304903984,0.37887370586395264,0.6793140172958374,-0.018374906852841377,0.3857842683792114,0.636832058429718,-0.022046364843845367,0.3926553428173065,0.6030063033103943,-0.02572169527411461,0.35030508041381836,0.6205013394355774,-0.0074824802577495575,0.3556750416755676,0.5660139918327332,-0.01580672338604927,0.35768458247184753,0.5313962697982788,-0.02373058721423149,0.3586627244949341,0.5000430345535278,-0.02953188866376877,0.33211779594421387,0.618753969669342,-0.006919416598975658,0.3307289183139801,0.5586594343185425,-0.01423464436084032,0.3287378251552582,0.5197504758834839,-0.022060755640268326,0.32706889510154724,0.4875063896179199,-0.02780488319694996,0.31584128737449646,0.6291269063949585,-0.008317224681377411,0.3121815621852875,0.5741605162620544,-0.016476916149258614,0.31075519323349,0.5384529829025269,-0.02274014614522457,0.3105678856372833,0.5085510015487671,-0.026799330487847328,0.29958921670913696,0.6489629149436951,-0.011111718602478504,0.2931674122810364,0.6070854067802429,-0.019225601106882095,0.290225625038147,0.5791048407554626,-0.022893700748682022,0.2889844477176666,0.5530849099159241,-0.02488722652196884,Forward
0.3503204584121704,0.8178826570510864,2.1428643037779693e-07,0.3783835470676422,0.7841597199440002,-0.016020210459828377,0.3961809277534485,0.7387605905532837,-0.02207040786743164,0.4029843211174011,0.6943848729133606,-0.02683369629085064,0.4102923274040222,0.6574621200561523,-0.031454574316740036,0.3648526072502136,0.675233006477356,-0.009530588984489441,0.3700260519981384,0.6190537214279175,-0.018835175782442093,0.3718051314353943,0.5832705497741699,-0.027575992047786713,0.3725828528404236,0.5501728653907776,-0.03410089761018753,0.34587839245796204,0.6743833422660828,-0.008604205213487148,0.3434893488883972,0.6131973266601562,-0.016831567510962486,0.3406111001968384,0.57313472032547,-0.025407996028661728,0.33813565969467163,0.5391898155212402,-0.031734198331832886,0.32913267612457275,0.686945915222168,-0.009863794781267643,0.3241061270236969,0.63113933801651,-0.018964406102895737,0.32208189368247986,0.5945399403572083,-0.02598775364458561,0.3213672935962677,0.56212317943573,-0.030642516911029816,0.3130379319190979,0.710099458694458,-0.012702137231826782,0.3049623966217041,0.6687877774238586,-0.021905571222305298,0.3013416528701782,0.6399545669555664,-0.02635541930794716,0.29967910051345825,0.6114093661308289,-0.02890446037054062,Forward
0.3475636839866638,0.7498399615287781,2.045228626457174e-07,0.37696921825408936,0.7172977924346924,-0.013784537091851234,0.39519453048706055,0.6740138530731201,-0.017906207591295242,0.40321582555770874,0.6319475173950195,-0.021179471164941788,0.41213688254356384,0.5993030071258545,-0.02426162175834179,0.36586201190948486,0.6084175109863281,-0.004524955525994301,0.3719879984855652,0.5532351732254028,-0.011934121139347553,0.37478184700012207,0.5187549591064453,-0.019572583958506584,0.3765658140182495,0.4874054193496704,-0.025434834882616997,0.3482380509376526,0.6062836050987244,-0.003825647057965398,0.34777653217315674,0.546826958656311,-0.010761567391455173,0.34675711393356323,0.5075963735580444,-0.0189217422157526,0.34593161940574646,0.47422274947166443,-0.024935659021139145,0.3321235477924347,0.6165854334831238,-0.005318068899214268,0.3283185660839081,0.5624552369117737,-0.013627594336867332,0.3275987505912781,0.5265882611274719,-0.020601317286491394,0.32798364758491516,0.4956611096858978,-0.025070050731301308,0.3157859146595001,0.6365335583686829,-0.008218320086598396,0.30955731868743896,0.595213770866394,-0.016788924112915993,0.3071393072605133,0.5663800835609436,-0.02118385210633278,0.30640825629234314,0.5383760333061218,-0.023651929572224617,Forward
0.310114324092865,0.7179975509643555,1.5020596322301571e-07,0.33473634719848633,0.684715747833252,-0.012265190482139587,0.3489506244659424,0.6444817781448364,-0.014844972640275955,0.3511389195919037,0.604112446308136,-0.01663513481616974,0.35556560754776,0.5730850696563721,-0.018204156309366226,0.3227600157260895,0.5953007936477661,-0.0020835341420024633,0.3256245255470276,0.5460419654846191,-0.007324556820094585,0.3252623677253723,0.5158551335334778,-0.013272950425744057,0.32382822036743164,0.48887962102890015,-0.0179553534835577,0.30788877606391907,0.5971140265464783,-0.0007471762946806848,0.3052307963371277,0.5472759008407593,-0.0054183658212423325,0.3009054958820343,0.5145841240882874,-0.011948011815547943,0.29655420780181885,0.4874243140220642,-0.016904935240745544,0.2949449419975281,0.6084566116333008,-0.0014110780321061611,0.2899019122123718,0.5636365413665771,-0.0073972586542367935,0.28702113032341003,0.534598708152771,-0.01289239153265953,0.28483816981315613,0.5092166662216187,-0.01657785475254059,0.28166863322257996,0.6277092695236206,-0.003435084829106927,0.2743145227432251,0.5956236124038696,-0.010117318481206894,0.2704125940799713,0.5725836753845215,-0.013687009923160076,0.26764723658561707,0.550194263458252,-0.015698038041591644,Forward
0.34211108088493347,0.7313694953918457,1.6503972233294917e-07,0.3679637908935547,0.6975845098495483,-0.01283060573041439,0.3833218216896057,0.6569736003875732,-0.016463642939925194,0.3883379399776459,0.615748941898346,-0.01935996487736702,0.3949439227581024,0.5838855504989624,-0.022129230201244354,0.3549198508262634,0.600857138633728,-0.003940626513212919,0.3592095375061035,0.5501890182495117,-0.010516774840652943,0.36036503314971924,0.5195699334144592,-0.017363933846354485,0.36044254899024963,0.4913559854030609,-0.0227663591504097,0.3384547829627991,0.6016741394996643,-0.0030972694512456656,0.335649311542511,0.5485638380050659,-0.009476225823163986,0.33292800188064575,0.5141760110855103,-0.0171915702521801,0.33036625385284424,0.48374056816101074,-0.022969765588641167,0.3240637183189392,0.6133788228034973,-0.004243447445333004,0.3191751539707184,0.5662442445755005,-0.011921326629817486,0.31773123145103455,0.5342936515808105,-0.018637264147400856,0.31710076332092285,0.5052134990692139,-0.023091262206435204,0.30976805090904236,0.6335258483886719,-0.006700087338685989,0.3030150532722473,0.599179744720459,-0.014864018186926842,0.2997203767299652,0.5748140811920166,-0.019304489716887474,0.2976645529270172,0.5507026314735413,-0.021873420104384422,Forward
0.32346081733703613,0.6966202259063721,1.3891011008126952e-07,0.34902074933052063,0.6713403463363647,-0.012030760757625103,0.36531737446784973,0.6372289061546326,-0.014638644643127918,0.37025687098503113,0.5984883308410645,-0.01654587872326374,0.37623700499534607,0.5681012868881226,-0.018231568858027458,0.34138065576553345,0.5816039443016052,-0.002206507371738553,0.3472328782081604,0.5357706546783447,-0.007715658284723759,0.3488684296607971,0.5072934627532959,-0.013448795303702354,0.34924420714378357,0.4816155731678009,-0.017990631982684135,0.32656848430633545,0.5794670581817627,-0.0009780590189620852,0.326393187046051,0.530167281627655,-0.006435771938413382,0.324327290058136,0.4985358715057373,-0.012986126355826855,0.32219016551971436,0.47246527671813965,-0.017800530418753624,0.31282714009284973,0.5875149965286255,-0.0017194669926539063,0.310638964176178,0.5427103638648987,-0.008438793942332268,0.30976220965385437,0.514766275882721,-0.014200815930962563,0.3094813823699951,0.490281343460083,-0.01795496977865696,0.29892686009407043,0.6039274334907532,-0.003745920956134796,0.2941439747810364,0.5730623602867126,-0.011191998608410358,0.29183489084243774,0.5510926842689514,-0.015367789193987846,0.2904730439186096,0.5295600891113281,-0.017698416486382484,Forward
0.2784268260002136,0.8292415738105774,3.6423625715542585e-07,0.32151514291763306,0.7804880142211914,-0.02171233482658863,0.34901028871536255,0.7161669731140137,-0.030159341171383858,0.36531737446784973,0.6567097306251526,-0.03690825402736664,0.3814048767089844,0.6121699810028076,-0.04376567527651787,0.30476510524749756,0.6240842938423157,-0.014739098027348518,0.3137420415878296,0.5437096953392029,-0.027944525703787804,0.31817835569381714,0.4925423562526703,-0.0403914712369442,0.32042214274406433,0.4450872540473938,-0.05005811154842377,0.27604398131370544,0.6214431524276733,-0.014265283942222595,0.27254191040992737,0.5327112078666687,-0.02693941257894039,0.27033501863479614,0.47271180152893066,-0.040309518575668335,0.2677270174026489,0.4202215075492859,-0.0502060241997242,0.24942408502101898,0.6387885808944702,-0.016613805666565895,0.24262097477912903,0.5565428733825684,-0.030953537672758102,0.2409576177597046,0.5014610886573792,-0.0429864227771759,0.23966337740421295,0.45302462577819824,-0.050846800208091736,0.2236471176147461,0.6712677478790283,-0.020852990448474884,0.21337291598320007,0.6092860102653503,-0.03541917726397514,0.2077789306640625,0.5660654902458191,-0.04333354905247688,0.20375315845012665,0.5236693024635315,-0.04800308868288994,Forward
0.27651217579841614,0.8302426934242249,3.4128137826883176e-07,0.320008784532547,0.7831793427467346,-0.02116522379219532,0.34839096665382385,0.7178532481193542,-0.029466429725289345,0.36578479409217834,0.658578634262085,-0.036236587911844254,0.38276445865631104,0.6142932176589966,-0.04330379143357277,0.30499663949012756,0.6261081099510193,-0.015624686144292355,0.3146745562553406,0.5444555282592773,-0.029158584773540497,0.3188043236732483,0.492243230342865,-0.04135465621948242,0.32101109623908997,0.4456486701965332,-0.05079660937190056,0.2754611372947693,0.6239761710166931,-0.0158627200871706,0.2718222141265869,0.533501923084259,-0.029336826875805855,0.26944172382354736,0.473003625869751,-0.04286448284983635,0.2669772505760193,0.42114657163619995,-0.05274546518921852,0.24859513342380524,0.6421253085136414,-0.018857045099139214,0.2417457550764084,0.5582115650177002,-0.03404085710644722,0.24013261497020721,0.5022709965705872,-0.04653967544436455,0.23942768573760986,0.4536910653114319,-0.05467703565955162,0.22312206029891968,0.6754224300384521,-0.023630982264876366,0.21138930320739746,0.6126591563224792,-0.03915085271000862,0.2052178680896759,0.5691287517547607,-0.04763800650835037,0.20124021172523499,0.526146650314331,-0.052697062492370605,Forward
0.27767956256866455,0.8313327431678772,3.6892529919896333e-07,0.3215455412864685,0.7826794385910034,-0.021539684385061264,0.34887948632240295,0.7166606783866882,-0.03024165891110897,0.36738136410713196,0.6584665775299072,-0.037468086928129196,0.3859311640262604,0.6154363751411438,-0.0452197827398777,0.3068268597126007,0.6269412636756897,-0.016714466735720634,0.3175293803215027,0.545654296875,-0.03119483031332493,0.32328853011131287,0.49371248483657837,-0.0442068949341774,0.3270339369773865,0.44609469175338745,-0.054372724145650864,0.27697280049324036,0.6249905228614807,-0.01730945147573948,0.27387508749961853,0.5353872179985046,-0.032036397606134415,0.27278563380241394,0.4740574359893799,-0.04672524705529213,0.27158322930336,0.42027103900909424,-0.05756838619709015,0.24929562211036682,0.644241213798523,-0.020739668980240822,0.2431115061044693,0.5609962940216064,-0.03745574876666069,0.24290882050991058,0.5037881135940552,-0.05135490745306015,0.24341484904289246,0.45269036293029785,-0.06042483076453209,0.22315801680088043,0.6784355044364929,-0.02589765004813671,0.21264682710170746,0.6150789260864258,-0.04288768023252487,0.20699335634708405,0.5702203512191772,-0.05266489461064339,0.20339497923851013,0.5249820351600647,-0.05875852331519127,Forward
0.279767245054245,0.8327010273933411,3.8296258253467386e-07,0.32173869013786316,0.7850102782249451,-0.02042250707745552,0.3494321405887604,0.718231201171875,-0.029672836884856224,0.3693585991859436,0.6612908244132996,-0.03751422092318535,0.3887314200401306,0.6189693212509155,-0.0459677092730999,0.3087390661239624,0.630148708820343,-0.019748307764530182,0.31968745589256287,0.5493879318237305,-0.035211242735385895,0.3262079656124115,0.49750709533691406,-0.048318106681108475,0.33077532052993774,0.44970348477363586,-0.05839357152581215,0.2788902521133423,0.6279591917991638,-0.021245520561933517,0.2765693664550781,0.5385669469833374,-0.036367207765579224,0.27655336260795593,0.4774264693260193,-0.05036356672644615,0.2762361764907837,0.4231794476509094,-0.06073092669248581,0.2509695887565613,0.6470986604690552,-0.0252354945987463,0.24485069513320923,0.5646069645881653,-0.04178318381309509,0.24546021223068237,0.5072770118713379,-0.054543834179639816,0.24677729606628418,0.455738365650177,-0.06298119574785233,0.22446146607398987,0.6815958619117737,-0.030851168558001518,0.2137441337108612,0.6189396381378174,-0.04733822122216225,0.20898489654064178,0.5744558572769165,-0.05617194622755051,0.20644652843475342,0.5302667617797852,-0.06165258586406708,Forward
0.2767300605773926,0.8257863521575928,3.838284499124711e-07,0.3201945424079895,0.7767467498779297,-0.02039332501590252,0.34726545214653015,0.7110563516616821,-0.028845230117440224,0.36520570516586304,0.6514059901237488,-0.035831984132528305,0.38161003589630127,0.6058456301689148,-0.04309803992509842,0.3046436905860901,0.6178714632987976,-0.01566401682794094,0.3158110976219177,0.5348649024963379,-0.029292825609445572,0.3221154510974884,0.48303157091140747,-0.04170190915465355,0.3261333703994751,0.4350380301475525,-0.05129936710000038,0.2752322852611542,0.615828812122345,-0.01610667072236538,0.2725125551223755,0.5250959396362305,-0.029396548867225647,0.27184420824050903,0.4643506109714508,-0.0427999310195446,0.27063241600990295,0.41105395555496216,-0.05263568460941315,0.24818125367164612,0.6351474523544312,-0.019143909215927124,0.24132080376148224,0.5516830086708069,-0.03402869403362274,0.2406407594680786,0.4948952794075012,-0.04607895761728287,0.24044403433799744,0.44442135095596313,-0.053913943469524384,0.22263818979263306,0.6698704957962036,-0.023878520354628563,0.21265190839767456,0.6060414910316467,-0.03905562311410904,0.2077365219593048,0.5611629486083984,-0.04705324396491051,0.20465832948684692,0.5169702172279358,-0.05172095075249672,Forward
0.2775556445121765,0.8237839937210083,3.8754544107177935e-07,0.32665497064590454,0.7749234437942505,-0.0175376757979393,0.35708439350128174,0.7078199982643127,-0.019181452691555023,0.3745676279067993,0.6452948451042175,-0.019790291786193848,0.39211761951446533,0.603455126285553,-0.019731946289539337,0.31424248218536377,0.6115339398384094,0.006729899439960718,0.32617291808128357,0.5316793918609619,0.0034309979528188705,0.33167532086372375,0.4835931658744812,-0.004076463636010885,0.3353525996208191,0.4398217499256134,-0.010817105881869793,0.28579893708229065,0.6082450747489929,0.009017487056553364,0.2864634096622467,0.5248346328735352,0.006116149947047234,0.2872401475906372,0.46924227476119995,-0.0036800995003432035,0.2873055934906006,0.4226967692375183,-0.011477705091238022,0.25902116298675537,0.6224941611289978,0.00782643724232912,0.2546258866786957,0.5459370017051697,0.0011106684105470777,0.25454962253570557,0.49775147438049316,-0.008575620129704475,0.2552642524242401,0.45465928316116333,-0.01518229953944683,0.23243270814418793,0.6504320502281189,0.004610147792845964,0.22781580686569214,0.5912811756134033,-0.0035311428364366293,0.22655466198921204,0.5531131625175476,-0.008692988194525242,0.2276116907596588,0.5141199827194214,-0.011795136146247387,Forward
0.28573375940322876,0.8223300576210022,4.028336775263597e-07,0.32757508754730225,0.7796684503555298,-0.019968681037425995,0.35672563314437866,0.7147514820098877,-0.027642158791422844,0.3773723542690277,0.6585433483123779,-0.03374682366847992,0.3966614007949829,0.6196487545967102,-0.04005935788154602,0.31534820795059204,0.6213380694389343,-0.01528125535696745,0.326626718044281,0.540343165397644,-0.027555329725146294,0.332283616065979,0.4892085790634155,-0.038695067167282104,0.3353097140789032,0.4420245885848999,-0.04730470851063728,0.28669244050979614,0.617712676525116,-0.014964716508984566,0.2873598635196686,0.5291112661361694,-0.026627210900187492,0.28821754455566406,0.46857500076293945,-0.03863951563835144,0.28759852051734924,0.4161439538002014,-0.047474205493927,0.2600027024745941,0.6336537599563599,-0.017117734998464584,0.25328701734542847,0.5523346066474915,-0.030145088210701942,0.2518315315246582,0.4979740381240845,-0.04106767848134041,0.250506728887558,0.45017051696777344,-0.04819153994321823,0.2345142811536789,0.6637784838676453,-0.02102622017264366,0.22768446803092957,0.5998408794403076,-0.03422822058200836,0.22477483749389648,0.5567770004272461,-0.04124416410923004,0.22351673245429993,0.5146971344947815,-0.0453270748257637,Forward
0.27930203080177307,0.8127976059913635,3.555289254109084e-07,0.3229826092720032,0.7635647654533386,-0.019001543521881104,0.3487444519996643,0.6954231858253479,-0.024186285212635994,0.3631432056427002,0.6319273710250854,-0.027979526668787003,0.3768376111984253,0.5870670676231384,-0.03190582990646362,0.3075731098651886,0.6099109649658203,-0.009375090710818768,0.31735730171203613,0.5305407643318176,-0.019422497600317,0.3218706548213959,0.4808693528175354,-0.02924291230738163,0.32478901743888855,0.43684834241867065,-0.03719685599207878,0.2781783938407898,0.6085304021835327,-0.008841666392982006,0.2759384512901306,0.525232195854187,-0.018510309979319572,0.2749533951282501,0.46914494037628174,-0.030070055276155472,0.27413859963417053,0.4207282066345215,-0.03872935101389885,0.2517159581184387,0.6274421215057373,-0.010971738956868649,0.24298018217086792,0.5517528653144836,-0.023554380983114243,0.24048569798469543,0.50296950340271,-0.03513575345277786,0.24048162996768951,0.4599626064300537,-0.04295447841286659,0.22696223855018616,0.6623719930648804,-0.014738204888999462,0.21222198009490967,0.6150988936424255,-0.02874528057873249,0.20892822742462158,0.5829780101776123,-0.036624565720558167,0.21052342653274536,0.5513703227043152,-0.04126370698213577,Forward
0.2793929874897003,0.812228798866272,3.4034115969916456e-07,0.32290032505989075,0.7636975646018982,-0.018872011452913284,0.34830722212791443,0.6950986385345459,-0.02400536835193634,0.36273595690727234,0.6316993832588196,-0.027910038828849792,0.376771479845047,0.5859987735748291,-0.03199497237801552,0.3074522614479065,0.6089518070220947,-0.008877284824848175,0.31735238432884216,0.529586672782898,-0.019124455749988556,0.3219766914844513,0.4802021384239197,-0.029149465262889862,0.32516783475875854,0.4362885355949402,-0.03728850558400154,0.27808114886283875,0.6080825924873352,-0.00868415180593729,0.2754833400249481,0.5240980386734009,-0.018560072407126427,0.2745364010334015,0.46883076429367065,-0.030326589941978455,0.2737888693809509,0.4209212362766266,-0.03914396092295647,0.251812607049942,0.6276557445526123,-0.011218050494790077,0.2433265745639801,0.5527076125144958,-0.024103686213493347,0.24074983596801758,0.5041848421096802,-0.035744525492191315,0.24065649509429932,0.4604864716529846,-0.04361047223210335,0.22716452181339264,0.6628095507621765,-0.01540549099445343,0.21249935030937195,0.6157840490341187,-0.029654908925294876,0.20933720469474792,0.5838360786437988,-0.037560589611530304,0.21102237701416016,0.5519452691078186,-0.042271509766578674,Forward
0.287063330411911,0.9225828051567078,5.417429065346369e-07,0.35297325253486633,0.8465853929519653,-0.03592081740498543,0.400133341550827,0.7403873205184937,-0.05275426059961319,0.43310976028442383,0.651346743106842,-0.06760426610708237,0.46704572439193726,0.5901916027069092,-0.08296062797307968,0.32798701524734497,0.5826577544212341,-0.030199842527508736,0.34366604685783386,0.4529723525047302,-0.05466168746352196,0.3515639007091522,0.37132176756858826,-0.07687950134277344,0.35655677318573,0.29332631826400757,-0.09414149820804596,0.2808500826358795,0.5789742469787598,-0.031212063506245613,0.274636447429657,0.4330509305000305,-0.054601456969976425,0.26989802718162537,0.3379784822463989,-0.07733947783708572,0.264446884393692,0.2533068060874939,-0.09466258436441422,0.23893122375011444,0.6081526875495911,-0.03657267987728119,0.22632426023483276,0.47654977440834045,-0.06114974990487099,0.21985509991645813,0.3895283639431,-0.07996028661727905,0.21422863006591797,0.3104062080383301,-0.09281327575445175,0.19912919402122498,0.6610875725746155,-0.04526771232485771,0.18166422843933105,0.5570775866508484,-0.06894615292549133,0.17234909534454346,0.48764416575431824,-0.08082809299230576,0.16575321555137634,0.4186616539955139,-0.08832331746816635,Forward
0.2837527394294739,0.9243106245994568,4.993354991711385e-07,0.350885808467865,0.8464210629463196,-0.03466196730732918,0.3978917896747589,0.7387410402297974,-0.0506851002573967,0.43075239658355713,0.647368848323822,-0.06520766019821167,0.46362602710723877,0.5851418972015381,-0.08025674521923065,0.324836403131485,0.5798782110214233,-0.02779901959002018,0.3395412564277649,0.4514451026916504,-0.05175665020942688,0.34599748253822327,0.3705057203769684,-0.07367702573537827,0.34978872537612915,0.2928198575973511,-0.09093919396400452,0.2774888873100281,0.5765491724014282,-0.029349934309720993,0.2697785198688507,0.43261975049972534,-0.052896466106176376,0.264485239982605,0.3387223482131958,-0.07580697536468506,0.2586026191711426,0.2531948685646057,-0.09329574555158615,0.23608365654945374,0.6067490577697754,-0.03521108999848366,0.22234059870243073,0.4780915379524231,-0.06022830307483673,0.21587522327899933,0.39072638750076294,-0.0791604220867157,0.21041131019592285,0.3088605999946594,-0.09215414524078369,0.197292760014534,0.6610910296440125,-0.04435128718614578,0.17927423119544983,0.5597622990608215,-0.06836769729852676,0.17059992253780365,0.49159613251686096,-0.08027518540620804,0.16501393914222717,0.42314612865448,-0.08789142221212387,Forward
0.2834564447402954,0.9242153167724609,5.08311927660543e-07,0.3489970862865448,0.8443703055381775,-0.03297491744160652,0.39558273553848267,0.7386901378631592,-0.04888100549578667,0.4289568066596985,0.6500695943832397,-0.06368603557348251,0.46330350637435913,0.5922268629074097,-0.07932285964488983,0.32363253831863403,0.5813027024269104,-0.026435358449816704,0.3381481468677521,0.4514772891998291,-0.05052509531378746,0.3451341390609741,0.37011802196502686,-0.07297279685735703,0.3497959077358246,0.29183509945869446,-0.09038502722978592,0.2762390077114105,0.5789725184440613,-0.028794309124350548,0.26926732063293457,0.43384799361228943,-0.051697585731744766,0.2644157409667969,0.3382115960121155,-0.07474784553050995,0.25916019082069397,0.25112318992614746,-0.09245112538337708,0.2348068654537201,0.6088165044784546,-0.03527601435780525,0.22144243121147156,0.4798409938812256,-0.05888883024454117,0.21539375185966492,0.391303688287735,-0.07727498561143875,0.21077555418014526,0.3090549111366272,-0.09012262523174286,0.19589069485664368,0.6622021198272705,-0.04498852416872978,0.1780598759651184,0.5608211755752563,-0.0672420859336853,0.16995950043201447,0.492080420255661,-0.07794269919395447,0.16544446349143982,0.4229738712310791,-0.0848928689956665,Forward
0.2783477008342743,0.9254652261734009,4.950394441038952e-07,0.3436136841773987,0.8446078896522522,-0.03328773006796837,0.39102959632873535,0.7360532879829407,-0.04915306717157364,0.42278391122817993,0.6454370617866516,-0.06363936513662338,0.45373988151550293,0.5845393538475037,-0.07874495536088943,0.3156128525733948,0.5796679854393005,-0.0278901569545269,0.32946550846099854,0.44952958822250366,-0.0520697683095932,0.335989385843277,0.36681389808654785,-0.07426021248102188,0.33947238326072693,0.288997083902359,-0.09127025306224823,0.2689746618270874,0.5766226649284363,-0.03013516217470169,0.26061195135116577,0.4276646375656128,-0.05248615890741348,0.254027396440506,0.3316954970359802,-0.07477026432752609,0.24661487340927124,0.24629941582679749,-0.0918111503124237,0.22831176221370697,0.606359601020813,-0.03642750158905983,0.21270862221717834,0.47465020418167114,-0.05935367941856384,0.20526733994483948,0.3869272768497467,-0.07698233425617218,0.19893361628055573,0.30632489919662476,-0.08935186266899109,0.18967711925506592,0.6607229709625244,-0.04601606726646423,0.16930806636810303,0.5601757764816284,-0.06722740083932877,0.1600811928510666,0.4930479824542999,-0.07701923698186874,0.15472476184368134,0.42627736926078796,-0.083411306142807,Forward
0.27855178713798523,0.920440673828125,5.001555791750434e-07,0.34323352575302124,0.8388172388076782,-0.03319826349616051,0.3893822431564331,0.7325169444084167,-0.04941090941429138,0.42206186056137085,0.6433083415031433,-0.06443867832422256,0.4528842270374298,0.580725371837616,-0.08022652566432953,0.31441667675971985,0.5749278664588928,-0.028126392513513565,0.3274683952331543,0.4452206492424011,-0.05278677120804787,0.3333509564399719,0.3637116253376007,-0.07538096606731415,0.3364660143852234,0.2857228219509125,-0.09278466552495956,0.26689693331718445,0.5730105638504028,-0.030450189486145973,0.25742751359939575,0.4280899167060852,-0.053819600492715836,0.2509687542915344,0.33333680033683777,-0.07693655788898468,0.24383960664272308,0.24725034832954407,-0.09466744214296341,0.22557049989700317,0.6041305065155029,-0.03683674708008766,0.20935681462287903,0.47620025277137756,-0.06078879162669182,0.20166297256946564,0.3888907730579376,-0.07936778664588928,0.19527482986450195,0.30742353200912476,-0.09238764643669128,0.1872159242630005,0.6591306328773499,-0.04642973095178604,0.16681146621704102,0.5606863498687744,-0.06891284883022308,0.15708398818969727,0.49436134099960327,-0.07976264506578445,0.15108391642570496,0.4275953471660614,-0.08680571615695953,Forward
0.2780129909515381,0.9237817525863647,5.032113108427438e-07,0.3429604768753052,0.8416128754615784,-0.0341186486184597,0.3892715573310852,0.7334883809089661,-0.050777796655893326,0.42045271396636963,0.6436198949813843,-0.06602221727371216,0.45222172141075134,0.5823429226875305,-0.08193753659725189,0.3131309747695923,0.577939510345459,-0.02891949564218521,0.3258702754974365,0.4494136869907379,-0.054010629653930664,0.3318313956260681,0.36707770824432373,-0.07693836838006973,0.3350253999233246,0.28873422741889954,-0.09446787089109421,0.26609593629837036,0.5760244727134705,-0.031047821044921875,0.2565057575702667,0.4296518862247467,-0.054349709302186966,0.2493811845779419,0.33462896943092346,-0.07711414992809296,0.24177873134613037,0.2489577829837799,-0.09444725513458252,0.22535410523414612,0.6072832942008972,-0.03731308504939079,0.20993182063102722,0.4783670902252197,-0.06109851226210594,0.20213276147842407,0.391899436712265,-0.07887904345989227,0.19535419344902039,0.3111157715320587,-0.09124308079481125,0.18702426552772522,0.6630476117134094,-0.046934276819229126,0.16661447286605835,0.5633746981620789,-0.06893880665302277,0.15692231059074402,0.4967025816440582,-0.07898259907960892,0.1507280319929123,0.4294503331184387,-0.08542872965335846,Forward
0.2778579890727997,0.9202291965484619,5.044566364631464e-07,0.3419446349143982,0.8369948267936707,-0.034033242613077164,0.38803279399871826,0.7297954559326172,-0.05055824667215347,0.41991862654685974,0.6403088569641113,-0.06568875163793564,0.45040491223335266,0.5784493088722229,-0.08147929608821869,0.31198567152023315,0.574570894241333,-0.028880609199404716,0.32428231835365295,0.44529521465301514,-0.053717829287052155,0.3297138512134552,0.3637804388999939,-0.07649222016334534,0.3328310549259186,0.2855519950389862,-0.09403108060359955,0.2646203935146332,0.5736206769943237,-0.03089025244116783,0.254386842250824,0.4290156960487366,-0.05430125817656517,0.2473369836807251,0.3341432213783264,-0.07738804817199707,0.2401183843612671,0.24815663695335388,-0.09507305175065994,0.22358110547065735,0.6056303381919861,-0.03702330216765404,0.20797736942768097,0.4770287871360779,-0.06101801246404648,0.20037785172462463,0.3897513151168823,-0.07945284992456436,0.19398453831672668,0.308603972196579,-0.0923067256808281,0.18538841605186462,0.6613063216209412,-0.046450331807136536,0.16491898894309998,0.5623565912246704,-0.06900271028280258,0.1547441929578781,0.49583184719085693,-0.07980149984359741,0.1480431705713272,0.42915165424346924,-0.08674373477697372,Forward
0.2749926447868347,0.9186949133872986,5.131037710270903e-07,0.3399706482887268,0.836810827255249,-0.03332538902759552,0.3850916624069214,0.7300454378128052,-0.04901808872818947,0.416473388671875,0.6398347616195679,-0.06327342242002487,0.4475342631340027,0.5792155861854553,-0.0781557634472847,0.310543030500412,0.5746253728866577,-0.027028601616621017,0.32347995042800903,0.4440574049949646,-0.05050523206591606,0.32900217175483704,0.3624619245529175,-0.07247517257928848,0.3317117393016815,0.28456488251686096,-0.08949212729930878,0.26366233825683594,0.5725138187408447,-0.028681732714176178,0.2547284662723541,0.4265267252922058,-0.05055437609553337,0.24763710796833038,0.33162596821784973,-0.07278832048177719,0.24004308879375458,0.24685385823249817,-0.08983421325683594,0.22266724705696106,0.6027674078941345,-0.03437217324972153,0.208391010761261,0.4727157950401306,-0.05684696510434151,0.20110595226287842,0.38502037525177,-0.07454663515090942,0.19481408596038818,0.3051168620586395,-0.08698360621929169,0.18411481380462646,0.6565482020378113,-0.04331527650356293,0.16596606373786926,0.5577645301818848,-0.06441262364387512,0.15732823312282562,0.4916898310184479,-0.07426849752664566,0.15208548307418823,0.4262450337409973,-0.08058765530586243,Forward
0.2703903317451477,0.9014721512794495,5.293661047289788e-07,0.3312658369541168,0.8134354948997498,-0.03442167118191719,0.37063950300216675,0.7010036706924438,-0.055347636342048645,0.40064772963523865,0.6133587956428528,-0.07443825155496597,0.43116074800491333,0.5488572120666504,-0.0954071581363678,0.2920440435409546,0.5713444948196411,-0.050852201879024506,0.29894787073135376,0.43569713830947876,-0.08414629846811295,0.2988712191581726,0.3456162214279175,-0.10916038602590561,0.2956920862197876,0.2643393576145172,-0.12776125967502594,0.24219545722007751,0.5803014636039734,-0.05626840144395828,0.22472438216209412,0.4289674162864685,-0.08927557617425919,0.21191324293613434,0.32905638217926025,-0.11498849838972092,0.19873468577861786,0.24118304252624512,-0.13411718606948853,0.20129138231277466,0.6237709522247314,-0.06470146775245667,0.17624664306640625,0.49159106612205505,-0.09665372967720032,0.16189080476760864,0.39772671461105347,-0.11843143403530121,0.14975158870220184,0.3116436004638672,-0.1334133744239807,0.16655534505844116,0.6922456622123718,-0.07586356997489929,0.13714134693145752,0.593697726726532,-0.10560426861047745,0.11960943043231964,0.5231700539588928,-0.1208929717540741,0.10553963482379913,0.450458288192749,-0.13117437064647675,Forward
0.2706557512283325,0.8821946978569031,5.704852128474158e-07,0.3311324715614319,0.8234891891479492,-0.03871818259358406,0.37765806913375854,0.7459221482276917,-0.061200011521577835,0.41413772106170654,0.6811155080795288,-0.08113589882850647,0.45337897539138794,0.6385788321495056,-0.10188241302967072,0.3143330216407776,0.5869763493537903,-0.04669836163520813,0.3349186182022095,0.463564932346344,-0.07680720090866089,0.34609702229499817,0.38100531697273254,-0.10082290321588516,0.3534829318523407,0.3023451566696167,-0.11863922327756882,0.26917681097984314,0.5750517249107361,-0.047544438391923904,0.2676504850387573,0.43137025833129883,-0.07610306888818741,0.26495659351348877,0.33500149846076965,-0.09922735393047333,0.2610510289669037,0.24934148788452148,-0.11638087034225464,0.22832199931144714,0.5963546633720398,-0.0519556887447834,0.2202475368976593,0.46646443009376526,-0.07977894693613052,0.21648924052715302,0.3770394027233124,-0.09894928336143494,0.21335723996162415,0.2980087697505951,-0.11170141398906708,0.18955205380916595,0.6405173540115356,-0.05967346951365471,0.17528966069221497,0.5384752750396729,-0.08509793132543564,0.16751983761787415,0.46876758337020874,-0.09762018918991089,0.16245980560779572,0.40202009677886963,-0.10537279397249222,Forward
0.3061564564704895,0.7008874416351318,2.632348241604632e-07,0.3410988450050354,0.6649501919746399,-0.017110425978899002,0.3632676899433136,0.6124838590621948,-0.02127895876765251,0.3761633336544037,0.563355028629303,-0.024020185694098473,0.3892514705657959,0.5277966856956482,-0.026373306289315224,0.32927677035331726,0.53746497631073,-0.005666970741003752,0.3367363214492798,0.47359952330589294,-0.011746351607143879,0.3396899998188019,0.43419361114501953,-0.018558893352746964,0.34072747826576233,0.3989288806915283,-0.024323686957359314,0.30764028429985046,0.5346051454544067,-0.0037990733981132507,0.30607715249061584,0.46619850397109985,-0.00950657855719328,0.30461588501930237,0.4214555621147156,-0.017521517351269722,0.30225032567977905,0.38420188426971436,-0.02368471398949623,0.2872350811958313,0.546513020992279,-0.004477837588638067,0.28209173679351807,0.4841037392616272,-0.012395281344652176,0.28055793046951294,0.44606879353523254,-0.020263325423002243,0.2792723476886749,0.4109157919883728,-0.025614693760871887,0.26694580912590027,0.5697011947631836,-0.006879020016640425,0.2592672109603882,0.5237679481506348,-0.016116922721266747,0.2554735839366913,0.4925788640975952,-0.02168416976928711,0.2532429099082947,0.4606008529663086,-0.025031890720129013,Forward
0.29801997542381287,0.7166742086410522,2.3519928049609007e-07,0.328355073928833,0.6687817573547363,-0.012957097962498665,0.3448854386806488,0.6128045320510864,-0.01711106300354004,0.3536508083343506,0.5632258653640747,-0.02098945900797844,0.3622303009033203,0.5257946848869324,-0.025178425014019012,0.3016440272331238,0.5498948097229004,-0.003665895201265812,0.30388811230659485,0.48877909779548645,-0.011764404363930225,0.30418968200683594,0.4498865604400635,-0.020537011325359344,0.30328553915023804,0.4151022136211395,-0.027468247339129448,0.28048229217529297,0.5547475218772888,-0.004724458791315556,0.2712288498878479,0.48864060640335083,-0.012178068980574608,0.2652278244495392,0.4449853301048279,-0.02154790237545967,0.2596873939037323,0.4080227017402649,-0.028805403038859367,0.26216739416122437,0.5733996033668518,-0.008042680099606514,0.24947133660316467,0.5136626362800598,-0.01716698706150055,0.2440294325351715,0.473854660987854,-0.025258157402276993,0.2397495061159134,0.4368819296360016,-0.03088572807610035,0.24521203339099884,0.6035938262939453,-0.012730622664093971,0.23153428733348846,0.5598390102386475,-0.02244189754128456,0.22439366579055786,0.5281225442886353,-0.027406765148043633,0.21891462802886963,0.49451541900634766,-0.030538929626345634,Forward
0.2940642535686493,0.6947158575057983,3.1140064038481796e-07,0.3316050171852112,0.670159101486206,-0.021159181371331215,0.35764560103416443,0.6264356374740601,-0.028344212099909782,0.37170377373695374,0.5782380104064941,-0.03325040638446808,0.38650092482566833,0.5412160754203796,-0.03755316138267517,0.3312360942363739,0.5330262780189514,-0.011845630593597889,0.34428277611732483,0.4673177897930145,-0.02083110623061657,0.35019007325172424,0.4252118170261383,-0.029622647911310196,0.35348665714263916,0.3862401247024536,-0.03649190813302994,0.30938929319381714,0.5237376093864441,-0.008854400366544724,0.31444838643074036,0.4512755274772644,-0.01720956526696682,0.3162951171398163,0.40197956562042236,-0.026933014392852783,0.3162601888179779,0.36001110076904297,-0.03404024988412857,0.28801605105400085,0.5303198099136353,-0.008464080281555653,0.28910207748413086,0.464709997177124,-0.01832530088722706,0.29036521911621094,0.4229402542114258,-0.02730315364897251,0.2908729314804077,0.38498687744140625,-0.03306961804628372,0.26522958278656006,0.5493919849395752,-0.01000131107866764,0.2618870437145233,0.4992612898349762,-0.020704200491309166,0.2604296803474426,0.4651007652282715,-0.02690075896680355,0.2596432566642761,0.43088817596435547,-0.030327869579195976,Forward
0.3112396001815796,0.7149190902709961,2.6947796527565515e-07,0.3395545184612274,0.660966694355011,-0.017176371067762375,0.3534768223762512,0.6005419492721558,-0.02343224547803402,0.35631421208381653,0.5461715459823608,-0.028462789952754974,0.3596923053264618,0.5017514824867249,-0.03341187909245491,0.3064127266407013,0.540580689907074,-0.00927803199738264,0.30461418628692627,0.4736793041229248,-0.01912488415837288,0.3005935549736023,0.431153804063797,-0.02874160185456276,0.2953152656555176,0.39344239234924316,-0.036204755306243896,0.28419220447540283,0.5487143397331238,-0.008588080294430256,0.27172693610191345,0.4797106385231018,-0.017753712832927704,0.2615504562854767,0.4350377321243286,-0.028027266263961792,0.25158214569091797,0.3972538113594055,-0.0358668752014637,0.2658635079860687,0.5713534355163574,-0.010244003497064114,0.25085991621017456,0.5104996562004089,-0.020492171868681908,0.2415306270122528,0.4711024761199951,-0.029125021770596504,0.23300231993198395,0.43567872047424316,-0.03511606529355049,0.24965956807136536,0.6058703064918518,-0.013520640321075916,0.23358263075351715,0.5627573728561401,-0.02407831884920597,0.22406594455242157,0.5329996347427368,-0.02940952032804489,0.21553941071033478,0.5023863911628723,-0.03265633061528206,Forward
0.29989340901374817,0.6537913680076599,3.088202333856316e-07,0.33491265773773193,0.6211038827896118,-0.023777427151799202,0.3595152497291565,0.5757051706314087,-0.03548603877425194,0.37341734766960144,0.5311715006828308,-0.044926390051841736,0.3898295760154724,0.49629196524620056,-0.05421677604317665,0.32253384590148926,0.48273661732673645,-0.022395743057131767,0.3317486643791199,0.4150265157222748,-0.036836668848991394,0.3358996510505676,0.3698750138282776,-0.049285270273685455,0.33788028359413147,0.3275614380836487,-0.05865621939301491,0.29751816391944885,0.47705739736557007,-0.020606936886906624,0.29534199833869934,0.4015073776245117,-0.0340079627931118,0.2928277850151062,0.35128891468048096,-0.04592536762356758,0.28978025913238525,0.3072805404663086,-0.05475978925824165,0.27497854828834534,0.489391952753067,-0.02127588726580143,0.26863643527030945,0.4189460575580597,-0.03511568903923035,0.26499873399734497,0.37299758195877075,-0.04510139673948288,0.26178136467933655,0.3320356011390686,-0.05169186741113663,0.25356101989746094,0.5154953002929688,-0.023973412811756134,0.24225586652755737,0.46144402027130127,-0.0373188853263855,0.23553746938705444,0.4252080023288727,-0.043961312621831894,0.23035138845443726,0.3893498182296753,-0.04784492030739784,Forward
0.3127043843269348,0.7559431791305542,2.917520873779722e-07,0.3516949415206909,0.7128992080688477,-0.01690768077969551,0.37556082010269165,0.660412609577179,-0.0212283656001091,0.38805609941482544,0.6072195172309875,-0.024675382301211357,0.39899635314941406,0.565623939037323,-0.02780953049659729,0.336966872215271,0.5833855271339417,-0.0010531428270041943,0.34518980979919434,0.517281174659729,-0.007835691794753075,0.348604291677475,0.47686487436294556,-0.01612759754061699,0.35071998834609985,0.4403991103172302,-0.02262416109442711,0.31400173902511597,0.5827287435531616,0.0005106310709379613,0.3120989501476288,0.5097514986991882,-0.005780529696494341,0.3106280267238617,0.4630315601825714,-0.01514688041061163,0.3095359206199646,0.42453521490097046,-0.022290373221039772,0.2927994430065155,0.5959843397140503,-0.0008162926533259451,0.28778189420700073,0.5311974883079529,-0.009165653958916664,0.28679877519607544,0.4903218448162079,-0.016796352341771126,0.28718703985214233,0.4546739459037781,-0.02179688774049282,0.2713235914707184,0.6186860203742981,-0.003981832880526781,0.26389989256858826,0.5688000917434692,-0.012522122822701931,0.2617112696170807,0.5354157090187073,-0.016551516950130463,0.26182907819747925,0.5026012063026428,-0.018776681274175644,Forward
0.2889409363269806,0.7767603397369385,2.6777800599120383e-07,0.32137712836265564,0.7352179288864136,-0.023144777864217758,0.33908313512802124,0.6741347312927246,-0.029573166742920876,0.3430893123149872,0.6147393584251404,-0.033356618136167526,0.3505428731441498,0.5676454901695251,-0.03633091598749161,0.30310308933258057,0.5913578867912292,-0.009221544489264488,0.3038082420825958,0.5185856819152832,-0.017282841727137566,0.30064401030540466,0.4723772406578064,-0.026297718286514282,0.29575249552726746,0.4310793876647949,-0.033628545701503754,0.28107744455337524,0.5923539996147156,-0.004914491903036833,0.2745243310928345,0.5167986750602722,-0.012076032347977161,0.2662070691585541,0.46575435996055603,-0.02169397845864296,0.25760334730148315,0.42474082112312317,-0.028983060270547867,0.2616633176803589,0.6087746620178223,-0.0037431262899190187,0.25337281823158264,0.5413777232170105,-0.012663365341722965,0.24871090054512024,0.49894312024116516,-0.021136527881026268,0.2438187450170517,0.4610787630081177,-0.026853619143366814,0.24180525541305542,0.6363370418548584,-0.004906188230961561,0.2328786998987198,0.5870805978775024,-0.014841240830719471,0.22757554054260254,0.5546236634254456,-0.02046927623450756,0.2234853357076645,0.5218098759651184,-0.02377322129905224,Forward
0.3003010153770447,0.7584463357925415,2.72322807859382e-07,0.3388651907444,0.7159494757652283,-0.015136579982936382,0.3612222373485565,0.660892903804779,-0.018981581553816795,0.3746155798435211,0.610336422920227,-0.022267386317253113,0.38790544867515564,0.5721651911735535,-0.025493022054433823,0.32509058713912964,0.5826506018638611,-0.002624205546453595,0.3336930274963379,0.5147096514701843,-0.00989947933703661,0.33761391043663025,0.4736992120742798,-0.017946824431419373,0.3403114676475525,0.4368261694908142,-0.024572651833295822,0.3014027774333954,0.5805653929710388,-0.0025780671276152134,0.29985710978507996,0.5066014528274536,-0.010546717792749405,0.29890719056129456,0.4575050175189972,-0.0206755343824625,0.29794031381607056,0.41627517342567444,-0.028200285509228706,0.27972251176834106,0.5939826965332031,-0.005114980973303318,0.27481788396835327,0.5262702107429504,-0.015252087265253067,0.27467086911201477,0.48180514574050903,-0.024749653413891792,0.2757122218608856,0.44197896122932434,-0.030923517420887947,0.25826379656791687,0.6187806725502014,-0.009148732759058475,0.25125062465667725,0.567105233669281,-0.02016168273985386,0.248896524310112,0.5311784744262695,-0.02659161016345024,0.24892917275428772,0.4955393373966217,-0.030395343899726868,Forward
0.3004509210586548,0.7538518309593201,2.647548456025106e-07,0.3346846103668213,0.7107851505279541,-0.013593854382634163,0.3541955351829529,0.6514791250228882,-0.018352065235376358,0.36889511346817017,0.6030356287956238,-0.022920159623026848,0.3816661834716797,0.5655410289764404,-0.027815962210297585,0.3199675977230072,0.5751193761825562,-0.005831457674503326,0.3277755379676819,0.5078079700469971,-0.015550912357866764,0.33290761709213257,0.46621009707450867,-0.02534467913210392,0.33736851811408997,0.42814403772354126,-0.03315095603466034,0.29773953557014465,0.5741062760353088,-0.0077824522741138935,0.29551970958709717,0.500455915927887,-0.01756594330072403,0.29615145921707153,0.4502287805080414,-0.028727836906909943,0.2974279224872589,0.4077555239200592,-0.03721782937645912,0.27794137597084045,0.5895693302154541,-0.012081993743777275,0.2720361649990082,0.5213803052902222,-0.023704607039690018,0.2735379934310913,0.4747045040130615,-0.03404029458761215,0.276793509721756,0.4333665072917938,-0.04109315574169159,0.2590624690055847,0.6167553067207336,-0.017690185457468033,0.25137269496917725,0.5643236637115479,-0.030049871653318405,0.25024184584617615,0.5265910029411316,-0.03732457756996155,0.25227662920951843,0.48902735114097595,-0.04209055006504059,Forward
0.29590684175491333,0.7480976581573486,2.9519773647734837e-07,0.3368813693523407,0.7051257491111755,-0.018888866528868675,0.36269232630729675,0.6462016105651855,-0.024707909673452377,0.37813910841941833,0.5930678248405457,-0.029224293306469917,0.39247751235961914,0.5526667237281799,-0.03365092724561691,0.32397493720054626,0.5571818351745605,-0.008182855322957039,0.33342984318733215,0.4835742115974426,-0.0174411628395319,0.33772900700569153,0.43817514181137085,-0.027223387733101845,0.34076377749443054,0.39677560329437256,-0.035205818712711334,0.29786601662635803,0.5543419122695923,-0.007397161331027746,0.29603874683380127,0.4732356071472168,-0.016424769535660744,0.2948264181613922,0.4198986291885376,-0.027672111988067627,0.2935910224914551,0.3751224875450134,-0.036317285150289536,0.27366456389427185,0.568577766418457,-0.009397591464221478,0.26869645714759827,0.4930601418018341,-0.020679358392953873,0.268123060464859,0.44470855593681335,-0.031197693198919296,0.2685464322566986,0.4018036127090454,-0.038317613303661346,0.24979808926582336,0.5953621864318848,-0.013180366717278957,0.24180753529071808,0.5381945371627808,-0.02567960135638714,0.23821130394935608,0.4993046224117279,-0.03297140449285507,0.23683986067771912,0.4605681300163269,-0.03741353750228882,Forward
0.31184542179107666,0.7389985918998718,1.84148973403353e-07,0.3376559317111969,0.7118667960166931,-0.013289747759699821,0.35449451208114624,0.6764306426048279,-0.017294855788350105,0.36139142513275146,0.6385829448699951,-0.020258769392967224,0.3678874671459198,0.608388364315033,-0.023053117096424103,0.3292591869831085,0.6207895874977112,-0.005537834484130144,0.33484429121017456,0.5734754800796509,-0.01162328477948904,0.3359082341194153,0.5444507598876953,-0.017643047496676445,0.3357236683368683,0.518112063407898,-0.022350477054715157,0.31374484300613403,0.6195560693740845,-0.00416727876290679,0.3139989376068115,0.5683445334434509,-0.0100153973326087,0.3127475380897522,0.5354654788970947,-0.016900913789868355,0.3110283613204956,0.5071920156478882,-0.022017570212483406,0.2993707060813904,0.6284942626953125,-0.004675560165196657,0.2964748442173004,0.5825352072715759,-0.011765915900468826,0.2953852415084839,0.5535532236099243,-0.017866702750325203,0.29456278681755066,0.5276665687561035,-0.02182941883802414,0.2845700979232788,0.6451355814933777,-0.0064629786647856236,0.2795126140117645,0.6114550232887268,-0.01416043471544981,0.2769332826137543,0.5877506732940674,-0.018434811383485794,0.2749808430671692,0.5646041631698608,-0.020837614312767982,Forward
0.29892629384994507,0.7527129650115967,2.1709401210046053e-07,0.3239555060863495,0.7273241281509399,-0.015651050955057144,0.339204341173172,0.6904839277267456,-0.020532723516225815,0.34461987018585205,0.6512490510940552,-0.023680970072746277,0.350755512714386,0.6189218163490295,-0.02634112350642681,0.31637492775917053,0.6318783760070801,-0.007011224515736103,0.3204677104949951,0.5832124352455139,-0.012908927164971828,0.32070380449295044,0.5526561141014099,-0.019115323200821877,0.3193117678165436,0.5245316028594971,-0.024023346602916718,0.3011527359485626,0.6299257874488831,-0.004118438810110092,0.3006148934364319,0.578787088394165,-0.009116233326494694,0.2981923818588257,0.5443618297576904,-0.015676742419600487,0.2949103116989136,0.5159308314323425,-0.020633114501833916,0.28702861070632935,0.6393009424209595,-0.0032764559146016836,0.28391480445861816,0.5938036441802979,-0.009699881076812744,0.2816678285598755,0.56393963098526,-0.01573210209608078,0.27911287546157837,0.5377498865127563,-0.019686957821249962,0.2723749876022339,0.6571051478385925,-0.00390328885987401,0.26786142587661743,0.6231992840766907,-0.011016558855772018,0.2649794816970825,0.6000846028327942,-0.015017927624285221,0.26242923736572266,0.5778763890266418,-0.01724255643785,Forward
0.3059849441051483,0.7555076479911804,2.0431878056115238e-07,0.3305884003639221,0.71934974193573,-0.011285579763352871,0.3442634046077728,0.6785901784896851,-0.014875305816531181,0.3516835570335388,0.6411901712417603,-0.0179677065461874,0.35866162180900574,0.6120900511741638,-0.021108603104948997,0.31480056047439575,0.6285751461982727,-0.0031940999906510115,0.3176344037055969,0.580228328704834,-0.009384817443788052,0.31891322135925293,0.5506388545036316,-0.016060765832662582,0.31970810890197754,0.5232686400413513,-0.021342288702726364,0.29862868785858154,0.6307011842727661,-0.002956912387162447,0.2939308285713196,0.5802302956581116,-0.009099453687667847,0.29201558232307434,0.5461318492889404,-0.016756512224674225,0.29082024097442627,0.5161034464836121,-0.022578919306397438,0.2844618558883667,0.6434274315834045,-0.004540452267974615,0.27821528911590576,0.5976738929748535,-0.012039785273373127,0.27688202261924744,0.5660995841026306,-0.01877782493829727,0.27651119232177734,0.5377129316329956,-0.02324635162949562,0.2709539830684662,0.663554310798645,-0.007197818253189325,0.2644176781177521,0.6278483867645264,-0.0149903055280447,0.2619571387767792,0.602319598197937,-0.01928737945854664,0.2610194683074951,0.576632022857666,-0.02189648151397705,Forward
0.3090839087963104,0.7608734369277954,2.1414854245449533e-07,0.3320150673389435,0.7303140163421631,-0.015387529507279396,0.3465839624404907,0.6947864294052124,-0.022153792902827263,0.3527393341064453,0.6594706773757935,-0.027459701523184776,0.35900354385375977,0.630158007144928,-0.032478488981723785,0.31677642464637756,0.6386898159980774,-0.010292645543813705,0.31905192136764526,0.5909585952758789,-0.018171710893511772,0.3185149133205414,0.5611894726753235,-0.02570897713303566,0.316555380821228,0.5339370965957642,-0.031462978571653366,0.3001950979232788,0.6394782662391663,-0.008540329523384571,0.29542076587677,0.5885151624679565,-0.01579936221241951,0.29069122672080994,0.5557467937469482,-0.02345273457467556,0.28575384616851807,0.5280174016952515,-0.029103461652994156,0.2860778570175171,0.6515000462532043,-0.008601461537182331,0.27918189764022827,0.6059244275093079,-0.016427941620349884,0.27484601736068726,0.5762048959732056,-0.022876430302858353,0.27073192596435547,0.5503793954849243,-0.027125071734189987,0.2728622853755951,0.6722275018692017,-0.010042872279882431,0.26473546028137207,0.6381425857543945,-0.017806798219680786,0.25954896211624146,0.6152035593986511,-0.02176825702190399,0.25506243109703064,0.5931086540222168,-0.023984646424651146,Forward
0.29381370544433594,0.758612871170044,2.292822927074667e-07,0.32242029905319214,0.7327032685279846,-0.013616601936519146,0.3408970832824707,0.6980351209640503,-0.01769717037677765,0.34994184970855713,0.6601247787475586,-0.020598111674189568,0.35863375663757324,0.6295854449272156,-0.023266298696398735,0.31717491149902344,0.6382978558540344,-0.0043741450645029545,0.3245052397251129,0.5898675322532654,-0.00997740775346756,0.32792410254478455,0.5602364540100098,-0.01616191491484642,0.3300313651561737,0.5326600670814514,-0.02113770693540573,0.3006957769393921,0.6344333291053772,-0.002732114167883992,0.30180805921554565,0.5819927453994751,-0.00827900879085064,0.3022216558456421,0.5467548370361328,-0.01579524204134941,0.3021717369556427,0.5163431167602539,-0.021440282464027405,0.285025030374527,0.6420373320579529,-0.003029334358870983,0.2837214767932892,0.5934215188026428,-0.01026010699570179,0.2844056785106659,0.5619921088218689,-0.017206579446792603,0.2852307856082916,0.5338304042816162,-0.021712526679039,0.26882365345954895,0.6575910449028015,-0.004537544213235378,0.26611170172691345,0.6199681162834167,-0.012313665822148323,0.2653711438179016,0.5945679545402527,-0.01686171256005764,0.2657730281352997,0.5695368647575378,-0.019497713074088097,Forward
0.2848467528820038,0.7606925368309021,2.439959985167661e-07,0.313538134098053,0.7450421452522278,-0.014883001334965229,0.3355831503868103,0.7156952619552612,-0.01973745971918106,0.34817126393318176,0.6810639500617981,-0.02298111654818058,0.3595098555088043,0.652910590171814,-0.025858212262392044,0.31918707489967346,0.6479164361953735,-0.006892195902764797,0.3312201201915741,0.6020750999450684,-0.012792682275176048,0.3364264667034149,0.5731697082519531,-0.01895502582192421,0.33987993001937866,0.5459370017051697,-0.02392394468188286,0.30321165919303894,0.6383835673332214,-0.0047865440137684345,0.3099004626274109,0.5865719318389893,-0.010291872546076775,0.3133326768875122,0.5518534183502197,-0.01749158650636673,0.31533581018447876,0.5220737457275391,-0.022824138402938843,0.28720369935035706,0.6412960290908813,-0.004589890129864216,0.2903194725513458,0.5929657816886902,-0.01183268427848816,0.293511301279068,0.5628919005393982,-0.018674444407224655,0.2961781322956085,0.5354441404342651,-0.0230589359998703,0.27005481719970703,0.6533491611480713,-0.0056640529073774815,0.2707682251930237,0.6161116361618042,-0.013628697954118252,0.2719084620475769,0.5918895602226257,-0.018203407526016235,0.2737624943256378,0.5677474737167358,-0.02072976529598236,Forward
0.290876567363739,0.7604517340660095,1.734745609383026e-07,0.3161165416240692,0.7276339530944824,-0.015165512450039387,0.3315753638744354,0.6871688365936279,-0.019968194887042046,0.3341251611709595,0.645488977432251,-0.023337673395872116,0.3376763164997101,0.6110432744026184,-0.026414867490530014,0.3019849956035614,0.6375336050987244,-0.007002844940871,0.30124109983444214,0.5880007743835449,-0.013492540456354618,0.2978602945804596,0.5578739643096924,-0.01986074447631836,0.29363998770713806,0.5309640169143677,-0.02488965541124344,0.2863595485687256,0.6409021615982056,-0.004798100329935551,0.2803540825843811,0.5906077027320862,-0.011015447787940502,0.2743213474750519,0.5576438307762146,-0.018261533230543137,0.2683863639831543,0.5299348831176758,-0.02371329814195633,0.27271223068237305,0.6539428234100342,-0.0046237679198384285,0.26528626680374146,0.60919588804245,-0.01213357225060463,0.2608892023563385,0.5802614688873291,-0.01835828460752964,0.25691908597946167,0.5543709993362427,-0.022441532462835312,0.2589946389198303,0.6742929816246033,-0.005890438798815012,0.2503730058670044,0.6417744755744934,-0.013878713361918926,0.24541212618350983,0.6189999580383301,-0.01825430803000927,0.2412177324295044,0.5964451432228088,-0.02075735479593277,Forward
0.28136226534843445,0.7712329030036926,1.9290951058792416e-07,0.30747920274734497,0.7365360856056213,-0.011134938336908817,0.3224318325519562,0.6950063109397888,-0.014486285857856274,0.33114415407180786,0.657081663608551,-0.01747489720582962,0.33894962072372437,0.6274494528770447,-0.02054508775472641,0.2930345833301544,0.6406511068344116,-0.002534187398850918,0.2972642183303833,0.5915555953979492,-0.00872399564832449,0.29921597242355347,0.561596691608429,-0.015664011240005493,0.3004707992076874,0.5336858630180359,-0.021162111312150955,0.27644747495651245,0.6419938802719116,-0.0026699621230363846,0.27362126111984253,0.5894117951393127,-0.008526751771569252,0.2720247209072113,0.5541430115699768,-0.016223613172769547,0.2707836627960205,0.5232440233230591,-0.022176774218678474,0.26168951392173767,0.6544002890586853,-0.004710270091891289,0.2566315829753876,0.6065251231193542,-0.011973732151091099,0.25580698251724243,0.5746690630912781,-0.018486104905605316,0.2559973895549774,0.5456233620643616,-0.0228879377245903,0.24742165207862854,0.6746948957443237,-0.00791205745190382,0.2412239909172058,0.6376549005508423,-0.015598971396684647,0.23901495337486267,0.6114363074302673,-0.01969228684902191,0.2384374737739563,0.5848169326782227,-0.022202499210834503,Forward
0.2823287844657898,0.7738227248191833,1.905015949432709e-07,0.3076983094215393,0.7399817109107971,-0.013171453028917313,0.3239065706729889,0.6999704241752625,-0.018148310482501984,0.33284053206443787,0.6626642942428589,-0.022381555289030075,0.34176748991012573,0.6333635449409485,-0.026709776371717453,0.29392391443252563,0.6436286568641663,-0.0070723588578403,0.2975751459598541,0.5953370928764343,-0.01467775460332632,0.29858285188674927,0.5657498240470886,-0.022395282983779907,0.29883912205696106,0.537461519241333,-0.028465155512094498,0.27642759680747986,0.6449254155158997,-0.00677923858165741,0.27287736535072327,0.5930815935134888,-0.013826659880578518,0.27017971873283386,0.5593193769454956,-0.0218691173940897,0.26763173937797546,0.5290209054946899,-0.02806474268436432,0.26087144017219543,0.6578571200370789,-0.00835987739264965,0.2553338408470154,0.6108685731887817,-0.016463305801153183,0.2533923387527466,0.5804191827774048,-0.02299424447119236,0.25209498405456543,0.5520444512367249,-0.027457693591713905,0.24601058661937714,0.6793177127838135,-0.011235888116061687,0.2388618439435959,0.6438404321670532,-0.019545594230294228,0.23540973663330078,0.6193493604660034,-0.02370472066104412,0.23311211168766022,0.594016969203949,-0.026201002299785614,Forward
0.35309261083602905,0.7811381816864014,3.042409559839143e-07,0.33110031485557556,0.7210851907730103,0.0072105503641068935,0.33597877621650696,0.6721804738044739,0.003985973075032234,0.3539488911628723,0.6445125937461853,-0.0009540027822367847,0.3718588948249817,0.6404743194580078,-0.006017562001943588,0.3343978822231293,0.6393666863441467,-0.013122444041073322,0.33332183957099915,0.5646474361419678,-0.02320980653166771,0.33199945092201233,0.5148189067840576,-0.029082419350743294,0.3319960832595825,0.47720909118652344,-0.03222426399588585,0.3592016398906708,0.6424837708473206,-0.02021997608244419,0.37068119645118713,0.5634843111038208,-0.02878749743103981,0.37810036540031433,0.5116258859634399,-0.03271227329969406,0.3839150071144104,0.4732851982116699,-0.03405369818210602,0.38287436962127686,0.6595597863197327,-0.024552881717681885,0.3924201726913452,0.6252532601356506,-0.024717696011066437,0.3866824209690094,0.640275239944458,-0.015312936156988144,0.3805362284183502,0.6582728028297424,-0.006791063584387302,0.40063172578811646,0.6863362789154053,-0.0287700816988945,0.40476006269454956,0.6587228178977966,-0.021511508151888847,0.40001165866851807,0.6689831018447876,-0.007614661939442158,0.3964320421218872,0.6842846274375916,0.004115267191082239,Backward
0.30555227398872375,0.6908262968063354,2.702968231460545e-07,0.3195725679397583,0.6684139966964722,-0.010358238592743874,0.32567736506462097,0.6294338703155518,-0.015266782604157925,0.31923162937164307,0.6025118231773376,-0.020225869491696358,0.3038761019706726,0.5985778570175171,-0.024598736315965652,0.30441075563430786,0.5831208825111389,-0.009253262542188168,0.306721955537796,0.5393224358558655,-0.018267367035150528,0.30724525451660156,0.5108222961425781,-0.023686502128839493,0.30710241198539734,0.48613959550857544,-0.026615343987941742,0.289409339427948,0.5905432105064392,-0.010878190398216248,0.28244784474372864,0.5467898845672607,-0.023509133607149124,0.2782951891422272,0.5155658721923828,-0.03123852051794529,0.27415165305137634,0.4881674647331238,-0.034314367920160294,0.2778410017490387,0.6085667014122009,-0.013307719491422176,0.2850322127342224,0.5941674709320068,-0.03139904886484146,0.2999112904071808,0.6194077730178833,-0.03478792682290077,0.3086104094982147,0.6390213370323181,-0.03114413283765316,0.2697486877441406,0.6330231428146362,-0.01623191125690937,0.2787207365036011,0.6207489371299744,-0.029965698719024658,0.2938712537288666,0.6339189410209656,-0.030450789257884026,0.303571879863739,0.6465033292770386,-0.026802245527505875,Backward
0.3020740747451782,0.682500422000885,2.673822905308043e-07,0.31845903396606445,0.6557116508483887,-0.008730591274797916,0.32569217681884766,0.616588294506073,-0.012048628181219101,0.3216758966445923,0.5818594694137573,-0.01597692258656025,0.3063247799873352,0.5723433494567871,-0.01938151940703392,0.3011954128742218,0.5909004807472229,-0.0029546176083385944,0.3048950433731079,0.5450671315193176,-0.009593038819730282,0.3069138526916504,0.5173258185386658,-0.013794203288853168,0.3081974387168884,0.49225690960884094,-0.01628108322620392,0.2895832657814026,0.5928096175193787,-0.004527401179075241,0.2832458019256592,0.5412934422492981,-0.0147768035531044,0.28288838267326355,0.5085892081260681,-0.02175494097173214,0.2818740904331207,0.47965583205223083,-0.025030001997947693,0.2798055112361908,0.6032159328460693,-0.007277864031493664,0.28708139061927795,0.5702833533287048,-0.02476823702454567,0.3032471537590027,0.5913907885551453,-0.029431065544486046,0.3117404282093048,0.6123694181442261,-0.027008038014173508,0.2712526321411133,0.6186699271202087,-0.010295418091118336,0.2804228961467743,0.5891517996788025,-0.024377988651394844,0.29524916410446167,0.5973992347717285,-0.026580914855003357,0.3041735589504242,0.6122817397117615,-0.024664904922246933,Backward
0.30098187923431396,0.6847050189971924,2.648490635692724e-07,0.3172093331813812,0.6607840061187744,-0.009637252427637577,0.326595664024353,0.6223153471946716,-0.01355348527431488,0.3220168352127075,0.5894458889961243,-0.01741286739706993,0.30684587359428406,0.5779457092285156,-0.020668044686317444,0.31040725111961365,0.5862997770309448,-0.007122365292161703,0.3164253234863281,0.5415996313095093,-0.014653874561190605,0.31946560740470886,0.5145132541656494,-0.01922851987183094,0.3216758966445923,0.4906753897666931,-0.021796656772494316,0.2969111204147339,0.5883564352989197,-0.008112216368317604,0.29348957538604736,0.5372414588928223,-0.019148504361510277,0.29271399974823,0.5035736560821533,-0.026286963373422623,0.2912164628505707,0.47549793124198914,-0.02955305390059948,0.28499841690063477,0.6001378893852234,-0.009894979186356068,0.2890969514846802,0.5747448205947876,-0.02602819912135601,0.30186355113983154,0.5983797907829285,-0.028687341138720512,0.30861741304397583,0.6192969083786011,-0.025260448455810547,0.2741846442222595,0.6173443794250488,-0.012110966257750988,0.28152939677238464,0.5949965715408325,-0.024223439395427704,0.29345110058784485,0.6086171865463257,-0.02408852055668831,0.29945576190948486,0.6238008737564087,-0.020661499351263046,Backward
0.31024038791656494,0.6889562606811523,2.5485664423285925e-07,0.3213566541671753,0.666105329990387,-0.01815330982208252,0.31683599948883057,0.6323691606521606,-0.02227495238184929,0.30190765857696533,0.605718731880188,-0.023763807490468025,0.2876778244972229,0.5884615778923035,-0.0240947213023901,0.32671526074409485,0.5886749625205994,-0.010407962836325169,0.3280092179775238,0.5416657328605652,-0.019005144014954567,0.3261730372905731,0.5115442872047424,-0.024613643065094948,0.3231302499771118,0.4851222336292267,-0.02763795480132103,0.3118323087692261,0.5876187086105347,-0.006110368762165308,0.30935952067375183,0.5402027368545532,-0.01595538668334484,0.30258259177207947,0.5091110467910767,-0.02232503518462181,0.2969256341457367,0.48078978061676025,-0.02431434951722622,0.29945164918899536,0.5977116823196411,-0.00402004923671484,0.2864939868450165,0.5809648036956787,-0.020645519718527794,0.2888719141483307,0.6092150211334229,-0.02558494172990322,0.2941378951072693,0.626181423664093,-0.02286318875849247,0.28958603739738464,0.6154554486274719,-0.0030430827755481005,0.2794981002807617,0.6029459834098816,-0.016959691420197487,0.2832302749156952,0.620018482208252,-0.018997717648744583,0.2898477613925934,0.6325258016586304,-0.016326842829585075,Backward
0.3134289085865021,0.6946728825569153,2.4729465053496824e-07,0.32676810026168823,0.6707146167755127,-0.010478273965418339,0.3319418132305145,0.6362197399139404,-0.016014937311410904,0.3214012384414673,0.6183510422706604,-0.021636560559272766,0.3056899309158325,0.6156732439994812,-0.026837622746825218,0.3138878643512726,0.5871320962905884,-0.009233490563929081,0.31409749388694763,0.5464174151420593,-0.019236387684941292,0.3127623200416565,0.5193976163864136,-0.025400541722774506,0.3109971582889557,0.4961969256401062,-0.028585415333509445,0.2983728349208832,0.5964468717575073,-0.010968231596052647,0.2892957627773285,0.5559688806533813,-0.024049153551459312,0.2822372317314148,0.5271687507629395,-0.03192099928855896,0.27596133947372437,0.5023410320281982,-0.034831348806619644,0.2870529294013977,0.6163276433944702,-0.013645824044942856,0.2878262996673584,0.6081785559654236,-0.03229989483952522,0.302298903465271,0.6318822503089905,-0.0359528623521328,0.3123771846294403,0.6493893265724182,-0.03220456838607788,0.27869999408721924,0.6427055597305298,-0.016730817034840584,0.2822991609573364,0.6335937976837158,-0.03060581348836422,0.296512633562088,0.6475838422775269,-0.030571846291422844,0.30704888701438904,0.6588826775550842,-0.026357030496001244,Backward
0.3103392720222473,0.6805281639099121,2.1712328646117385e-07,0.3275831341743469,0.6545000672340393,-0.008633468300104141,0.33721640706062317,0.6181515455245972,-0.01220766268670559,0.33545583486557007,0.582863450050354,-0.016215236857533455,0.3209501802921295,0.56879061460495,-0.01970190554857254,0.3175041377544403,0.5884284973144531,-0.004488334059715271,0.323062002658844,0.5418187379837036,-0.010916737839579582,0.32582899928092957,0.5152498483657837,-0.014999964274466038,0.32767632603645325,0.4908014237880707,-0.017571790143847466,0.30579447746276855,0.588482677936554,-0.005907276179641485,0.3016868233680725,0.536820113658905,-0.01626521162688732,0.3017961084842682,0.5032437443733215,-0.02369152009487152,0.3009050786495209,0.47503477334976196,-0.027664467692375183,0.29543134570121765,0.5970668196678162,-0.008234436623752117,0.30246269702911377,0.5645709037780762,-0.024143025279045105,0.31705060601234436,0.5839455127716064,-0.028564058244228363,0.3243557810783386,0.6046687960624695,-0.026808280497789383,0.2860119342803955,0.6097331643104553,-0.010884408839046955,0.2944394052028656,0.5810879468917847,-0.023440083488821983,0.3076883852481842,0.5912508368492126,-0.025168607011437416,0.31503531336784363,0.6079736948013306,-0.02341441810131073,Backward
0.31307557225227356,0.6812704801559448,2.4841932599883876e-07,0.3284100592136383,0.657950758934021,-0.010202557779848576,0.33332306146621704,0.6225539445877075,-0.013440935872495174,0.32431161403656006,0.5903304815292358,-0.0162624754011631,0.31018444895744324,0.5742831230163574,-0.01855318248271942,0.33730846643447876,0.5860987901687622,-0.004769442602992058,0.3457857668399811,0.5412716269493103,-0.01166915986686945,0.34979957342147827,0.5142038464546204,-0.016703352332115173,0.3519674241542816,0.4897559881210327,-0.019847864285111427,0.32233646512031555,0.5825091004371643,-0.004312840756028891,0.3225812017917633,0.5343756675720215,-0.012496684677898884,0.32163205742836,0.5036545395851135,-0.01817849837243557,0.3202105164527893,0.47648248076438904,-0.02066497504711151,0.3094993829727173,0.5907121896743774,-0.004988823086023331,0.3025783598423004,0.5643777251243591,-0.018039802089333534,0.3063935935497284,0.5886733531951904,-0.01996706612408161,0.3098352253437042,0.6086587905883789,-0.01679065078496933,0.2977391481399536,0.6064159274101257,-0.006285604555159807,0.294189453125,0.5850889086723328,-0.017183871939778328,0.298851877450943,0.5995945930480957,-0.01659930869936943,0.3032342791557312,0.6151264905929565,-0.012926382012665272,Backward
0.3194560110569,0.6952712535858154,2.6727894919531536e-07,0.3317187428474426,0.67585688829422,-0.01601315103471279,0.32886001467704773,0.6494643092155457,-0.023411881178617477,0.3133063316345215,0.6296393871307373,-0.029435906559228897,0.2981710731983185,0.6144856214523315,-0.03475000336766243,0.32715174555778503,0.5937559008598328,-0.01174826081842184,0.3295600414276123,0.5539068579673767,-0.022652897983789444,0.32885244488716125,0.5266361832618713,-0.03019099123775959,0.3269559144973755,0.5022884607315063,-0.03460438922047615,0.31194043159484863,0.5935960412025452,-0.010478471405804157,0.3057888150215149,0.549185037612915,-0.022748125717043877,0.298484742641449,0.5204912424087524,-0.02989736944437027,0.2909376621246338,0.49436911940574646,-0.032361891120672226,0.3005376160144806,0.6065456867218018,-0.010995088145136833,0.28915587067604065,0.5966274738311768,-0.029451986774802208,0.29631733894348145,0.625673770904541,-0.03244326636195183,0.3029279112815857,0.6443048119544983,-0.028317652642726898,0.29207560420036316,0.6279376745223999,-0.012462704442441463,0.28206828236579895,0.6198416352272034,-0.027280479669570923,0.2887284755706787,0.6389729976654053,-0.02719065174460411,0.2960776686668396,0.6524623036384583,-0.022754602134227753,Backward
0.32187071442604065,0.6831955313682556,2.915556649440987e-07,0.33753734827041626,0.6668710708618164,-0.010537547059357166,0.34859707951545715,0.6313548684120178,-0.01563885621726513,0.34710463881492615,0.602465033531189,-0.020607654005289078,0.33352506160736084,0.5966211557388306,-0.024930745363235474,0.3325590193271637,0.5807693004608154,-0.008854510262608528,0.33925390243530273,0.5383946299552917,-0.01725742593407631,0.34251657128334045,0.5117790102958679,-0.022287091240286827,0.34466850757598877,0.4889591932296753,-0.024905377998948097,0.318310022354126,0.5831560492515564,-0.010429679416120052,0.315851092338562,0.5352133512496948,-0.021961497142910957,0.315706729888916,0.5032364726066589,-0.028696121647953987,0.3147563338279724,0.4756423830986023,-0.03122563287615776,0.30599331855773926,0.5963045954704285,-0.01296264212578535,0.31245124340057373,0.5787138342857361,-0.030152756720781326,0.32400402426719666,0.6062399744987488,-0.032792191952466965,0.3298065960407257,0.6276008486747742,-0.028837524354457855,0.2953738570213318,0.6160504817962646,-0.01601855829358101,0.3040708601474762,0.5997505187988281,-0.028616316616535187,0.31538814306259155,0.61597740650177,-0.02805483713746071,0.32103079557418823,0.6311317086219788,-0.024015773087739944,Backward
0.323499858379364,0.6813498139381409,2.8856231892859796e-07,0.33020833134651184,0.6660768985748291,-0.0218154676258564,0.3258766531944275,0.6360090970993042,-0.026487918570637703,0.3121989369392395,0.6133894324302673,-0.027177637442946434,0.30036455392837524,0.5978118181228638,-0.0263531357049942,0.3375568687915802,0.5876917243003845,-0.014058424159884453,0.3404507637023926,0.5453816056251526,-0.021969430148601532,0.33938392996788025,0.515416145324707,-0.02689063735306263,0.33726245164871216,0.48960691690444946,-0.029347844421863556,0.32518118619918823,0.5855574011802673,-0.007494356483221054,0.32630905508995056,0.5381919741630554,-0.01601223275065422,0.32064634561538696,0.5072868466377258,-0.021393023431301117,0.3161790072917938,0.4804752469062805,-0.02265140414237976,0.31475451588630676,0.5938311815261841,-0.003427143208682537,0.30213069915771484,0.5781973600387573,-0.019537482410669327,0.29846248030662537,0.6054139137268066,-0.025474103167653084,0.299875944852829,0.6230788230895996,-0.023394742980599403,0.30704402923583984,0.6080124378204346,-0.0007264311425387859,0.2961522340774536,0.597317099571228,-0.014204324223101139,0.29570892453193665,0.6150540709495544,-0.01713414303958416,0.29891324043273926,0.6300092935562134,-0.015271134674549103,Backward
0.32487910985946655,0.6838679313659668,2.637159184359916e-07,0.3403641879558563,0.6635074615478516,-0.011286867782473564,0.3446113169193268,0.6305250525474548,-0.016407757997512817,0.33370858430862427,0.6063587069511414,-0.021042851731181145,0.31856265664100647,0.5949498414993286,-0.025317665189504623,0.3412749767303467,0.5816729664802551,-0.00856889970600605,0.3474099934101105,0.5387116074562073,-0.01718238741159439,0.34989285469055176,0.5106514096260071,-0.02292480506002903,0.35110896825790405,0.4867866039276123,-0.025959931313991547,0.32597434520721436,0.5815309286117554,-0.008897170424461365,0.32313427329063416,0.5345433354377747,-0.01911887712776661,0.3205472230911255,0.5017364025115967,-0.025432465597987175,0.31771066784858704,0.47420889139175415,-0.027672428637742996,0.3132663667201996,0.5935295820236206,-0.010309232398867607,0.3085342049598694,0.5773401856422424,-0.025924434885382652,0.31585952639579773,0.6057537198066711,-0.027873441576957703,0.3205639123916626,0.6276115775108337,-0.023655591532588005,0.30231332778930664,0.6128777861595154,-0.012302746064960957,0.2995418310165405,0.5945430994033813,-0.023976802825927734,0.30646198987960815,0.6129608750343323,-0.022041819989681244,0.3112332820892334,0.6301525831222534,-0.01688000187277794,Backward
0.31143343448638916,0.7597496509552002,3.3714019309627474e-07,0.33037450909614563,0.7285671830177307,-0.023319898173213005,0.3296908438205719,0.6794529557228088,-0.031668178737163544,0.31423792243003845,0.6377320289611816,-0.03804512321949005,0.29390749335289,0.608293890953064,-0.04324350506067276,0.3348916172981262,0.6083505749702454,-0.011979076080024242,0.3380066454410553,0.54612797498703,-0.02373501844704151,0.3368486166000366,0.5057387351989746,-0.03230893239378929,0.3337703049182892,0.47134995460510254,-0.03787757456302643,0.31376346945762634,0.6079875826835632,-0.008576767519116402,0.3078315258026123,0.5432990193367004,-0.023477796465158463,0.3005754053592682,0.4995400309562683,-0.033832404762506485,0.29313409328460693,0.46117591857910156,-0.03844962641596794,0.29561448097229004,0.6249986886978149,-0.007980412803590298,0.2816125154495239,0.5964621901512146,-0.03179711848497391,0.28993040323257446,0.6359884142875671,-0.037553075700998306,0.2975059151649475,0.6647830605506897,-0.0338207446038723,0.28034165501594543,0.6523953080177307,-0.008909497410058975,0.27114972472190857,0.6261606216430664,-0.029376596212387085,0.27920830249786377,0.6523381471633911,-0.03157927468419075,0.28771552443504333,0.6749523282051086,-0.027844954282045364,Backward
0.32785192131996155,0.7549846172332764,3.48647262171653e-07,0.34674954414367676,0.717332661151886,-0.011008010245859623,0.3547305166721344,0.6625261306762695,-0.01670071855187416,0.35129255056381226,0.6159138083457947,-0.023871244862675667,0.3316333591938019,0.5974715948104858,-0.030279822647571564,0.31750214099884033,0.6258272528648376,-0.004427788313478231,0.31824323534965515,0.5618839859962463,-0.013985440135002136,0.3203263580799103,0.5233692526817322,-0.02000267617404461,0.32119765877723694,0.48844027519226074,-0.02396414615213871,0.30288010835647583,0.6302935481071472,-0.008176703006029129,0.2922614514827728,0.5619356036186218,-0.02303626574575901,0.2905862331390381,0.5161697864532471,-0.03313484042882919,0.287699818611145,0.47653645277023315,-0.038174111396074295,0.29173246026039124,0.6461790204048157,-0.01356945838779211,0.30383607745170593,0.5971353054046631,-0.03719848766922951,0.3287128806114197,0.6224257349967957,-0.04330407455563545,0.3423559069633484,0.6474782824516296,-0.040405258536338806,0.2843078374862671,0.6676185131072998,-0.01952945441007614,0.2984515428543091,0.6273493766784668,-0.03945394977927208,0.3207375705242157,0.6357249617576599,-0.04389144852757454,0.3354867696762085,0.6522668600082397,-0.04248025640845299,Backward
0.3244073688983917,0.7288857102394104,2.0383480148211675e-07,0.35232973098754883,0.6909263730049133,-0.011332225054502487,0.3586941659450531,0.6352138519287109,-0.012181326746940613,0.3526313006877899,0.5806106328964233,-0.013465233147144318,0.33585360646247864,0.5557765960693359,-0.014381452463567257,0.3488851487636566,0.6112231016159058,0.0031790421344339848,0.3604239821434021,0.5562947988510132,0.0012195181334391236,0.3643033504486084,0.5229964256286621,-3.559164179023355e-05,0.3666212558746338,0.49476319551467896,-0.0017236394342035055,0.33272233605384827,0.6061163544654846,0.0041031367145478725,0.3320576548576355,0.5447812676429749,-0.00017033115727826953,0.3327813148498535,0.5054814219474792,-0.0037759526167064905,0.33267998695373535,0.4758259654045105,-0.0067144460044801235,0.31787869334220886,0.6125447154045105,0.0025434927083551884,0.31608065962791443,0.5608203411102295,-0.010858799330890179,0.3295997977256775,0.574981689453125,-0.018217595294117928,0.33792710304260254,0.6018368005752563,-0.019840627908706665,0.3019760847091675,0.6239291429519653,0.00028394482797011733,0.30467331409454346,0.5845336318016052,-0.013521667569875717,0.3170343041419983,0.5866508483886719,-0.02054300531744957,0.3265870213508606,0.6034534573554993,-0.023763209581375122,Backward
0.3214956820011139,0.6943567991256714,2.5981378826145374e-07,0.34380415081977844,0.6710056066513062,-0.015565766952931881,0.3522007167339325,0.6303606629371643,-0.022914301604032516,0.3404614329338074,0.5976293683052063,-0.030202137306332588,0.32360878586769104,0.5742884278297424,-0.0368800014257431,0.35163432359695435,0.5582265257835388,-0.011315664276480675,0.36094939708709717,0.505339503288269,-0.023733410984277725,0.36480119824409485,0.4701484143733978,-0.031799301505088806,0.3669581115245819,0.4389396607875824,-0.03640005737543106,0.3311684727668762,0.5551179051399231,-0.012565958313643932,0.32983651757240295,0.4955211877822876,-0.027395855635404587,0.32760748267173767,0.45380276441574097,-0.03623606264591217,0.32482337951660156,0.41860195994377136,-0.039757512509822845,0.3127932548522949,0.5708816051483154,-0.015747571364045143,0.30784761905670166,0.5498692989349365,-0.038175638765096664,0.31682252883911133,0.5901136994361877,-0.042901661247015,0.32350558042526245,0.6187217831611633,-0.039026644080877304,0.29638928174972534,0.597567081451416,-0.019790546968579292,0.294855535030365,0.5807689428329468,-0.03754560649394989,0.30433061718940735,0.6071144342422485,-0.038217101246118546,0.3128383755683899,0.6286695599555969,-0.033916544169187546,Backward
0.3211958110332489,0.7134249210357666,2.8536331342365884e-07,0.33956050872802734,0.6764554381370544,-0.014170574024319649,0.3423917591571808,0.6233275532722473,-0.018884891644120216,0.3284298777580261,0.5783422589302063,-0.023016363382339478,0.3071454167366028,0.5593477487564087,-0.02648358792066574,0.3379499614238739,0.5732637643814087,-0.008189123123884201,0.3419435918331146,0.5110682845115662,-0.01623307354748249,0.3418879806995392,0.4754936695098877,-0.021788494661450386,0.34083157777786255,0.44332748651504517,-0.02550869807600975,0.31910935044288635,0.5752054452896118,-0.007944016717374325,0.3127968907356262,0.5108984112739563,-0.01890319027006626,0.3082118034362793,0.4690712094306946,-0.0265341829508543,0.3033633828163147,0.4345284700393677,-0.030436251312494278,0.3032328188419342,0.5928053855895996,-0.009096750989556313,0.2945638597011566,0.5591764450073242,-0.027008241042494774,0.3067728877067566,0.5881255865097046,-0.03004942275583744,0.3149394392967224,0.6155312061309814,-0.02647312730550766,0.28912487626075745,0.6193710565567017,-0.011088569648563862,0.2855788469314575,0.5863727927207947,-0.026099950075149536,0.29769355058670044,0.6025460958480835,-0.025891589000821114,0.30656522512435913,0.6236451864242554,-0.021850351244211197,Backward
0.32607170939445496,0.6957473158836365,3.1184606541501125e-07,0.35000723600387573,0.6810223460197449,-0.015821103006601334,0.36497554183006287,0.6364572644233704,-0.02205226570367813,0.3628259599208832,0.5866795182228088,-0.027234027162194252,0.34759092330932617,0.5538254380226135,-0.03174757584929466,0.3690609931945801,0.5782685279846191,-0.011209340766072273,0.3859668970108032,0.5244160294532776,-0.020917383953928947,0.3945542871952057,0.4911677837371826,-0.027260690927505493,0.4012811779975891,0.4611227214336395,-0.031108051538467407,0.3513284921646118,0.568047821521759,-0.010616541840136051,0.3603743612766266,0.504442572593689,-0.022323202341794968,0.3667947053909302,0.4637281894683838,-0.029329191893339157,0.3710060119628906,0.4284594655036926,-0.03237204626202583,0.3327866494655609,0.5749832987785339,-0.011591263115406036,0.3347401022911072,0.5394161343574524,-0.030692394822835922,0.33964160084724426,0.575941801071167,-0.03272233158349991,0.34043028950691223,0.605598509311676,-0.027984030544757843,0.3138737380504608,0.5922271013259888,-0.013470706529915333,0.31913304328918457,0.5616172552108765,-0.029420355334877968,0.3263917863368988,0.5858467817306519,-0.02834952436387539,0.3286541700363159,0.6096814274787903,-0.02328602224588394,Backward
0.3160533010959625,0.7503212690353394,2.521635451557813e-07,0.32976001501083374,0.6952793002128601,-0.009313743561506271,0.32478609681129456,0.6468788385391235,-0.011591693386435509,0.30556821823120117,0.6055930256843567,-0.014020231552422047,0.28309279680252075,0.5999143719673157,-0.016028985381126404,0.3120867908000946,0.6138607263565063,-0.004153103101998568,0.30541670322418213,0.5486529469490051,-0.00869130901992321,0.3000321388244629,0.5149659514427185,-0.012385834939777851,0.2931452989578247,0.4827693700790405,-0.016108162701129913,0.29403483867645264,0.6207559704780579,-0.00443695206195116,0.2787091135978699,0.565833330154419,-0.01554209366440773,0.2670099437236786,0.5272086262702942,-0.02518804743885994,0.2562471628189087,0.4937112033367157,-0.031871333718299866,0.28125759959220886,0.6421718597412109,-0.005013569258153439,0.26869505643844604,0.6067958474159241,-0.019413040950894356,0.2850109338760376,0.6270834803581238,-0.022105557844042778,0.2964423894882202,0.6487043499946594,-0.020201457664370537,0.27064621448516846,0.6725265979766846,-0.006082410458475351,0.2621776759624481,0.6361134648323059,-0.01902742311358452,0.276941180229187,0.6421600580215454,-0.019718440249562263,0.2887578010559082,0.6559171676635742,-0.0175186637789011,Backward
0.3405247628688812,0.7515362501144409,3.264301255967439e-07,0.3616037368774414,0.7172753214836121,-0.01527418289333582,0.3671965003013611,0.663628101348877,-0.02073962427675724,0.3574470281600952,0.6165793538093567,-0.02562122792005539,0.337965726852417,0.5956898331642151,-0.02975352481007576,0.3558447062969208,0.610288679599762,-0.009223584085702896,0.36171507835388184,0.5485495328903198,-0.018559128046035767,0.36317679286003113,0.5111473798751831,-0.024876108393073082,0.36314162611961365,0.477771520614624,-0.029032375663518906,0.3374882936477661,0.6128948330879211,-0.008878766559064388,0.33275189995765686,0.5492260456085205,-0.02187373675405979,0.3300311267375946,0.5054766535758972,-0.030623488128185272,0.3266613483428955,0.4686011075973511,-0.0351550355553627,0.3212619721889496,0.6301919221878052,-0.010165183804929256,0.31805211305618286,0.5942987203598022,-0.030142229050397873,0.332256942987442,0.6239737868309021,-0.03398750722408295,0.3411155939102173,0.6529255509376526,-0.03053165413439274,0.30669912695884705,0.6556151509284973,-0.012403469532728195,0.30926790833473206,0.6226493120193481,-0.02937202900648117,0.32350578904151917,0.6386443972587585,-0.03071621060371399,0.3326573669910431,0.6593737602233887,-0.027493169531226158,Backward
0.3266470432281494,0.7353586554527283,2.446462019634055e-07,0.3421019911766052,0.6885469555854797,-0.010672359727323055,0.3409750759601593,0.6349940299987793,-0.013693129643797874,0.3233628571033478,0.5947940349578857,-0.016235830262303352,0.30217376351356506,0.5887216329574585,-0.018526600673794746,0.32657238841056824,0.6040030717849731,-0.008114803582429886,0.32296571135520935,0.5409204363822937,-0.014080901630222797,0.3195071816444397,0.5047008991241455,-0.018509268760681152,0.31514841318130493,0.4726621210575104,-0.021882349625229836,0.30878931283950806,0.610448956489563,-0.00804567988961935,0.2951015532016754,0.5504899024963379,-0.016078216955065727,0.28682124614715576,0.5106531977653503,-0.02257353626191616,0.27880987524986267,0.4770579934120178,-0.026843927800655365,0.29528823494911194,0.6294574737548828,-0.008561680093407631,0.28502804040908813,0.5924063920974731,-0.021385805681347847,0.30000635981559753,0.6109714508056641,-0.02353089116513729,0.31038549542427063,0.6335135698318481,-0.02118750661611557,0.28403401374816895,0.6574529409408569,-0.009695100598037243,0.2787667512893677,0.6227959394454956,-0.020874598994851112,0.29275915026664734,0.6290035247802734,-0.020344404503703117,0.30419254302978516,0.6454729437828064,-0.01718703657388687,Backward
0.36293816566467285,0.9516173005104065,8.560469382246083e-07,0.41411590576171875,0.9082911014556885,-0.044155463576316833,0.4340347349643707,0.8177489638328552,-0.06890303641557693,0.4010116159915924,0.7548303008079529,-0.09246133267879486,0.3497266471385956,0.7115509510040283,-0.11535931378602982,0.4060002863407135,0.612779438495636,-0.0429840087890625,0.4167369604110718,0.47281569242477417,-0.08153679966926575,0.4219519793987274,0.38176220655441284,-0.10648787021636963,0.42321619391441345,0.296739399433136,-0.12104526907205582,0.35379087924957275,0.6113764047622681,-0.04689773917198181,0.3476765751838684,0.45406466722488403,-0.08979783207178116,0.3399008810520172,0.34859201312065125,-0.11374714970588684,0.329141765832901,0.25295713543891907,-0.1235966607928276,0.3123166263103485,0.6556054353713989,-0.05550248548388481,0.29140567779541016,0.5885872840881348,-0.11507781594991684,0.31909963488578796,0.6941270232200623,-0.12084842473268509,0.3384575843811035,0.7691407203674316,-0.10640830546617508,0.2787254750728607,0.7341250777244568,-0.06691110134124756,0.2631678581237793,0.6787682175636292,-0.11177080124616623,0.29084333777427673,0.7412980198860168,-0.1071571633219719,0.3130442798137665,0.7945392727851868,-0.09141957759857178,Backward
0.23351570963859558,0.9817260503768921,8.609160317973874e-07,0.2781487703323364,0.937098503112793,-0.047668199986219406,0.28167015314102173,0.8488118648529053,-0.07324206084012985,0.2288476973772049,0.7951991558074951,-0.09634628146886826,0.17282241582870483,0.7551987171173096,-0.11795110255479813,0.26766806840896606,0.6429814100265503,-0.042968105524778366,0.28554219007492065,0.503550112247467,-0.0807967334985733,0.29037171602249146,0.4109078645706177,-0.10563704371452332,0.289791464805603,0.32508426904678345,-0.12112435698509216,0.21510562300682068,0.6341443657875061,-0.04434084892272949,0.20770196616649628,0.47505617141723633,-0.08719980716705322,0.19045132398605347,0.3720090687274933,-0.11205758899450302,0.1695835441350937,0.27671530842781067,-0.12238895148038864,0.17419788241386414,0.6768062114715576,-0.050604335963726044,0.13218581676483154,0.6166235208511353,-0.11292393505573273,0.15290352702140808,0.725260317325592,-0.1229042261838913,0.1737814098596573,0.7991079092025757,-0.1107042208313942,0.14326398074626923,0.7552248239517212,-0.059567950665950775,0.11248952150344849,0.7288970351219177,-0.11087780445814133,0.13469548523426056,0.7994691729545593,-0.11225248128175735,0.16006353497505188,0.8515514731407166,-0.09962115436792374,Backward
0.2044788897037506,0.9497876167297363,9.807117749005556e-07,0.26272904872894287,0.8666770458221436,-0.024323495104908943,0.3018663227558136,0.7709332704544067,-0.05616118013858795,0.32574161887168884,0.6982418298721313,-0.09257461130619049,0.29782363772392273,0.659514844417572,-0.12585346400737762,0.21464888751506805,0.6049765944480896,-0.05614650249481201,0.23187752068042755,0.46593770384788513,-0.10014253109693527,0.2407495677471161,0.3756043314933777,-0.12699823081493378,0.24564272165298462,0.2937338054180145,-0.1456713229417801,0.17096321284770966,0.6356262564659119,-0.0775456503033638,0.16540221869945526,0.4743301570415497,-0.14684417843818665,0.1643919199705124,0.3544105291366577,-0.18935970962047577,0.16211436688899994,0.25261190533638,-0.21313314139842987,0.14282244443893433,0.6968964338302612,-0.09817763417959213,0.20111660659313202,0.6031563878059387,-0.16920766234397888,0.2602551579475403,0.6601670980453491,-0.17803683876991272,0.29198530316352844,0.7070341110229492,-0.16843131184577942,0.1362675428390503,0.7672590017318726,-0.12032060325145721,0.19918414950370789,0.6991896629333496,-0.17091479897499084,0.2564643919467926,0.7285699844360352,-0.17398864030838013,0.28780806064605713,0.7594892382621765,-0.1663828045129776,Backward
0.22568443417549133,1.0266832113265991,6.826092544542917e-07,0.28178563714027405,0.9727321267127991,-0.036797378212213516,0.30684447288513184,0.866689920425415,-0.05684824660420418,0.2888864278793335,0.773790180683136,-0.07789824157953262,0.23633897304534912,0.7239669561386108,-0.0980776771903038,0.27674034237861633,0.6655791997909546,-0.032472945749759674,0.29824721813201904,0.520664632320404,-0.06511884927749634,0.3104504346847534,0.4322100877761841,-0.08630629628896713,0.316017746925354,0.35088714957237244,-0.1000266969203949,0.22577215731143951,0.6634346842765808,-0.03869016841053963,0.2169812023639679,0.5000438094139099,-0.07904710620641708,0.21002988517284393,0.39022988080978394,-0.10341382026672363,0.19766713678836823,0.29586219787597656,-0.11606742441654205,0.18319782614707947,0.7101030945777893,-0.04884450510144234,0.16524019837379456,0.6141982674598694,-0.10556792467832565,0.20140518248081207,0.7077020406723022,-0.11559636145830154,0.22594024240970612,0.7812507152557373,-0.10678299516439438,0.14495918154716492,0.7907609939575195,-0.06112849712371826,0.14607533812522888,0.7227489352226257,-0.10777615755796432,0.17873482406139374,0.7784523963928223,-0.11075064539909363,0.20346572995185852,0.8379032611846924,-0.10217069089412689,Backward
0.24635127186775208,0.9081630706787109,8.499465593558853e-07,0.29360073804855347,0.8705998659133911,-0.039225127547979355,0.30740758776664734,0.8130906224250793,-0.06551479548215866,0.2650565505027771,0.8063904643058777,-0.09214020520448685,0.21348097920417786,0.8010473847389221,-0.11904533952474594,0.2764575779438019,0.6402239799499512,-0.048367127776145935,0.29000771045684814,0.5159552097320557,-0.08840222656726837,0.2952452301979065,0.43688642978668213,-0.11255139112472534,0.2959529161453247,0.3590576946735382,-0.12704655528068542,0.22556284070014954,0.6355441212654114,-0.054823603481054306,0.20719772577285767,0.4997989237308502,-0.10161977261304855,0.1860772669315338,0.4031607508659363,-0.12863261997699738,0.16302402317523956,0.31194180250167847,-0.14092957973480225,0.18834365904331207,0.6766579747200012,-0.06472538411617279,0.15411856770515442,0.6614281535148621,-0.12844787538051605,0.18817020952701569,0.7675215005874634,-0.14203105866909027,0.21969398856163025,0.8313595056533813,-0.13318906724452972,0.16017626225948334,0.7462409734725952,-0.07626263797283173,0.13954758644104004,0.7691135406494141,-0.12623535096645355,0.17058098316192627,0.8342156410217285,-0.13059434294700623,0.20656241476535797,0.871930718421936,-0.12176325917243958,Backward
0.2202741950750351,0.9680114984512329,9.952753998732078e-07,0.2670459747314453,0.9354871511459351,-0.047485388815402985,0.27452152967453003,0.8606978058815002,-0.07651935517787933,0.22249406576156616,0.8256555795669556,-0.10397189855575562,0.16602811217308044,0.7919134497642517,-0.1307213306427002,0.257931649684906,0.6532514095306396,-0.051444582641124725,0.2827919125556946,0.5167616009712219,-0.0932738333940506,0.2917149066925049,0.4266763925552368,-0.11913242936134338,0.29503047466278076,0.3423974812030792,-0.1347852200269699,0.20403027534484863,0.6435320973396301,-0.05578121915459633,0.19785486161708832,0.4831172227859497,-0.10360352694988251,0.18328317999839783,0.3744520843029022,-0.13023512065410614,0.16484937071800232,0.27129966020584106,-0.14148901402950287,0.16101011633872986,0.6855249404907227,-0.06469397246837616,0.12337217479944229,0.6317126750946045,-0.13208018243312836,0.14867042005062103,0.7494930624961853,-0.14219239354133606,0.17193064093589783,0.8251290917396545,-0.129231795668602,0.12755271792411804,0.7624885439872742,-0.07597848027944565,0.09873716533184052,0.7456657886505127,-0.12960633635520935,0.1253313422203064,0.8197980523109436,-0.13001182675361633,0.15525758266448975,0.8703765273094177,-0.11649520695209503,Backward
0.22108563780784607,1.0014654397964478,1.134773924604815e-06,0.27220243215560913,0.9292436838150024,-0.04440435767173767,0.2999553978443146,0.840030312538147,-0.0802115797996521,0.30252647399902344,0.7747912406921387,-0.11699098348617554,0.2571312189102173,0.7673311233520508,-0.15125104784965515,0.21680885553359985,0.6511715650558472,-0.06279244273900986,0.21411791443824768,0.4940405786037445,-0.11257295310497284,0.20867356657981873,0.3975525498390198,-0.14208868145942688,0.1997261494398117,0.3065691590309143,-0.15994404256343842,0.16300150752067566,0.6861136555671692,-0.07415414601564407,0.11776583641767502,0.5382828116416931,-0.14602293074131012,0.08953648805618286,0.42422908544540405,-0.1877279132604599,0.06388325989246368,0.3228624165058136,-0.20688727498054504,0.13066993653774261,0.7630254626274109,-0.08739247173070908,0.13869133591651917,0.7171633839607239,-0.17175321280956268,0.20229318737983704,0.7839443683624268,-0.1879400908946991,0.2451287806034088,0.8325274586677551,-0.1758367121219635,0.11619752645492554,0.8600646257400513,-0.10268710553646088,0.14161306619644165,0.824934720993042,-0.16608914732933044,0.20078517496585846,0.8510160446166992,-0.17262965440750122,0.24329420924186707,0.8731984496116638,-0.16225428879261017,Backward
0.21953289210796356,1.1265896558761597,1.3540403642764431e-06,0.27550008893013,1.0763212442398071,-0.0450744666159153,0.30055302381515503,1.0107113122940063,-0.07655642926692963,0.2924238443374634,1.0114978551864624,-0.1072615534067154,0.2696070671081543,1.0221223831176758,-0.13942423462867737,0.2815626263618469,0.8118743896484375,-0.06731384247541428,0.30781081318855286,0.6446805000305176,-0.11869291216135025,0.3154437839984894,0.5435607433319092,-0.14688003063201904,0.31831347942352295,0.4548238217830658,-0.1622052788734436,0.2123953253030777,0.8164965510368347,-0.07443547993898392,0.19861473143100739,0.6460506319999695,-0.1314121037721634,0.18843606114387512,0.5266602039337158,-0.1596674621105194,0.17676721513271332,0.4246661067008972,-0.170310840010643,0.16157302260398865,0.8829861879348755,-0.08506116271018982,0.1482616364955902,0.8537251949310303,-0.15272118151187897,0.18975286185741425,0.9544309973716736,-0.1644172966480255,0.2192183881998062,1.018589973449707,-0.1527646780014038,0.12784238159656525,0.9813132882118225,-0.09811700135469437,0.13615936040878296,1.015535593032837,-0.1514028012752533,0.1663241982460022,1.0744922161102295,-0.15622781217098236,0.1894112229347229,1.1072356700897217,-0.14637039601802826,Backward
0.25879716873168945,0.9929729700088501,7.921158271528839e-07,0.3077634572982788,0.9366389513015747,-0.03883390128612518,0.3188551366329193,0.8389603495597839,-0.06043808534741402,0.27672651410102844,0.7853779792785645,-0.08176194876432419,0.22357192635536194,0.753272533416748,-0.10269195586442947,0.29278266429901123,0.6464078426361084,-0.03728510066866875,0.3052835166454315,0.5048778057098389,-0.07208997011184692,0.3108678162097931,0.41303539276123047,-0.09459578990936279,0.3111450970172882,0.32831236720085144,-0.10831606388092041,0.24057506024837494,0.6454949378967285,-0.0429086908698082,0.22869189083576202,0.4881073832511902,-0.08349107205867767,0.21570037305355072,0.3805502653121948,-0.10757220536470413,0.19851404428482056,0.28224730491638184,-0.11825228482484818,0.20020300149917603,0.6921276450157166,-0.052469342947006226,0.1728130280971527,0.621627151966095,-0.11097867786884308,0.20572257041931152,0.7228922843933105,-0.11969123780727386,0.22904831171035767,0.7948205471038818,-0.10778127610683441,0.16845747828483582,0.7745872735977173,-0.06404558569192886,0.15381282567977905,0.7190962433815002,-0.10998251289129257,0.18573100864887238,0.7815717458724976,-0.10789559781551361,0.21281038224697113,0.8357006311416626,-0.09413658827543259,Backward
0.3759545683860779,0.7861531972885132,6.436937383114127e-07,0.3283751904964447,0.7190277576446533,-0.004566389601677656,0.319266140460968,0.6295744180679321,-0.011167657561600208,0.34920254349708557,0.5675507187843323,-0.012727076187729836,0.3747677206993103,0.538272500038147,-0.014120065607130527,0.34147730469703674,0.5752056241035461,-0.05068435147404671,0.32668304443359375,0.4468112885951996,-0.061836887151002884,0.3203708529472351,0.36810457706451416,-0.06611465662717819,0.31776970624923706,0.30795004963874817,-0.06904292851686478,0.3832751214504242,0.5708197951316833,-0.045990049839019775,0.38700053095817566,0.4384151101112366,-0.06080927699804306,0.3900681734085083,0.35538119077682495,-0.06445956230163574,0.3977130055427551,0.2954123914241791,-0.06556358933448792,0.41608214378356934,0.5892581343650818,-0.03580751270055771,0.39930033683776855,0.5341599583625793,-0.03636021912097931,0.3776288330554962,0.5628141164779663,-0.0236887838691473,0.3713764548301697,0.5996495485305786,-0.013150028884410858,0.4372949004173279,0.6174513101577759,-0.025622477754950523,0.42214077711105347,0.5778785943984985,-0.023476453498005867,0.40411365032196045,0.597216784954071,-0.011637805961072445,0.40109074115753174,0.6251826286315918,-0.0005298136384226382,Backward
0.3678271472454071,0.756039023399353,5.078449021311826e-07,0.32686319947242737,0.6863324642181396,-0.0023273471742868423,0.3250844180583954,0.6059974431991577,-0.009790710173547268,0.3564895689487457,0.5584579110145569,-0.01545276865363121,0.3914314806461334,0.5459176898002625,-0.02110465057194233,0.33854183554649353,0.5390832424163818,-0.0356069840490818,0.32193970680236816,0.41938939690589905,-0.052392832934856415,0.31454795598983765,0.34224268794059753,-0.06367427110671997,0.31120866537094116,0.2864440083503723,-0.07077153027057648,0.37914320826530457,0.5382141470909119,-0.036052606999874115,0.3829572796821594,0.4116309583187103,-0.0465310662984848,0.38646966218948364,0.3332919180393219,-0.04889387637376785,0.3923633396625519,0.2756679654121399,-0.04961075633764267,0.4107460677623749,0.5625912547111511,-0.033678535372018814,0.4060659408569336,0.5019723773002625,-0.03287135437130928,0.3917197287082672,0.5225216150283813,-0.02042759209871292,0.38442450761795044,0.5574502944946289,-0.010132154449820518,0.4319450259208679,0.5983062982559204,-0.032109685242176056,0.42556220293045044,0.5533739328384399,-0.031091969460248947,0.4136611819267273,0.5675985217094421,-0.019149741157889366,0.4097070097923279,0.5949258804321289,-0.007378317881375551,Backward
0.3280222415924072,0.7208205461502075,5.408892889136041e-07,0.3170709013938904,0.6340118646621704,0.007339478004723787,0.3333083987236023,0.5533120632171631,-0.0028303395956754684,0.364026814699173,0.5119314789772034,-0.01619390770792961,0.39135101437568665,0.5010383129119873,-0.028369244188070297,0.32064875960350037,0.5077283382415771,-0.02893890254199505,0.32986658811569214,0.39818117022514343,-0.050743695348501205,0.3368728756904602,0.3289642035961151,-0.062171537429094315,0.3442465662956238,0.27455031871795654,-0.06908052414655685,0.33728599548339844,0.5301934480667114,-0.044464558362960815,0.37294694781303406,0.4116100072860718,-0.07014118134975433,0.39673078060150146,0.34414443373680115,-0.07898209244012833,0.41577035188674927,0.29116061329841614,-0.0827053040266037,0.358345091342926,0.5677664875984192,-0.056924425065517426,0.41615861654281616,0.5021161437034607,-0.07310980558395386,0.40941065549850464,0.5340510010719299,-0.05923701822757721,0.39313095808029175,0.5596734881401062,-0.04505566135048866,0.38083598017692566,0.6124693751335144,-0.06942661851644516,0.42659395933151245,0.5542505979537964,-0.07246629148721695,0.4193035066127777,0.576789379119873,-0.05541142821311951,0.40332451462745667,0.5958690643310547,-0.04050305485725403,Backward
0.33570849895477295,0.753353476524353,5.01156250720669e-07,0.2983015477657318,0.6746867895126343,0.005594831425696611,0.2990588843822479,0.5917971730232239,-0.001504528452642262,0.3231940269470215,0.5351887941360474,-0.008913195692002773,0.35168421268463135,0.5110573172569275,-0.016466684639453888,0.30211272835731506,0.5304059982299805,-0.03165503591299057,0.2907281816005707,0.41231369972229004,-0.049456410109996796,0.28535568714141846,0.33567798137664795,-0.06202559173107147,0.2845563292503357,0.27812790870666504,-0.07003339380025864,0.3417856693267822,0.5347123146057129,-0.03727727755904198,0.352218359708786,0.4105691611766815,-0.05018001049757004,0.35897156596183777,0.33487364649772644,-0.055074144154787064,0.3670349717140198,0.2799711227416992,-0.05785202980041504,0.3763822317123413,0.5594368577003479,-0.0387641079723835,0.38007599115371704,0.49351683259010315,-0.0369284488260746,0.3649361729621887,0.5149325132369995,-0.02122306451201439,0.35618436336517334,0.5470936298370361,-0.009248779155313969,0.4011978805065155,0.5964342355728149,-0.040494080632925034,0.39714106917381287,0.5431550145149231,-0.03217454254627228,0.3835529685020447,0.5581166744232178,-0.013525838032364845,0.3790310323238373,0.5842450857162476,0.0019537662155926228,Backward
0.363036572933197,0.7690554857254028,6.557182814503904e-07,0.3153718113899231,0.7097706198692322,-0.006693615578114986,0.3052680492401123,0.6266826391220093,-0.01636846549808979,0.33417171239852905,0.5737975835800171,-0.023023564368486404,0.3686952590942383,0.5538424253463745,-0.03012959472835064,0.3244522511959076,0.5519177317619324,-0.044517356902360916,0.30665820837020874,0.42928847670555115,-0.05877653881907463,0.3005249500274658,0.3481687307357788,-0.06879638135433197,0.29956597089767456,0.2888641059398651,-0.07595054805278778,0.3676581382751465,0.5477546453475952,-0.042332716286182404,0.37270674109458923,0.42484742403030396,-0.0512913353741169,0.374186247587204,0.34726864099502563,-0.05472523346543312,0.3796096444129944,0.2933902144432068,-0.057464949786663055,0.4007197618484497,0.5696607232093811,-0.036699481308460236,0.38852548599243164,0.5087295174598694,-0.03375880420207977,0.3701718747615814,0.536371111869812,-0.02220211736857891,0.3641212582588196,0.5737497806549072,-0.014062970876693726,0.42216765880584717,0.6012686491012573,-0.03199496865272522,0.40878230333328247,0.5616673827171326,-0.02978036366403103,0.3943403363227844,0.5824726819992065,-0.018753640353679657,0.3923083543777466,0.6122537851333618,-0.00865844450891018,Backward
0.320507287979126,0.7994710206985474,5.120755304233171e-07,0.3026559352874756,0.7003563642501831,0.003292996436357498,0.32350844144821167,0.6139451861381531,-0.007041486445814371,0.3645186126232147,0.5700549483299255,-0.019925596192479134,0.39867717027664185,0.5648372769355774,-0.03202347829937935,0.3102126121520996,0.5663027167320251,-0.030393775552511215,0.31952160596847534,0.4433939754962921,-0.04880401864647865,0.3287171721458435,0.36693277955055237,-0.057249516248703,0.3376208543777466,0.30855485796928406,-0.061514127999544144,0.3392702043056488,0.5914136171340942,-0.04364104941487312,0.36888688802719116,0.4574262201786041,-0.06453866511583328,0.38807162642478943,0.3750916123390198,-0.07137151062488556,0.40335825085639954,0.31476110219955444,-0.07376382499933243,0.368896484375,0.6312375068664551,-0.05406761169433594,0.4118424952030182,0.5477422475814819,-0.06789003312587738,0.4041772186756134,0.5750158429145813,-0.054505396634340286,0.3900374472141266,0.6077152490615845,-0.039715077728033066,0.39583444595336914,0.6764311790466309,-0.06466318666934967,0.4252389967441559,0.5931582450866699,-0.06297607719898224,0.41631925106048584,0.6095715761184692,-0.0430443175137043,0.4031490981578827,0.636391818523407,-0.0259627103805542,Backward
0.340086966753006,0.8682529926300049,4.500639079196844e-07,0.3000163733959198,0.7731737494468689,0.007044719997793436,0.3097732961177826,0.6832985877990723,0.0009420530986972153,0.3449602723121643,0.6276150345802307,-0.00719384616240859,0.37890949845314026,0.6101104617118835,-0.015569470822811127,0.3077722191810608,0.6162485480308533,-0.024804307147860527,0.3036307394504547,0.4830014109611511,-0.04365341737866402,0.30016228556632996,0.3950326442718506,-0.05650290101766586,0.300861120223999,0.32939931750297546,-0.06376234441995621,0.3494443893432617,0.6200181245803833,-0.03341543674468994,0.36191925406455994,0.4826439619064331,-0.04752450808882713,0.3710683584213257,0.3910521864891052,-0.05491169914603233,0.38023409247398376,0.3240014314651489,-0.058906979858875275,0.3876233696937561,0.6422314643859863,-0.03846734017133713,0.3984300196170807,0.5558456182479858,-0.040637385100126266,0.3880387544631958,0.5716941356658936,-0.027882665395736694,0.37823760509490967,0.6042640805244446,-0.01596960239112377,0.4169635772705078,0.6747252941131592,-0.04377307370305061,0.4208637475967407,0.595197319984436,-0.03688080236315727,0.40979933738708496,0.5985367894172668,-0.019217709079384804,0.4027433395385742,0.6219795942306519,-0.0034733095671981573,Backward
0.3495911657810211,0.8677628636360168,5.362222736948752e-07,0.3077135682106018,0.7685930132865906,0.010931815020740032,0.31489333510398865,0.6747074127197266,0.004897610284388065,0.34699979424476624,0.6100668907165527,-0.0026419830974191427,0.3787345886230469,0.5849083065986633,-0.009578513912856579,0.31523391604423523,0.6141110062599182,-0.029054218903183937,0.3098428249359131,0.47512075304985046,-0.047958310693502426,0.3059317171573639,0.38602811098098755,-0.05983423814177513,0.3073040843009949,0.3204057216644287,-0.06661496311426163,0.35858479142189026,0.6178179383277893,-0.03701035678386688,0.37165242433547974,0.47497111558914185,-0.0578303299844265,0.379290372133255,0.37994202971458435,-0.06654515862464905,0.3881153166294098,0.31383785605430603,-0.06993137300014496,0.39695391058921814,0.6396950483322144,-0.03946307674050331,0.4043676257133484,0.5508872866630554,-0.040103569626808167,0.3909318149089813,0.5662022829055786,-0.020278485491871834,0.3810364603996277,0.5982979536056519,-0.0031345419120043516,0.4257725477218628,0.6734050512313843,-0.04190867394208908,0.4268382489681244,0.5899840593338013,-0.030064545571804047,0.4135628342628479,0.5981037020683289,-0.0061565665528178215,0.406803160905838,0.6259437203407288,0.01432126946747303,Backward
0.36691614985466003,0.8536404967308044,5.112584631206119e-07,0.32605859637260437,0.7578621506690979,-0.005437416955828667,0.3363957405090332,0.6589122414588928,-0.013969076797366142,0.38324567675590515,0.6038305759429932,-0.021427197381854057,0.42248398065567017,0.586952805519104,-0.02822890691459179,0.34089189767837524,0.6004153490066528,-0.032882802188396454,0.3307385742664337,0.4640433192253113,-0.04801219701766968,0.3287433087825775,0.37913429737091064,-0.05685099586844444,0.3305136263370514,0.314435213804245,-0.06160632148385048,0.38484692573547363,0.6058200597763062,-0.0361233651638031,0.39380455017089844,0.46632736921310425,-0.04762249067425728,0.40031060576438904,0.37605714797973633,-0.05302837863564491,0.41176947951316833,0.3079786002635956,-0.055608201771974564,0.4217367470264435,0.6321550011634827,-0.03718908503651619,0.4227336049079895,0.5481897592544556,-0.044723931699991226,0.4031374454498291,0.5725745558738708,-0.03793204203248024,0.3921744227409363,0.6113308072090149,-0.029134776443243027,0.4496164321899414,0.6658742427825928,-0.03877533972263336,0.44407540559768677,0.5920860767364502,-0.04147475212812424,0.4278232157230377,0.603360116481781,-0.030230438336730003,0.4215504229068756,0.6329014897346497,-0.018393145874142647,Backward
0.3726944625377655,0.8583154082298279,4.813724103769346e-07,0.3396941125392914,0.7578458786010742,0.002733543049544096,0.3529949188232422,0.6600821614265442,-0.0032241789158433676,0.39234042167663574,0.6132392883300781,-0.009404960088431835,0.42521926760673523,0.6091283559799194,-0.015345475636422634,0.3578629195690155,0.6053223013877869,-0.029233308508992195,0.3630446791648865,0.4713159203529358,-0.045665040612220764,0.36711519956588745,0.38494187593460083,-0.05495010316371918,0.37283608317375183,0.3211866021156311,-0.060484737157821655,0.39931660890579224,0.621425449848175,-0.03635160252451897,0.42038071155548096,0.4808233380317688,-0.05076763033866882,0.43329817056655884,0.39197415113449097,-0.0575844943523407,0.44698455929756165,0.3264540731906891,-0.06117492541670799,0.43596553802490234,0.654217004776001,-0.039993107318878174,0.45249611139297485,0.5565693974494934,-0.045534759759902954,0.4364084005355835,0.5784120559692383,-0.03289908170700073,0.42380744218826294,0.6121440529823303,-0.020559562370181084,0.4637286365032196,0.6963448524475098,-0.04373370483517647,0.4679137170314789,0.6160988211631775,-0.040987394750118256,0.45289766788482666,0.627362847328186,-0.024103287607431412,0.44486862421035767,0.6552362442016602,-0.008651073090732098,Backward
0.4119625985622406,0.7225715517997742,2.7823864456877345e-07,0.3916306495666504,0.6959480047225952,0.0009876553667709231,0.3896738886833191,0.6572009921073914,-0.002004775917157531,0.4024950861930847,0.630329430103302,-0.004772290587425232,0.4168734848499298,0.6209684610366821,-0.0075597139075398445,0.39597323536872864,0.6160624623298645,-0.014505702070891857,0.3912772834300995,0.5549662709236145,-0.021262958645820618,0.3890286087989807,0.5168173313140869,-0.026026254519820213,0.3882293403148651,0.4876473844051361,-0.029385419562458992,0.41686922311782837,0.6152291893959045,-0.015920015051960945,0.42408496141433716,0.5564428567886353,-0.019938483834266663,0.4300367534160614,0.5185730457305908,-0.02208039164543152,0.4358752369880676,0.4910130500793457,-0.023614460602402687,0.43295925855636597,0.626969039440155,-0.015616926364600658,0.4297015070915222,0.6093295216560364,-0.01299266703426838,0.4228958785533905,0.6225570440292358,-0.0069467355497181416,0.420046329498291,0.638848066329956,-0.0027334075421094894,0.4433693289756775,0.6443113684654236,-0.015672855079174042,0.4380449652671814,0.6339659690856934,-0.011930377222597599,0.4322749376296997,0.6444634199142456,-0.0052042449824512005,0.43097683787345886,0.6575362086296082,0.0004924805834889412,Backward
0.41270649433135986,0.7132331728935242,2.9312039373508014e-07,0.3919186592102051,0.6866313219070435,0.003990658558905125,0.3908636271953583,0.651881217956543,0.0015533026307821274,0.4020092189311981,0.6265295743942261,-0.001141651882790029,0.41478070616722107,0.6173170208930969,-0.0036524622701108456,0.3955574929714203,0.6118168830871582,-0.013128220103681087,0.39080002903938293,0.5536216497421265,-0.01980755105614662,0.3887372314929962,0.5168159008026123,-0.024397673085331917,0.3881121575832367,0.48782938718795776,-0.027881594374775887,0.41723939776420593,0.6111952662467957,-0.01607971452176571,0.42451077699661255,0.5548455715179443,-0.022837668657302856,0.4311637580394745,0.5172138214111328,-0.025979172438383102,0.437439501285553,0.4896302819252014,-0.02784063294529915,0.43391188979148865,0.6242265701293945,-0.01664402149617672,0.4308842122554779,0.6079531311988831,-0.013749882578849792,0.4239831566810608,0.6215431690216064,-0.0046304864808917046,0.4209226369857788,0.6355053186416626,0.0015984605997800827,0.44439682364463806,0.643665611743927,-0.017449017614126205,0.4391687214374542,0.6329928636550903,-0.011695997789502144,0.4331068694591522,0.6430334448814392,-0.0019775310065597296,0.4311234652996063,0.6549848318099976,0.005680602043867111,Backward
0.4117937684059143,0.7214767336845398,2.911500871505268e-07,0.3902747929096222,0.6959859132766724,-0.0006384736043401062,0.38779163360595703,0.6569952964782715,-0.004544920288026333,0.4010258913040161,0.630233645439148,-0.007761896587908268,0.41559407114982605,0.6211476922035217,-0.011118636466562748,0.3975348174571991,0.6169101595878601,-0.018129074946045876,0.39257416129112244,0.5568105578422546,-0.026124831289052963,0.3905865252017975,0.5178850293159485,-0.03201669082045555,0.38978299498558044,0.4882880747318268,-0.03625260666012764,0.41929084062576294,0.6164579391479492,-0.018760444596409798,0.42492207884788513,0.5562156438827515,-0.024478815495967865,0.43045294284820557,0.5175159573554993,-0.027378739789128304,0.43607959151268005,0.4894108772277832,-0.02930295653641224,0.4355104863643646,0.6284852623939514,-0.01754569821059704,0.42941516637802124,0.6083559393882751,-0.016075287014245987,0.4218789339065552,0.6214873194694519,-0.009303786791861057,0.41871121525764465,0.6381742358207703,-0.004303979687392712,0.4456988573074341,0.6461918354034424,-0.016771789640188217,0.43822726607322693,0.6323549151420593,-0.01344495452940464,0.43171098828315735,0.6428753137588501,-0.005854689050465822,0.43034911155700684,0.6565223336219788,0.0005702394992113113,Backward
0.41223621368408203,0.7203137874603271,3.0399579031836765e-07,0.3892720341682434,0.6945849657058716,0.002795127220451832,0.3859349191188812,0.6598148345947266,-0.0002843171532731503,0.3962964117527008,0.6359575986862183,-0.003272721543908119,0.409402459859848,0.6287291049957275,-0.006285456940531731,0.3958986699581146,0.615673840045929,-0.0161779522895813,0.3912244439125061,0.5556818246841431,-0.02359805442392826,0.3890632092952728,0.5173112154006958,-0.028887933120131493,0.38865989446640015,0.487652063369751,-0.032819684594869614,0.4183388948440552,0.6152932643890381,-0.018212081864476204,0.42446959018707275,0.5555019378662109,-0.02554360218346119,0.4295734763145447,0.5160416960716248,-0.029533198103308678,0.4351958930492401,0.48727262020111084,-0.032056644558906555,0.43527212738990784,0.6280386447906494,-0.017722012475132942,0.4294587969779968,0.6077724099159241,-0.016229216009378433,0.421181321144104,0.6215404272079468,-0.008534109219908714,0.4179746210575104,0.6375691890716553,-0.0029041552916169167,0.4457974433898926,0.6465325355529785,-0.017327820882201195,0.4382200837135315,0.6318170428276062,-0.012955211102962494,0.431091845035553,0.6424457430839539,-0.004220739472657442,0.4292358160018921,0.655516505241394,0.002956121927127242,Backward
0.41417497396469116,0.7092834115028381,3.5021415101255116e-07,0.39100924134254456,0.689877986907959,-0.0033871138002723455,0.3848949372768402,0.6588283777236938,-0.009662811644375324,0.392487496137619,0.6409322023391724,-0.015539064072072506,0.40161919593811035,0.6365857124328613,-0.021678501740098,0.39631474018096924,0.6133354902267456,-0.021134091541171074,0.39108800888061523,0.5557740330696106,-0.030618274584412575,0.3891395330429077,0.5180319547653198,-0.03641200438141823,0.38841375708580017,0.4888000786304474,-0.04034346714615822,0.4179669916629791,0.611289918422699,-0.02313488908112049,0.4238687753677368,0.5551510453224182,-0.03325677290558815,0.4286353290081024,0.5155325531959534,-0.03894910216331482,0.43385249376296997,0.4862031936645508,-0.04203697293996811,0.434810608625412,0.6235194802284241,-0.023352952674031258,0.4299405813217163,0.6090837121009827,-0.027273260056972504,0.423390656709671,0.6248627305030823,-0.022342633455991745,0.42124003171920776,0.6408929824829102,-0.01748695597052574,0.44596949219703674,0.6424416303634644,-0.02402779646217823,0.4392738938331604,0.6334168910980225,-0.024604713544249535,0.4337039589881897,0.6443988680839539,-0.017572976648807526,0.4321762025356293,0.6569814085960388,-0.01087214332073927,Backward
0.410720556974411,0.7245815992355347,2.557694358529261e-07,0.3885549008846283,0.6969665884971619,0.0024319509975612164,0.3873215317726135,0.6556375026702881,0.00019683560822159052,0.40164196491241455,0.6271188855171204,-0.0018628991674631834,0.4165910482406616,0.6159907579421997,-0.003938450012356043,0.39439937472343445,0.6169766187667847,-0.013824265450239182,0.3889693021774292,0.5552282929420471,-0.01984930783510208,0.3862060308456421,0.516438364982605,-0.024063339456915855,0.38508906960487366,0.48622310161590576,-0.027039742097258568,0.4159240126609802,0.6157612204551697,-0.015464353375136852,0.42111873626708984,0.5513972640037537,-0.019731413573026657,0.4262564182281494,0.5110187530517578,-0.02144456095993519,0.4320715367794037,0.4812380075454712,-0.02243374101817608,0.43246468901634216,0.6267863512039185,-0.015063567087054253,0.4271445870399475,0.599669873714447,-0.012429936788976192,0.41968899965286255,0.6127503514289856,-0.004975590854883194,0.41714125871658325,0.6293244957923889,0.0005498934187926352,0.4431692659854889,0.6434475779533386,-0.014777534641325474,0.4366327226161957,0.620061457157135,-0.009655752219259739,0.4300598204135895,0.6295216679573059,-0.0008637613500468433,0.4294167757034302,0.64372318983078,0.006297411862760782,Backward
0.402325302362442,0.6911917924880981,3.2309770858773845e-07,0.39796921610832214,0.6589658856391907,0.0032404668163508177,0.4034368693828583,0.6229187846183777,-0.0018704268150031567,0.41491779685020447,0.6013540029525757,-0.00839223526418209,0.4248255491256714,0.5877915024757385,-0.014194426126778126,0.39803993701934814,0.6039019823074341,-0.014231763780117035,0.399746298789978,0.553053617477417,-0.02490524761378765,0.40177837014198303,0.5212868452072144,-0.028760289773344994,0.4036884903907776,0.4955815076828003,-0.030569350346922874,0.4036986231803894,0.6101473569869995,-0.02208576165139675,0.4179145097732544,0.5490818023681641,-0.03797692805528641,0.42787235975265503,0.5141985416412354,-0.043221816420555115,0.43573257327079773,0.4865061044692993,-0.044530950486660004,0.41218236088752747,0.6248772740364075,-0.02829951047897339,0.44376227259635925,0.5995229482650757,-0.03982368856668472,0.4440423548221588,0.6191566586494446,-0.03385196253657341,0.43788328766822815,0.631375789642334,-0.026332242414355278,0.4231434464454651,0.6445012092590332,-0.03430335223674774,0.4479133188724518,0.6229930520057678,-0.03857795521616936,0.4479830265045166,0.6373340487480164,-0.030989697203040123,0.4399329423904419,0.6474187970161438,-0.023599693551659584,Backward
0.40277743339538574,0.7058189511299133,3.0818753771200136e-07,0.3910103142261505,0.6659924983978271,0.00399554381147027,0.3965654969215393,0.6300201416015625,-0.0009213418234139681,0.4100412428379059,0.6084000468254089,-0.006924125365912914,0.4220391809940338,0.6049273014068604,-0.012603980489075184,0.39235273003578186,0.6094577312469482,-0.015401741489768028,0.39164045453071594,0.5536978840827942,-0.0260462649166584,0.39196932315826416,0.5174995064735413,-0.03210138529539108,0.3931404650211334,0.48911911249160767,-0.0358462892472744,0.40697866678237915,0.6142721772193909,-0.02188648097217083,0.4179149568080902,0.5531077980995178,-0.034052617847919464,0.4264675974845886,0.514914870262146,-0.0390416719019413,0.43328800797462463,0.4854373633861542,-0.04125486686825752,0.42149484157562256,0.6289915442466736,-0.026205016300082207,0.437746524810791,0.6003350019454956,-0.03176715597510338,0.43389609456062317,0.6148302555084229,-0.0237288735806942,0.42770424485206604,0.6291089653968811,-0.015962833538651466,0.4342462122440338,0.6491512656211853,-0.03047916106879711,0.44667473435401917,0.6214979290962219,-0.030315781012177467,0.4430176019668579,0.6326826214790344,-0.020617768168449402,0.4365770220756531,0.6441539525985718,-0.01194736547768116,Backward
0.4034256041049957,0.7057159543037415,3.052796841984673e-07,0.3898187279701233,0.6639174222946167,0.005872574634850025,0.3941252529621124,0.6295614838600159,0.0015758730005472898,0.4072191119194031,0.6078237891197205,-0.0033970049116760492,0.4198857247829437,0.6039537787437439,-0.00800352543592453,0.3904326558113098,0.6091742515563965,-0.017200753092765808,0.39063480496406555,0.5525194406509399,-0.027868306264281273,0.3904852569103241,0.5154284834861755,-0.034300073981285095,0.39215371012687683,0.487413227558136,-0.03826623782515526,0.40715357661247253,0.6152601838111877,-0.0230104997754097,0.41764405369758606,0.5521876215934753,-0.036321014165878296,0.4253927767276764,0.5107694268226624,-0.04228343069553375,0.43293434381484985,0.48012375831604004,-0.044889193028211594,0.4238312244415283,0.6297809481620789,-0.025590157136321068,0.43421000242233276,0.5970076322555542,-0.028627146035432816,0.4286831021308899,0.6068785786628723,-0.018019814044237137,0.4234222173690796,0.6199836134910583,-0.0087704723700881,0.43703311681747437,0.6501704454421997,-0.028000639751553535,0.4437348544597626,0.6181223392486572,-0.024091292172670364,0.4393587112426758,0.626250684261322,-0.011036449111998081,0.4351594150066376,0.6382895112037659,5.303285433910787e-05,Backward
0.3985626995563507,0.70640629529953,3.157801131692395e-07,0.3850516080856323,0.6655811071395874,0.006643005646765232,0.3876133859157562,0.6312201023101807,0.002339493716135621,0.39737066626548767,0.6045503616333008,-0.0023728003725409508,0.40693530440330505,0.5925033688545227,-0.006341026164591312,0.3839780390262604,0.6111093759536743,-0.01943705789744854,0.3828643262386322,0.5547146201133728,-0.031039945781230927,0.38150444626808167,0.5167466402053833,-0.038710836321115494,0.38212868571281433,0.4881294369697571,-0.043840281665325165,0.4001108407974243,0.6183863282203674,-0.024923095479607582,0.4102686643600464,0.554617702960968,-0.03983865678310394,0.41677215695381165,0.5125197172164917,-0.04690909758210182,0.4231588542461395,0.4830535352230072,-0.05076437070965767,0.4163753390312195,0.6320849061012268,-0.02674366533756256,0.4280320107936859,0.5963120460510254,-0.028275027871131897,0.42224621772766113,0.604085385799408,-0.01584937609732151,0.4174715280532837,0.6178080439567566,-0.006367451045662165,0.42980408668518066,0.649841845035553,-0.028508303686976433,0.4372018575668335,0.6169204115867615,-0.02337336540222168,0.43267524242401123,0.6241053342819214,-0.009845429100096226,0.4285237491130829,0.636121392250061,0.0010941424407064915,Backward
0.35223591327667236,0.7883366942405701,3.3543230415489234e-07,0.33305588364601135,0.7268988490104675,0.005193112883716822,0.3413524329662323,0.6737711429595947,9.746251635078806e-06,0.36388686299324036,0.6423969268798828,-0.006973303388804197,0.38582533597946167,0.6377665400505066,-0.013196834363043308,0.33676671981811523,0.6401654481887817,-0.016408145427703857,0.3427448272705078,0.5641477108001709,-0.028858529403805733,0.3478464186191559,0.5151907801628113,-0.035377927124500275,0.3541163206100464,0.4784146547317505,-0.03918915241956711,0.35991713404655457,0.6490590572357178,-0.025531180202960968,0.37281349301338196,0.562859058380127,-0.04177034646272659,0.3829535245895386,0.5086672306060791,-0.048001036047935486,0.3921874165534973,0.46738582849502563,-0.05036426708102226,0.38258683681488037,0.6713588833808899,-0.032171573489904404,0.40558961033821106,0.6137603521347046,-0.0409877635538578,0.4019570052623749,0.6350394487380981,-0.029356837272644043,0.39448994398117065,0.657168447971344,-0.017438048496842384,0.4023449122905731,0.7031940817832947,-0.038710158318281174,0.4199431836605072,0.6454270482063293,-0.037603024393320084,0.4151194095611572,0.658839225769043,-0.022595584392547607,0.40612438321113586,0.6780081391334534,-0.00931174959987402,Backward
0.3761042654514313,0.7840850949287415,3.156483217026107e-07,0.3592146039009094,0.7272206544876099,0.008302797563374043,0.3653358817100525,0.6807350516319275,0.004456121474504471,0.382429301738739,0.6522341370582581,-0.0009816027013584971,0.399598628282547,0.6481123566627502,-0.005533838178962469,0.3611792027950287,0.6503390073776245,-0.015950750559568405,0.36146077513694763,0.5762870907783508,-0.028135785833001137,0.3625015616416931,0.5292858481407166,-0.0341409407556057,0.3648126721382141,0.4937504827976227,-0.03751855716109276,0.38036245107650757,0.6553053855895996,-0.02441684529185295,0.39714568853378296,0.5758790373802185,-0.038847796618938446,0.40979188680648804,0.5304323434829712,-0.04445900768041611,0.41909098625183105,0.49659550189971924,-0.046445854008197784,0.3999411165714264,0.673538863658905,-0.029813062399625778,0.42432335019111633,0.6413536071777344,-0.03427136316895485,0.420305460691452,0.6609181761741638,-0.023118527606129646,0.4128045439720154,0.6766963005065918,-0.01277341227978468,0.4163973033428192,0.6999732255935669,-0.034962642937898636,0.4338332414627075,0.6741276383399963,-0.030824022367596626,0.42944058775901794,0.68985915184021,-0.017215384170413017,0.42189821600914,0.7016666531562805,-0.005457543767988682,Backward
0.3773597180843353,0.7956746816635132,2.998204422510753e-07,0.35771557688713074,0.7331512570381165,0.01582641527056694,0.36196979880332947,0.6882315874099731,0.01499032974243164,0.3776422142982483,0.6558457612991333,0.011730874888598919,0.3944987654685974,0.6463711857795715,0.008929370902478695,0.3587389290332794,0.651882529258728,-0.010875115171074867,0.35960546135902405,0.5758335590362549,-0.021534983068704605,0.35970860719680786,0.5253968238830566,-0.02844315953552723,0.361274391412735,0.48763084411621094,-0.032966889441013336,0.3812359571456909,0.6558443903923035,-0.020708588883280754,0.39739352464675903,0.5754625201225281,-0.033111050724983215,0.4095209836959839,0.5269713401794434,-0.03875694051384926,0.41818132996559143,0.49337199330329895,-0.04126207157969475,0.4033392667770386,0.6733978390693665,-0.026175212115049362,0.4209863543510437,0.6407310962677002,-0.02327231504023075,0.4170331656932831,0.6569339632987976,-0.008151737041771412,0.4107343852519989,0.6727166771888733,0.0032355848234146833,0.4203629493713379,0.7018770575523376,-0.031149420887231827,0.43215858936309814,0.6720680594444275,-0.020135950297117233,0.42814284563064575,0.6867289543151855,-0.0025040314067155123,0.4225159287452698,0.7016202807426453,0.011525357142090797,Backward
0.3785102069377899,0.7884389758110046,3.314110585961316e-07,0.35323426127433777,0.7399497032165527,0.010661973617970943,0.35517391562461853,0.6933913230895996,0.00974313635379076,0.37317192554473877,0.6584630608558655,0.008248388767242432,0.39141348004341125,0.6463237404823303,0.0073595428839325905,0.3590238392353058,0.6494168043136597,-0.012916915118694305,0.35651499032974243,0.5703197121620178,-0.020383192226290703,0.354443222284317,0.5201308727264404,-0.025095583871006966,0.3540423512458801,0.4824637472629547,-0.0284284558147192,0.38648685812950134,0.6523789167404175,-0.017676901072263718,0.3967537581920624,0.5722417831420898,-0.02758895978331566,0.40337836742401123,0.5226845741271973,-0.03168012574315071,0.4092444181442261,0.48842325806617737,-0.03336261212825775,0.4087948501110077,0.6699549555778503,-0.018309131264686584,0.4088129997253418,0.6334708333015442,-0.014042648486793041,0.3997095823287964,0.6478431224822998,0.00048077499377541244,0.39544183015823364,0.6666847467422485,0.011031001806259155,0.4253341853618622,0.697481095790863,-0.018579550087451935,0.41982463002204895,0.6703634262084961,-0.0073614115826785564,0.41275423765182495,0.6813454031944275,0.009193787351250648,0.41114023327827454,0.6963210701942444,0.022054079920053482,Backward
0.3789558708667755,0.7896339297294617,2.9935975476291787e-07,0.3539178967475891,0.7363602519035339,0.014293874613940716,0.3552905321121216,0.6916924715042114,0.015342837199568748,0.3731004297733307,0.6576313376426697,0.015321632847189903,0.38992154598236084,0.6472329497337341,0.016123386099934578,0.35821279883384705,0.6481486558914185,-0.008190605789422989,0.35523882508277893,0.5701236724853516,-0.014924086630344391,0.3530578911304474,0.5202497839927673,-0.019758004695177078,0.35264843702316284,0.4827291965484619,-0.023364419117569923,0.38580405712127686,0.6514797806739807,-0.014061110094189644,0.39548563957214355,0.5719506144523621,-0.02381310425698757,0.4016818106174469,0.5225522518157959,-0.028018174692988396,0.4067368507385254,0.4873947501182556,-0.029812555760145187,0.40822720527648926,0.6693985462188721,-0.015572229400277138,0.4090137481689453,0.6353269815444946,-0.01004713959991932,0.40059563517570496,0.6480669379234314,0.005392364226281643,0.39643821120262146,0.6648688316345215,0.016427354887127876,0.42446303367614746,0.6980344653129578,-0.01651717722415924,0.4206373691558838,0.6699897050857544,-0.003518576268106699,0.41412797570228577,0.6802146434783936,0.014080607332289219,0.41249826550483704,0.6946978569030762,0.027513738721609116,Backward
0.3794248700141907,0.792809009552002,3.2113919701259874e-07,0.35526537895202637,0.737571120262146,0.012622480280697346,0.35705918073654175,0.689948320388794,0.011992035433650017,0.3746989965438843,0.6557459831237793,0.010428125038743019,0.3926968276500702,0.6469948887825012,0.00942460261285305,0.3587178885936737,0.6492723822593689,-0.013307439163327217,0.35535284876823425,0.5714693069458008,-0.022416766732931137,0.352539598941803,0.5205069780349731,-0.029012074694037437,0.3520273268222809,0.4827508330345154,-0.03368255868554115,0.3853829801082611,0.6531432867050171,-0.01945067197084427,0.3956400454044342,0.5719482898712158,-0.03059225343167782,0.4016348123550415,0.5200000405311584,-0.03622160479426384,0.407166987657547,0.4825055003166199,-0.03909663110971451,0.408535897731781,0.6710083484649658,-0.021053152158856392,0.4120883345603943,0.6333553194999695,-0.016812684014439583,0.4037063419818878,0.6464465856552124,-0.0019145552068948746,0.3986937999725342,0.6638243198394775,0.008879330940544605,0.42566412687301636,0.6994898915290833,-0.022201886400580406,0.42410436272621155,0.668131947517395,-0.010771704837679863,0.418008416891098,0.678673505783081,0.006610643584281206,0.41610607504844666,0.6933957934379578,0.02022648975253105,Backward
0.36551737785339355,0.7744857668876648,4.104986714992265e-07,0.3538154363632202,0.7242390513420105,0.005853706039488316,0.36341607570648193,0.6745777726173401,0.0010878536850214005,0.38474464416503906,0.6484969258308411,-0.006259967107325792,0.40295302867889404,0.6441590189933777,-0.01256510615348816,0.3550865650177002,0.6476553082466125,-0.011429908685386181,0.35990065336227417,0.5732852816581726,-0.02388850599527359,0.36408814787864685,0.5271140336990356,-0.029721539467573166,0.36830851435661316,0.4900874197483063,-0.03333228453993797,0.3683954179286957,0.651172935962677,-0.02168457955121994,0.38710373640060425,0.568618655204773,-0.04048362001776695,0.4011753797531128,0.5184851884841919,-0.04989340528845787,0.4120505750179291,0.4768086075782776,-0.054251253604888916,0.383050799369812,0.6689913868904114,-0.029700029641389847,0.4200838506221771,0.6281746625900269,-0.04346098005771637,0.4194115698337555,0.6576856374740601,-0.0363013856112957,0.4111613631248474,0.6762350797653198,-0.026778554543852806,0.3988436460494995,0.6943947672843933,-0.037369322031736374,0.4306558072566986,0.6655617356300354,-0.04371946305036545,0.4300481379032135,0.6899982690811157,-0.034914132207632065,0.42010679841041565,0.7035344839096069,-0.025472471490502357,Backward
0.36016082763671875,0.7785734534263611,4.0317829075320333e-07,0.34480223059654236,0.7239031195640564,0.006672793533653021,0.3519667685031891,0.6742212772369385,0.001704235328361392,0.3718804121017456,0.6447656154632568,-0.0053059873171150684,0.388751745223999,0.6361092329025269,-0.011289115063846111,0.34703266620635986,0.6442394852638245,-0.014785487204790115,0.34894508123397827,0.5685796737670898,-0.02727099321782589,0.35108327865600586,0.5205546617507935,-0.03285246714949608,0.3538324534893036,0.4831652045249939,-0.035900384187698364,0.3643976151943207,0.6489225625991821,-0.024418992921710014,0.38132956624031067,0.5661132335662842,-0.042817339301109314,0.39318764209747314,0.5144391059875488,-0.050778817385435104,0.4021362364292145,0.4738039970397949,-0.05377281457185745,0.38181212544441223,0.66749107837677,-0.03130650520324707,0.41121217608451843,0.6305514574050903,-0.041799500584602356,0.40799856185913086,0.6524887084960938,-0.03271546959877014,0.3989373743534088,0.6685096025466919,-0.022412322461605072,0.3978016972541809,0.6940630078315735,-0.03783547878265381,0.4220752716064453,0.6622181534767151,-0.03892585635185242,0.41861921548843384,0.6813719868659973,-0.026860319077968597,0.4075701832771301,0.6938747763633728,-0.015609364956617355,Backward
0.36021554470062256,0.773221492767334,4.323583766563388e-07,0.34475263953208923,0.7200723886489868,0.004981098230928183,0.35229524970054626,0.670380175113678,-0.0015332124894484878,0.37278351187705994,0.6410182118415833,-0.009738581255078316,0.38895440101623535,0.6334211826324463,-0.01695389859378338,0.3459828197956085,0.6440805792808533,-0.018918653950095177,0.3479776382446289,0.5694534778594971,-0.03372953087091446,0.34989625215530396,0.5215756893157959,-0.04111488163471222,0.35255733132362366,0.4835660755634308,-0.04544612020254135,0.36232832074165344,0.648405909538269,-0.028145160526037216,0.37968674302101135,0.5648341774940491,-0.04837031289935112,0.3923846483230591,0.5131853222846985,-0.05706994980573654,0.4021303057670593,0.47288981080055237,-0.060620617121458054,0.3798404633998871,0.6663395762443542,-0.034658804535865784,0.4110945165157318,0.6302295327186584,-0.04625982418656349,0.40860578417778015,0.6538944244384766,-0.03677605092525482,0.39969709515571594,0.6712040305137634,-0.026194514706730843,0.39683854579925537,0.6918493509292603,-0.041014574468135834,0.42304348945617676,0.6605522036552429,-0.043393854051828384,0.4198698401451111,0.6813257932662964,-0.03165566548705101,0.4084773659706116,0.6945247054100037,-0.020565077662467957,Backward
0.3890427052974701,0.6839184165000916,-2.1252955662021122e-07,0.36768200993537903,0.6664055585861206,0.0001380036846967414,0.3535083830356598,0.641357958316803,-0.004294723737984896,0.34345370531082153,0.6146119832992554,-0.010003606788814068,0.3308209180831909,0.6026694178581238,-0.01521556731313467,0.37049034237861633,0.5795502662658691,-0.004478922113776207,0.3897938132286072,0.5738164782524109,-0.008095783181488514,0.3934269845485687,0.5953867435455322,-0.010697889141738415,0.3906196057796478,0.6118316650390625,-0.013228238560259342,0.3835352957248688,0.5734737515449524,-0.00890470203012228,0.4064611494541168,0.5780616402626038,-0.009719416499137878,0.4060509204864502,0.6029083728790283,-0.010381801053881645,0.40045273303985596,0.6176820993423462,-0.012591460719704628,0.3976302742958069,0.5782231688499451,-0.013237904757261276,0.4199090898036957,0.5852014422416687,-0.014215325936675072,0.4179741144180298,0.6081284880638123,-0.012550312094390392,0.41156062483787537,0.6204172968864441,-0.013174356892704964,0.4118349552154541,0.5894439220428467,-0.017957229167222977,0.43283718824386597,0.5973135828971863,-0.018130425363779068,0.43006473779678345,0.6160885691642761,-0.016107995063066483,0.42277368903160095,0.6256357431411743,-0.015372063033282757,Left
0.38228103518486023,0.8102958798408508,-2.666439797849307e-07,0.3433772921562195,0.7789513468742371,0.007146751508116722,0.3155587315559387,0.7335351705551147,0.0017588406335562468,0.2935043275356293,0.6953770518302917,-0.006716656964272261,0.270873099565506,0.6800070405006409,-0.014454727992415428,0.31948375701904297,0.6461257338523865,-0.004653199575841427,0.35661301016807556,0.5921065211296082,-0.009527166374027729,0.3704376220703125,0.6197714805603027,-0.011862970888614655,0.369308203458786,0.6473225355148315,-0.013771725818514824,0.34113404154777527,0.6374172568321228,-0.015011406503617764,0.3824083209037781,0.5945497155189514,-0.014353700913488865,0.39026182889938354,0.6311697959899902,-0.01204218715429306,0.38183316588401794,0.659744143486023,-0.012998826801776886,0.3673379719257355,0.6403641700744629,-0.024589236825704575,0.4048502445220947,0.5999214053153992,-0.022972390055656433,0.4105527698993683,0.6371219158172607,-0.015580088831484318,0.40137284994125366,0.6645434498786926,-0.013824013993144035,0.39514487981796265,0.6505263447761536,-0.03395797312259674,0.4257538914680481,0.6124934554100037,-0.030701538547873497,0.4277418851852417,0.6468619704246521,-0.021765099838376045,0.4170715808868408,0.6733077764511108,-0.016894515603780746,Left
0.41792723536491394,0.8567823767662048,-3.5322588587405335e-07,0.37056291103363037,0.8013092875480652,-0.00041161957778967917,0.33567506074905396,0.7333409786224365,-0.008924184367060661,0.30405932664871216,0.6799004673957825,-0.018113482743501663,0.2723240256309509,0.6603166460990906,-0.026133092120289803,0.3767179548740387,0.6336007714271545,-0.008542669005692005,0.4056622087955475,0.6060827970504761,-0.003975029569119215,0.40948429703712463,0.6478458046913147,-0.000730520230717957,0.40192314982414246,0.6795003414154053,-0.0002434118650853634,0.41175851225852966,0.6341298222541809,-0.012621001340448856,0.43345555663108826,0.6242341995239258,0.00017987994942814112,0.43251022696495056,0.6643145084381104,0.00512382946908474,0.424787700176239,0.6937973499298096,0.002903691027313471,0.4437260925769806,0.6538721919059753,-0.01520495768636465,0.45737478137016296,0.63715660572052,-0.0026294521521776915,0.45629772543907166,0.6743419766426086,0.004701712168753147,0.4477255344390869,0.7061634063720703,0.003563848091289401,0.4715675711631775,0.6805832982063293,-0.01820865459740162,0.48116546869277954,0.6552232503890991,-0.007907018065452576,0.47802451252937317,0.6866108179092407,0.002942432416602969,0.4696389138698578,0.7149573564529419,0.008223659358918667,Left
0.41615617275238037,0.869419515132904,-4.633029107026232e-07,0.35904660820961,0.8216555118560791,-0.0064904033206403255,0.3190486431121826,0.7645315527915955,-0.01859486848115921,0.27931302785873413,0.7171053886413574,-0.030016768723726273,0.24218425154685974,0.70656418800354,-0.04067353159189224,0.3726922571659088,0.6456260681152344,-0.01648770086467266,0.3689679503440857,0.644434928894043,-0.01390435267239809,0.3716611862182617,0.6858448386192322,-0.014289137907326221,0.3749452233314514,0.7162824869155884,-0.01694166474044323,0.4115946590900421,0.641578197479248,-0.017091717571020126,0.398754358291626,0.6513333320617676,-0.008332466706633568,0.3961517810821533,0.6880115270614624,-0.007395783439278603,0.39975881576538086,0.7149949073791504,-0.012969165109097958,0.4443158805370331,0.6638161540031433,-0.01543019711971283,0.4261425733566284,0.6649265885353088,-0.006066352594643831,0.4236248731613159,0.6959923505783081,-0.00029534162604250014,0.4253790080547333,0.7264863848686218,-0.0023686063941568136,0.46884340047836304,0.6920716762542725,-0.01435582060366869,0.45580101013183594,0.6819980144500732,-0.0053948755376040936,0.4502079486846924,0.7080138921737671,0.0053571960888803005,0.44968360662460327,0.7334680557250977,0.010631931014358997,Left
0.39787518978118896,0.8595142364501953,-3.298115132110979e-07,0.34995993971824646,0.8106687068939209,-0.001295172143727541,0.31256067752838135,0.747508704662323,-0.01021877583116293,0.2848197817802429,0.6872557401657104,-0.02021554671227932,0.258296400308609,0.6550073027610779,-0.02830677106976509,0.3457474410533905,0.6565455794334412,-0.014897583052515984,0.3766905665397644,0.5941258072853088,-0.02021830528974533,0.3824412226676941,0.625643253326416,-0.02074529230594635,0.37543895840644836,0.6605579853057861,-0.020166926085948944,0.38010919094085693,0.6592186689376831,-0.020530935376882553,0.4050236940383911,0.5981974601745605,-0.01765896938741207,0.40833112597465515,0.6314118504524231,-0.012296687811613083,0.4022299349308014,0.6654900312423706,-0.011753063648939133,0.4140149652957916,0.6724220514297485,-0.025559550151228905,0.4326265752315521,0.6042802333831787,-0.02205682545900345,0.4336071014404297,0.6362369656562805,-0.011213472113013268,0.42677000164985657,0.6715406179428101,-0.0071993498131632805,0.44553685188293457,0.6922522187232971,-0.030820347368717194,0.45824134349823,0.6211810111999512,-0.025621313601732254,0.45620524883270264,0.6474514007568359,-0.012552592903375626,0.4492010474205017,0.6785428524017334,-0.004502481780946255,Left
0.45219168066978455,0.7747266888618469,-2.3935044168865716e-07,0.4191513955593109,0.7757500410079956,-0.005635084118694067,0.3955473005771637,0.7586546540260315,-0.011318315751850605,0.37456777691841125,0.7390902638435364,-0.015709687024354935,0.3557385504245758,0.7344589829444885,-0.01957804709672928,0.4110202491283417,0.6786727905273438,-0.008867571130394936,0.4177015721797943,0.6875295042991638,-0.006584898568689823,0.42216768860816956,0.706589937210083,-0.006425475236028433,0.4228309988975525,0.7197815179824829,-0.007761364337056875,0.4305664300918579,0.6649287343025208,-0.007670371327549219,0.433414489030838,0.6815364360809326,-0.0015374930808320642,0.43492045998573303,0.7000322937965393,-0.0015470474027097225,0.43648380041122437,0.7119843363761902,-0.005166798830032349,0.44979262351989746,0.6668270230293274,-0.005506009329110384,0.4482384920120239,0.681853711605072,0.00013115210458636284,0.448885053396225,0.6973662972450256,0.0018792180344462395,0.44982630014419556,0.7102281451225281,-0.000413056492106989,0.46617990732192993,0.6747660040855408,-0.0038480686489492655,0.4653528928756714,0.6823103427886963,0.0008055299404077232,0.46441328525543213,0.6967814564704895,0.004794248379766941,0.4640792906284332,0.7078726291656494,0.006209529936313629,Left
0.45102351903915405,0.7820048332214355,-2.6187998969362525e-07,0.4203042984008789,0.7629274129867554,-0.004897295031696558,0.4007985591888428,0.7281073927879333,-0.009750177152454853,0.384685754776001,0.6938043832778931,-0.013649779371917248,0.3668123185634613,0.6794498562812805,-0.01673302985727787,0.4274006485939026,0.6607373356819153,-0.00728627247735858,0.43842723965644836,0.6560153365135193,-0.005566092673689127,0.43969666957855225,0.6760051846504211,-0.005306128412485123,0.4365842938423157,0.6908783912658691,-0.006696284748613834,0.4476260840892792,0.6600880026817322,-0.007065636105835438,0.45447278022766113,0.6637303233146667,-0.001583586330525577,0.45276811718940735,0.682957649230957,-0.0006993605056777596,0.45017844438552856,0.6978620290756226,-0.003660093527287245,0.46581369638442993,0.6725309491157532,-0.006176675204187632,0.46796053647994995,0.6756846904754639,-0.0015341673279181123,0.4662928581237793,0.6910417079925537,0.00126830511726439,0.46369123458862305,0.70611172914505,-0.00021532332175411284,0.48080646991729736,0.6895921230316162,-0.005736219231039286,0.4821947515010834,0.6913912892341614,-0.002454954432323575,0.4787374436855316,0.7052034735679626,0.0015867060283198953,0.4750741720199585,0.7168194651603699,0.0031528612598776817,Left
0.4292186200618744,0.7749547362327576,-2.2704749369495403e-07,0.4047048091888428,0.7652553915977478,-0.0018173465505242348,0.38838374614715576,0.7462889552116394,-0.006522271316498518,0.37577030062675476,0.7277761101722717,-0.011100017465651035,0.36254972219467163,0.7209459543228149,-0.015343824401497841,0.40256285667419434,0.6750550866127014,-0.009060381911695004,0.4160277545452118,0.6747535467147827,-0.01002795435488224,0.4196632504463196,0.6915867924690247,-0.010572399012744427,0.4178946614265442,0.705439031124115,-0.01192783284932375,0.42104995250701904,0.6677843928337097,-0.011661535128951073,0.4323241114616394,0.6743948459625244,-0.009508741088211536,0.4327429234981537,0.6934229135513306,-0.009303314611315727,0.4302786886692047,0.7075994610786438,-0.011531813070178032,0.43854400515556335,0.6718440651893616,-0.013516034930944443,0.44712936878204346,0.6784691214561462,-0.01204500999301672,0.44659316539764404,0.6963852643966675,-0.010086331516504288,0.44319093227386475,0.7108073234558105,-0.011079118587076664,0.454043447971344,0.6820285320281982,-0.015683917328715324,0.46264854073524475,0.6871055960655212,-0.015023757703602314,0.46105918288230896,0.7038959860801697,-0.012183762155473232,0.45670998096466064,0.7166241407394409,-0.010772369801998138,Left
0.43396639823913574,0.7856956124305725,-2.6848118750422145e-07,0.4032272398471832,0.7754652500152588,-0.00432999525219202,0.38263553380966187,0.749444305896759,-0.00930748786777258,0.3654651641845703,0.7247843742370605,-0.01339892391115427,0.34828969836235046,0.7160027027130127,-0.016867633908987045,0.40406179428100586,0.676851212978363,-0.00873828399926424,0.41110026836395264,0.6821120977401733,-0.00797333661466837,0.41423529386520386,0.7013874053955078,-0.008509698323905468,0.41386061906814575,0.7157556414604187,-0.010203932411968708,0.423573762178421,0.6711820960044861,-0.009109223261475563,0.4276360869407654,0.682457685470581,-0.004653699696063995,0.42766982316970825,0.7008838057518005,-0.00455453572794795,0.42710673809051514,0.7144073247909546,-0.00772786233574152,0.44194966554641724,0.6788136959075928,-0.008666899055242538,0.44228696823120117,0.6883895993232727,-0.004770851228386164,0.44136661291122437,0.7038102149963379,-0.0028042413759976625,0.43984436988830566,0.7170649170875549,-0.004617592319846153,0.45706889033317566,0.6920053958892822,-0.008649011142551899,0.45774298906326294,0.6990925669670105,-0.005927887745201588,0.45510751008987427,0.7130366563796997,-0.0024708486162126064,0.4523487389087677,0.7236279845237732,-0.0011548062320798635,Left
0.42266279458999634,0.7862078547477722,-2.396574814156338e-07,0.3971535265445709,0.7782856225967407,-0.0021300336811691523,0.37948593497276306,0.7591638565063477,-0.007067229598760605,0.3652002811431885,0.7396159172058105,-0.011963661760091782,0.34998494386672974,0.7341939210891724,-0.01657412014901638,0.3937387466430664,0.6848791837692261,-0.007535611744970083,0.40878498554229736,0.6865760087966919,-0.009792729280889034,0.41196244955062866,0.7041658759117126,-0.012369481846690178,0.40962690114974976,0.7178080081939697,-0.015276841819286346,0.4112855792045593,0.675948977470398,-0.010383480228483677,0.4241122305393219,0.6843299269676208,-0.008835941553115845,0.42448684573173523,0.7038484811782837,-0.009635104797780514,0.42212727665901184,0.7171808481216431,-0.012760256417095661,0.4285449683666229,0.6794861555099487,-0.012754803523421288,0.4388394057750702,0.6876312494277954,-0.011664836667478085,0.43812352418899536,0.7057422399520874,-0.010150103829801083,0.4342636466026306,0.7184183597564697,-0.011622828431427479,0.44428205490112305,0.689975380897522,-0.015561172738671303,0.45418304204940796,0.6973018050193787,-0.015119200572371483,0.45187893509864807,0.7143712043762207,-0.012740141712129116,0.44634443521499634,0.7253564596176147,-0.011827915906906128,Left
0.4159826934337616,0.7874923944473267,-2.231747657788219e-07,0.39201194047927856,0.7805849313735962,-0.001527231652289629,0.37418216466903687,0.76295006275177,-0.005824260413646698,0.3592456579208374,0.7487719058990479,-0.010406370274722576,0.3443102240562439,0.7481476664543152,-0.014849226921796799,0.3857823312282562,0.6879986524581909,-0.004521282389760017,0.4010832905769348,0.6892088651657104,-0.006461727432906628,0.40454787015914917,0.7057554721832275,-0.009639961645007133,0.4022523760795593,0.7192264199256897,-0.013054725714027882,0.4028516411781311,0.678434431552887,-0.007852976210415363,0.4159884452819824,0.6851710081100464,-0.006545542273670435,0.41690805554389954,0.703236997127533,-0.008138780482113361,0.4147087037563324,0.7172045111656189,-0.011543164029717445,0.4199303090572357,0.6807326078414917,-0.01086209062486887,0.4305892884731293,0.6870970726013184,-0.010213118977844715,0.4307762384414673,0.7045074105262756,-0.00930071622133255,0.42737501859664917,0.7179237008094788,-0.010766210034489632,0.43579286336898804,0.6901690363883972,-0.014290839433670044,0.44596734642982483,0.694121241569519,-0.014259517192840576,0.44479483366012573,0.7102910876274109,-0.012139623984694481,0.44007641077041626,0.7219389081001282,-0.011192303150892258,Left
0.3721310794353485,0.7397705912590027,-3.1471887496081763e-07,0.32696032524108887,0.7134387493133545,-0.007875936105847359,0.2968135476112366,0.6662347912788391,-0.016186272725462914,0.27154725790023804,0.6160978078842163,-0.023304995149374008,0.24746431410312653,0.588607668876648,-0.029296109452843666,0.3355271816253662,0.5691196322441101,-0.0061693619936704636,0.35053184628486633,0.5527855157852173,-0.002258543623611331,0.35234808921813965,0.5826830863952637,-0.0013326595071703196,0.3479801416397095,0.6084898114204407,-0.002379419282078743,0.3657177686691284,0.564138650894165,-0.004031101707369089,0.37200838327407837,0.5694243311882019,0.005462648347020149,0.3710388243198395,0.5991255044937134,0.005946850869804621,0.36991527676582336,0.6220694184303284,0.0020139701664447784,0.39176085591316223,0.5779070258140564,-0.0012156276497989893,0.3935055136680603,0.5803486108779907,0.007754604332149029,0.39187002182006836,0.6052564382553101,0.010906200855970383,0.3893537223339081,0.6282081007957458,0.008573860861361027,0.4140015244483948,0.5977029204368591,0.0008830265724100173,0.4150063693523407,0.5936229228973389,0.007956279441714287,0.4114813506603241,0.6165583729743958,0.014088114723563194,0.40852969884872437,0.6363387107849121,0.01686052791774273,Left
0.4409387707710266,0.7939926981925964,-2.478598162269918e-07,0.4082755148410797,0.7834553122520447,-0.006474883295595646,0.38443565368652344,0.7590236067771912,-0.012197239324450493,0.362876296043396,0.7381190061569214,-0.01639850251376629,0.34359148144721985,0.7321345806121826,-0.01996523328125477,0.4095717966556549,0.6809666752815247,-0.007845603860914707,0.40494677424430847,0.6956506967544556,-0.005027454346418381,0.40790095925331116,0.7178443670272827,-0.005017553921788931,0.4111631214618683,0.7302023768424988,-0.006639010272920132,0.4298382103443146,0.6769704818725586,-0.0057057966478168964,0.4220629632472992,0.694585382938385,-0.00025664811255410314,0.4221377372741699,0.7136365175247192,-0.0008758629555813968,0.4256144165992737,0.7252826690673828,-0.0048972382210195065,0.447458952665329,0.6870191693305969,-0.0025726493913680315,0.43840885162353516,0.6987848877906799,0.0024262929800897837,0.4371299147605896,0.7131848335266113,0.003814170602709055,0.4396485388278961,0.7258281111717224,0.0014554851222783327,0.4613586366176605,0.7015065550804138,0.00024240330094471574,0.45406579971313477,0.7075105309486389,0.003946336917579174,0.45156019926071167,0.7199105024337769,0.007646335754543543,0.45273247361183167,0.7286915183067322,0.008967822417616844,Left
0.4417605400085449,0.8063256144523621,-2.2936677623874857e-07,0.4083586633205414,0.7892330884933472,-0.0021991641260683537,0.39068299531936646,0.7518393993377686,-0.004150982480496168,0.3777037262916565,0.7139559984207153,-0.005526514258235693,0.36434584856033325,0.689307451248169,-0.006298278458416462,0.41442781686782837,0.6852935552597046,0.0011133603984490037,0.4046207070350647,0.6750836372375488,0.006736973766237497,0.40426430106163025,0.6973206400871277,0.008387564681470394,0.4077182710170746,0.7119213342666626,0.008181201294064522,0.4333999454975128,0.6827248930931091,0.0028055806178599596,0.4217762351036072,0.6867443919181824,0.011711755767464638,0.41989365220069885,0.706620991230011,0.012516500428318977,0.42372962832450867,0.7200073003768921,0.009741652756929398,0.44896844029426575,0.6945756673812866,0.005292334593832493,0.43725112080574036,0.6956245303153992,0.01287584938108921,0.43431463837623596,0.7117646336555481,0.014409125782549381,0.43702393770217896,0.7265512347221375,0.01213981956243515,0.46128392219543457,0.7082116007804871,0.007777867838740349,0.4515889286994934,0.7063924670219421,0.014361759647727013,0.4480566680431366,0.7199844121932983,0.018495790660381317,0.44998642802238464,0.7314299941062927,0.019910793751478195,Left
0.42226627469062805,0.8008371591567993,-2.856729963696125e-07,0.3924482464790344,0.7779925465583801,-0.004212663043290377,0.3745115101337433,0.7381344437599182,-0.007099564652889967,0.3614851236343384,0.6981583833694458,-0.00893709808588028,0.3480011224746704,0.6752211451530457,-0.010049821808934212,0.4016200304031372,0.6738505959510803,-0.004020548891276121,0.4022361636161804,0.6766012907028198,-0.0020454267505556345,0.4025384783744812,0.6999692916870117,-0.00260350713506341,0.4025704264640808,0.7143651843070984,-0.004159189760684967,0.42114880681037903,0.6750563383102417,-0.0025989634450525045,0.4179304540157318,0.684667706489563,0.0034509124234318733,0.4160148799419403,0.7040067911148071,0.0036456934176385403,0.41629758477211,0.7178866863250732,0.0005549249472096562,0.4372974932193756,0.6888549327850342,-0.0005409489967860281,0.4316401481628418,0.6960745453834534,0.004143290687352419,0.42883622646331787,0.7109626531600952,0.005690931808203459,0.4282876253128052,0.7252941131591797,0.003926640842109919,0.44949567317962646,0.705543577671051,0.0012962877517566085,0.4447234272956848,0.7101473212242126,0.0049252742901444435,0.4409751296043396,0.7232226729393005,0.008545765653252602,0.439509779214859,0.7337326407432556,0.01017804630100727,Left
0.40259847044944763,0.7826554179191589,-1.717353512731279e-07,0.3793066143989563,0.7665402293205261,-0.0024755022022873163,0.3616101145744324,0.7350714802742004,-0.006486447528004646,0.35042113065719604,0.7025288939476013,-0.010575970634818077,0.3379528224468231,0.6848086714744568,-0.013751232996582985,0.37590453028678894,0.6805379986763,-0.005883320234715939,0.3950621485710144,0.6623747944831848,-0.008055724203586578,0.3993965983390808,0.677659273147583,-0.009081565774977207,0.3970908522605896,0.6923285722732544,-0.01031422708183527,0.39080488681793213,0.6779922246932983,-0.008319041691720486,0.4096464514732361,0.6639837026596069,-0.007902396842837334,0.41123446822166443,0.6825324892997742,-0.007133670151233673,0.40694811940193176,0.6979516744613647,-0.008229997009038925,0.4059833288192749,0.6831244826316833,-0.010809732601046562,0.4234429895877838,0.6691430807113647,-0.010663963854312897,0.42323538661003113,0.687703013420105,-0.0075991516932845116,0.4180423319339752,0.7024709582328796,-0.00726386858150363,0.42117056250572205,0.6927933096885681,-0.013731169514358044,0.4350671172142029,0.681036651134491,-0.013756019994616508,0.43329888582229614,0.6984299421310425,-0.010698373429477215,0.4272302985191345,0.7112586498260498,-0.009067500941455364,Left
0.36814260482788086,0.7594575881958008,-1.6597668661688658e-07,0.3338058590888977,0.7213413119316101,0.0029287957586348057,0.31512388586997986,0.6698976755142212,-0.0021790284663438797,0.3045722246170044,0.6201241612434387,-0.008791746571660042,0.2897561490535736,0.5896192193031311,-0.01433803141117096,0.33211398124694824,0.5937740802764893,-0.008016034960746765,0.37000101804733276,0.5641462206840515,-0.009579724632203579,0.3812081515789032,0.5865849256515503,-0.00814637541770935,0.38004326820373535,0.6075464487075806,-0.007233188487589359,0.35357919335365295,0.5951361656188965,-0.014919895678758621,0.39413321018218994,0.5751656293869019,-0.0123258326202631,0.39911675453186035,0.6049943566322327,-0.008523471653461456,0.39079153537750244,0.6265410780906677,-0.008241304196417332,0.37621545791625977,0.6089082956314087,-0.021030932664871216,0.4143662452697754,0.5850163698196411,-0.01879718340933323,0.41572117805480957,0.6155309081077576,-0.012072273530066013,0.4054752588272095,0.6375784873962402,-0.010335803963243961,0.3990767300128937,0.6298009157180786,-0.02706100046634674,0.4308093786239624,0.6037400364875793,-0.024781586602330208,0.4293975830078125,0.6294256448745728,-0.017244555056095123,0.4179408848285675,0.6488128900527954,-0.012984970584511757,Left
0.36183658242225647,0.7618645429611206,-1.9188476585441094e-07,0.32266631722450256,0.7219781875610352,-0.0014746955130249262,0.29803013801574707,0.6683393120765686,-0.00847849901765585,0.28442999720573425,0.6127650737762451,-0.01565939001739025,0.2673860192298889,0.581088662147522,-0.021439386531710625,0.32862794399261475,0.588983952999115,-0.013102886267006397,0.3608485162258148,0.5602322816848755,-0.011716620065271854,0.3713901937007904,0.5854110717773438,-0.007337241433560848,0.36994218826293945,0.609545111656189,-0.0047666593454778194,0.3543511629104614,0.5925340056419373,-0.016985531896352768,0.386930376291275,0.5733261704444885,-0.01137406937777996,0.3905962407588959,0.6032589673995972,-0.006031529046595097,0.38348424434661865,0.6283373832702637,-0.005532591603696346,0.3783167600631714,0.6091458797454834,-0.01988908275961876,0.4094541668891907,0.5833152532577515,-0.015331396833062172,0.4099099636077881,0.6110706925392151,-0.008305739611387253,0.4007311165332794,0.6354600191116333,-0.0071235536597669125,0.4008089601993561,0.6331168413162231,-0.022936364635825157,0.42716750502586365,0.6030882000923157,-0.019721928983926773,0.4256296753883362,0.6242921352386475,-0.012037205509841442,0.4158403277397156,0.6432534456253052,-0.007851270027458668,Left
0.36923205852508545,0.7347673177719116,-2.135923011792329e-07,0.33149537444114685,0.7006847858428955,-0.00223791366443038,0.3059625029563904,0.6541475057601929,-0.009670915082097054,0.2883037328720093,0.6065365672111511,-0.017166409641504288,0.27046656608581543,0.5766214728355408,-0.023168103769421577,0.33009040355682373,0.5717868804931641,-0.011876720003783703,0.35969802737236023,0.5400628447532654,-0.012063737958669662,0.3681591749191284,0.5637298226356506,-0.009786654263734818,0.3644723892211914,0.5885593295097351,-0.008649887517094612,0.354643851518631,0.5703249573707581,-0.015449872240424156,0.382933109998703,0.5500088930130005,-0.010712925344705582,0.38631173968315125,0.5777562260627747,-0.006882845889776945,0.379354327917099,0.6029580235481262,-0.007338973693549633,0.37926870584487915,0.581062912940979,-0.018346842378377914,0.4049754738807678,0.5570605397224426,-0.013453174382448196,0.4054858088493347,0.5835367441177368,-0.0067394087091088295,0.3974609971046448,0.6081031560897827,-0.006017443258315325,0.40308573842048645,0.5990025401115417,-0.021659880876541138,0.42284268140792847,0.5747265219688416,-0.01803765259683132,0.4203650951385498,0.6002653241157532,-0.010837623849511147,0.4113629460334778,0.6228364706039429,-0.00705877598375082,Left
0.3784017860889435,0.7273780107498169,-2.0644408493808442e-07,0.34912246465682983,0.7018612623214722,0.002898752223700285,0.33083146810531616,0.6625156402587891,-0.001901094103232026,0.31937503814697266,0.625616729259491,-0.008524245582520962,0.3051624894142151,0.6026511788368225,-0.014268252067267895,0.33969882130622864,0.5840510129928589,-0.005012256093323231,0.3741798996925354,0.5546395778656006,-0.00897854845970869,0.38408347964286804,0.5771940350532532,-0.010550112463533878,0.38189777731895447,0.5989254713058472,-0.012024985626339912,0.35690248012542725,0.5784265398979187,-0.01228942722082138,0.3945274353027344,0.5562966465950012,-0.013234242796897888,0.3997635841369629,0.5857720971107483,-0.012413807213306427,0.3922557532787323,0.6072847843170166,-0.0135025754570961,0.37642204761505127,0.5837064385414124,-0.01917758770287037,0.41230133175849915,0.5627177357673645,-0.020565301179885864,0.41501638293266296,0.5941068530082703,-0.016205035150051117,0.40602394938468933,0.6149709224700928,-0.01509577315300703,0.3967893123626709,0.5968509316444397,-0.026051534339785576,0.4274810254573822,0.5780811905860901,-0.02652701362967491,0.4276866912841797,0.6059495210647583,-0.021459247916936874,0.41753506660461426,0.6263646483421326,-0.01840413734316826,Left
0.3687043786048889,0.735615611076355,-3.216209449874441e-07,0.32753869891166687,0.7055277824401855,-0.004501331131905317,0.298176646232605,0.6600143313407898,-0.012779312208294868,0.2756062150001526,0.6115626692771912,-0.020436709746718407,0.253439724445343,0.5835582613945007,-0.026681745424866676,0.33197978138923645,0.5696892738342285,-0.013571325689554214,0.3522373139858246,0.5450547933578491,-0.01274831872433424,0.3553849756717682,0.5753165483474731,-0.010790843516588211,0.34991300106048584,0.6009149551391602,-0.01058866921812296,0.3606899678707123,0.566940188407898,-0.01493334211409092,0.3753929138183594,0.5597408413887024,-0.008538373745977879,0.3742426037788391,0.5904839634895325,-0.0049986764788627625,0.3686905801296234,0.61495041847229,-0.006591875106096268,0.386782169342041,0.5796552300453186,-0.01530403271317482,0.39699071645736694,0.5703550577163696,-0.008395776152610779,0.3950287997722626,0.5971856713294983,-0.001462654210627079,0.3894348740577698,0.6214101314544678,-0.0013865273213014007,0.4098619222640991,0.5981132984161377,-0.016308270394802094,0.41781631112098694,0.5870522260665894,-0.010869286954402924,0.41341066360473633,0.6117496490478516,-0.0031717305537313223,0.4075477123260498,0.6318801641464233,0.0006860707071609795,Left
0.36912763118743896,0.73528653383255,-2.018681328763705e-07,0.3307223916053772,0.7064963579177856,-0.0027301572263240814,0.30444061756134033,0.6621739864349365,-0.009670108556747437,0.28661230206489563,0.6169176697731018,-0.01689082570374012,0.2674404978752136,0.5922034382820129,-0.02295789122581482,0.32954245805740356,0.574013888835907,-0.008479596115648746,0.3561646640300751,0.5481454730033875,-0.00842643529176712,0.36462095379829407,0.5722213387489319,-0.00755788991227746,0.3617612421512604,0.5962198376655579,-0.0077682239934802055,0.35371023416519165,0.5707179307937622,-0.01178418193012476,0.37975242733955383,0.556740403175354,-0.007092574145644903,0.38248559832572937,0.5849089622497559,-0.00476198922842741,0.3759925067424774,0.6083179712295532,-0.006187475752085447,0.37778306007385254,0.5806103944778442,-0.014672946184873581,0.40206676721572876,0.5618558526039124,-0.01060581672936678,0.40216588973999023,0.5887513756752014,-0.005404362455010414,0.3944939970970154,0.6116023659706116,-0.005287711508572102,0.4008335471153259,0.5980885028839111,-0.018042515963315964,0.42067253589630127,0.5765105485916138,-0.01516630407422781,0.4183264672756195,0.6019894480705261,-0.008697830140590668,0.40970999002456665,0.6234067678451538,-0.0051977140828967094,Left
0.4096013009548187,0.8729045391082764,-4.381554390420206e-07,0.35681939125061035,0.8175756931304932,-0.0003170266863889992,0.3209484815597534,0.7527753710746765,-0.007238199468702078,0.2927999794483185,0.6852976679801941,-0.01483454555273056,0.2672622799873352,0.649452805519104,-0.020419280976057053,0.3609776794910431,0.6544424891471863,-0.009929978288710117,0.3707444369792938,0.6014032959938049,-0.010013319551944733,0.37314215302467346,0.6369969248771667,-0.0071711488999426365,0.3714878261089325,0.6723646521568298,-0.004987651016563177,0.39799076318740845,0.6540566086769104,-0.012548540718853474,0.4025784134864807,0.6068276166915894,-0.004771056585013866,0.400164395570755,0.6417746543884277,0.0015229735290631652,0.39944082498550415,0.6733072996139526,0.001495719887316227,0.43134748935699463,0.6698705554008484,-0.0138693330809474,0.43251290917396545,0.6147071719169617,-0.007041808683425188,0.4285447895526886,0.6455978155136108,0.0028727452736347914,0.42561373114585876,0.6809184551239014,0.005305974744260311,0.4602792263031006,0.6918668150901794,-0.01499927882105112,0.45953118801116943,0.6348872780799866,-0.007052511442452669,0.45340675115585327,0.6611407399177551,0.00587935047224164,0.44976869225502014,0.691904604434967,0.013354620896279812,Left
0.37085384130477905,0.7402798533439636,-3.318001233765244e-07,0.3287630081176758,0.7084884643554688,-0.0062410468235611916,0.29848983883857727,0.6612014770507812,-0.01573917455971241,0.27477723360061646,0.6102566719055176,-0.023774011060595512,0.2513562738895416,0.581952691078186,-0.03027419000864029,0.33315718173980713,0.5663255453109741,-0.01822059601545334,0.35530927777290344,0.5477216839790344,-0.016222631558775902,0.3577890992164612,0.5793619155883789,-0.012728624977171421,0.3512451946735382,0.6043978929519653,-0.01171742845326662,0.36343175172805786,0.5638539791107178,-0.018178556114435196,0.3775078058242798,0.5616446137428284,-0.010468562133610249,0.3759365975856781,0.593296229839325,-0.005889653693884611,0.37030014395713806,0.617044985294342,-0.007143914233893156,0.39070457220077515,0.5785654187202454,-0.016772963106632233,0.39867809414863586,0.5736940503120422,-0.009074518457055092,0.3965008854866028,0.6007060408592224,-0.0022695197258144617,0.39109814167022705,0.6248807907104492,-0.0024868142791092396,0.41431981325149536,0.5985844731330872,-0.015943899750709534,0.41974329948425293,0.5892618894577026,-0.010144106112420559,0.4153496026992798,0.6140013337135315,-0.002570335753262043,0.40994223952293396,0.634280264377594,0.0012335141655057669,Left
0.3726232349872589,0.7373692989349365,-3.589591699437733e-07,0.3276507556438446,0.7074270248413086,-0.007131761871278286,0.2976970374584198,0.6602448225021362,-0.016236938536167145,0.27270767092704773,0.609055757522583,-0.023566387593746185,0.24802818894386292,0.5824835896492004,-0.029403269290924072,0.3351779878139496,0.5643274188041687,-0.015739254653453827,0.3517584204673767,0.552510678768158,-0.012051735073328018,0.3537936806678772,0.5840127468109131,-0.008758761920034885,0.3491334915161133,0.6071032881736755,-0.008393120020627975,0.3659725487232208,0.5611075162887573,-0.014506214298307896,0.3736419677734375,0.5639888644218445,-0.0052030254155397415,0.3717927038669586,0.5939528942108154,-0.0016805140767246485,0.36902618408203125,0.6157548427581787,-0.004269860684871674,0.3927689790725708,0.5763494372367859,-0.011838223785161972,0.3935512602329254,0.5789974927902222,-0.0030784569680690765,0.39146971702575684,0.6038615703582764,0.002406676299870014,0.38872066140174866,0.6259961724281311,0.0009706521523185074,0.41482168436050415,0.5960298180580139,-0.00974693801254034,0.41479626297950745,0.5922657251358032,-0.002784967189654708,0.41085800528526306,0.6146964430809021,0.004446791484951973,0.40778568387031555,0.6329854726791382,0.007632546592503786,Left
0.3716158866882324,0.7350493669509888,-3.343932348798262e-07,0.3275684118270874,0.7051746249198914,-0.006740775424987078,0.2980298101902008,0.6577178835868835,-0.015303831547498703,0.2747051417827606,0.6067976355552673,-0.022521963343024254,0.25132930278778076,0.5784006714820862,-0.028428522869944572,0.3355933427810669,0.564717710018158,-0.014014077372848988,0.35368406772613525,0.5483021140098572,-0.011050564236938953,0.35499316453933716,0.5788297057151794,-0.00837800558656454,0.349302738904953,0.6029044985771179,-0.008157934993505478,0.3660371005535126,0.562985897064209,-0.013174532912671566,0.3758963942527771,0.563417375087738,-0.004794395994395018,0.3728550672531128,0.5938077569007874,-0.0015566734364256263,0.36842650175094604,0.617115318775177,-0.003894746070727706,0.3926326632499695,0.5791261792182922,-0.01118386723101139,0.39680176973342896,0.5757260322570801,-0.003131541423499584,0.39403122663497925,0.601407527923584,0.0025788163766264915,0.3899461328983307,0.6254030466079712,0.001603823620826006,0.41530388593673706,0.5999134182929993,-0.009816398844122887,0.41741687059402466,0.5924009084701538,-0.0036649734247475863,0.4128216505050659,0.6152883172035217,0.003483379492536187,0.40886950492858887,0.6347571015357971,0.0068364860489964485,Left
0.4184093773365021,0.8571808338165283,-6.520974693557946e-07,0.3463814854621887,0.7786633968353271,-0.0010659369872882962,0.29827868938446045,0.6912961006164551,-0.015137785114347935,0.25805848836898804,0.5960457921028137,-0.028364509344100952,0.21614345908164978,0.5529733300209045,-0.04068205878138542,0.3799595534801483,0.562358021736145,-0.03180141746997833,0.39518341422080994,0.5261731147766113,-0.023180682212114334,0.3945898115634918,0.5776038765907288,-0.013233073055744171,0.39067912101745605,0.6169959306716919,-0.009057000279426575,0.433107852935791,0.5662084221839905,-0.03299873322248459,0.43406617641448975,0.5459421277046204,-0.013253143057227135,0.4245399534702301,0.5925198197364807,-0.0014648622600361705,0.4216954708099365,0.6320000886917114,-0.0032129527535289526,0.4750804901123047,0.6004698872566223,-0.029405470937490463,0.46532297134399414,0.5787930488586426,-0.009200772270560265,0.45627009868621826,0.6192437410354614,0.004348644521087408,0.45162907242774963,0.6625182032585144,0.002857212908565998,0.5067153573036194,0.6394936442375183,-0.025682345032691956,0.49953144788742065,0.6148896813392639,-0.008396998047828674,0.48602527379989624,0.657489538192749,0.008381702937185764,0.4787653386592865,0.6984097957611084,0.015358367003500462,Left
0.32766494154930115,0.8283128142356873,-5.995061087560316e-07,0.25876209139823914,0.7738736867904663,0.0002588398056104779,0.2125949114561081,0.7002448439598083,-0.010775354690849781,0.1734209656715393,0.6203060746192932,-0.022257670760154724,0.13130992650985718,0.5903616547584534,-0.03268537297844887,0.2694889008998871,0.5609897375106812,-0.02123374119400978,0.3074047267436981,0.534069836139679,-0.016166014596819878,0.31307458877563477,0.5826562643051147,-0.010972036980092525,0.3053613007068634,0.6179999113082886,-0.010103260166943073,0.3133886158466339,0.5535988807678223,-0.02680050954222679,0.3453747034072876,0.5502802133560181,-0.010771186091005802,0.34258833527565,0.5971084237098694,-0.0033065457828342915,0.33389461040496826,0.6308033466339111,-0.006587029434740543,0.3558458685874939,0.5770782232284546,-0.029094889760017395,0.3737642467021942,0.5650436878204346,-0.013706505298614502,0.37063881754875183,0.6066480875015259,-0.0021149415988475084,0.3616335988044739,0.6415565013885498,-0.003012966364622116,0.3923753499984741,0.6113021969795227,-0.03157684952020645,0.4074189364910126,0.5859209895133972,-0.017445219680666924,0.40128859877586365,0.6245437860488892,-0.0016911225393414497,0.39080488681793213,0.656390905380249,0.00559464655816555,Left
0.322364866733551,0.8695682287216187,-4.934439061798912e-07,0.2780042290687561,0.7603207230567932,0.00045367845450527966,0.24897807836532593,0.6435685753822327,-0.011331615969538689,0.22644266486167908,0.5456881523132324,-0.024169670417904854,0.19125117361545563,0.493145614862442,-0.03475397825241089,0.3199429512023926,0.5526840090751648,-0.020975695922970772,0.3775656521320343,0.5322292447090149,-0.020978137850761414,0.3752497136592865,0.5838174819946289,-0.017540866509079933,0.35676100850105286,0.6161187291145325,-0.0165513027459383,0.3603788912296295,0.5836423635482788,-0.029521187767386436,0.4105978012084961,0.5814464092254639,-0.018459824845194817,0.40018391609191895,0.6306236982345581,-0.009421027265489101,0.3775853216648102,0.6611109972000122,-0.00994628295302391,0.3957267701625824,0.6340014934539795,-0.036053046584129333,0.43581968545913696,0.6214581727981567,-0.024151181802153587,0.42442166805267334,0.666494607925415,-0.009583172388374805,0.4017730951309204,0.6983206868171692,-0.007273025345057249,0.4253735840320587,0.690386176109314,-0.04316155984997749,0.45868736505508423,0.6638572216033936,-0.03289181366562843,0.4455903172492981,0.7022066712379456,-0.016193998977541924,0.42411988973617554,0.7296446561813354,-0.007212080992758274,Left
0.3403205871582031,0.8563299179077148,-4.5964790729158267e-07,0.26632681488990784,0.8159760236740112,-0.0017464130651205778,0.20833581686019897,0.7527452707290649,-0.015858672559261322,0.15980438888072968,0.6886521577835083,-0.02894020639359951,0.1154346615076065,0.6672573685646057,-0.039070598781108856,0.24542097747325897,0.6069211363792419,-0.03201894462108612,0.2776739001274109,0.521201491355896,-0.0284240934997797,0.28961896896362305,0.563086748123169,-0.017565393820405006,0.2847082018852234,0.6092221140861511,-0.011379461735486984,0.29300186038017273,0.5947567820549011,-0.037274785339832306,0.31866973638534546,0.5265917778015137,-0.024234073236584663,0.32573428750038147,0.57333904504776,-0.009857816621661186,0.3219451904296875,0.6170992851257324,-0.00700507452711463,0.33994901180267334,0.6013534069061279,-0.03941826522350311,0.3548993170261383,0.5340031385421753,-0.025330273434519768,0.35983753204345703,0.5777462720870972,-0.006271724123507738,0.35653963685035706,0.6231096386909485,-0.0019214433850720525,0.38273611664772034,0.6177749633789062,-0.04161827638745308,0.3887143135070801,0.5499238967895508,-0.030660370364785194,0.3898685872554779,0.5924485921859741,-0.012213190086185932,0.38676875829696655,0.63169926404953,-0.002443035366013646,Left
0.31143802404403687,0.8647722005844116,-4.2753231355163734e-07,0.2518688440322876,0.8110339045524597,0.005338029935956001,0.20642438530921936,0.736930251121521,-0.005671784747391939,0.17150044441223145,0.6658810377120972,-0.018898751586675644,0.13244624435901642,0.6383914351463318,-0.030051978304982185,0.2204173356294632,0.6101740598678589,-0.02257968671619892,0.2781030237674713,0.5223204493522644,-0.027368508279323578,0.2963758707046509,0.5654779076576233,-0.02438119240105152,0.2918783724308014,0.6102535128593445,-0.022736556828022003,0.256414532661438,0.6049670577049255,-0.03540002182126045,0.31832385063171387,0.5316339731216431,-0.03145294263958931,0.3301014304161072,0.5841966867446899,-0.02198212593793869,0.3183622658252716,0.6299160122871399,-0.02042868174612522,0.29806220531463623,0.6157940626144409,-0.04637903720140457,0.3504951000213623,0.542999267578125,-0.04154369980096817,0.3572302758693695,0.5951902270317078,-0.026069512590765953,0.34412288665771484,0.6394141912460327,-0.02180870622396469,0.34146443009376526,0.6349753737449646,-0.05720314756035805,0.3804185092449188,0.5624910593032837,-0.05261017754673958,0.38219061493873596,0.6092190742492676,-0.03789210319519043,0.36717069149017334,0.6493537425994873,-0.029973044991493225,Left
0.338773638010025,0.8593505620956421,-5.003458340979705e-07,0.26510658860206604,0.7940250635147095,-0.009038785472512245,0.2118665874004364,0.7151050567626953,-0.025789359584450722,0.1601659655570984,0.644646942615509,-0.04150497913360596,0.11048297584056854,0.6218950748443604,-0.05493507534265518,0.2854798138141632,0.5729135870933533,-0.02252930775284767,0.29498839378356934,0.5098849534988403,-0.021599313244223595,0.2930925488471985,0.5613291263580322,-0.020605197176337242,0.28911909461021423,0.604576051235199,-0.02190505526959896,0.3347768485546112,0.5717363357543945,-0.021138476207852364,0.33185073733329773,0.5332363843917847,-0.010612520389258862,0.3251539468765259,0.5818225741386414,-0.004127781838178635,0.3249804973602295,0.6200514435768127,-0.006690856534987688,0.37406864762306213,0.5977783203125,-0.017773859202861786,0.3615916073322296,0.5663678050041199,-0.0040792664512991905,0.3578605353832245,0.6029523015022278,0.008359591476619244,0.3573232591152191,0.642070472240448,0.008856798522174358,0.4040364623069763,0.6286680698394775,-0.015291291289031506,0.39149209856987,0.596951961517334,-0.0017975898226723075,0.3862308859825134,0.6320330500602722,0.013883557170629501,0.38523977994918823,0.6645426750183105,0.02158215455710888,Left
0.37475547194480896,0.8930863738059998,-5.47594538602425e-07,0.29959845542907715,0.8167620897293091,-0.014173059724271297,0.2526909112930298,0.7223315238952637,-0.030849963426589966,0.20970964431762695,0.6382876634597778,-0.04519803076982498,0.16290521621704102,0.6068896651268005,-0.057438917458057404,0.3415225148200989,0.5886144638061523,-0.02785608172416687,0.3307989239692688,0.5180405378341675,-0.02817133255302906,0.3233296871185303,0.5705433487892151,-0.02838289737701416,0.3241908550262451,0.6206808686256409,-0.0301048681139946,0.3896813988685608,0.591143012046814,-0.022645605728030205,0.3672277331352234,0.5437474250793457,-0.01535006519407034,0.35565152764320374,0.5899533629417419,-0.011198468506336212,0.358473002910614,0.6300091743469238,-0.014657596126198769,0.42347002029418945,0.6225696206092834,-0.015539497137069702,0.39623790979385376,0.578424870967865,-0.005867430008947849,0.3868851959705353,0.6126934289932251,0.002871451200917363,0.3865620195865631,0.6551580429077148,0.0017986991442739964,0.44600075483322144,0.6580666303634644,-0.009417280554771423,0.4220443665981293,0.6221157908439636,0.00033446066663600504,0.4123023748397827,0.6543148756027222,0.012478305958211422,0.4109227955341339,0.6908925175666809,0.018173791468143463,Left
0.4079698920249939,0.8735349774360657,-4.0022641201176157e-07,0.35607776045799255,0.8215293884277344,-0.002728397259488702,0.3194615840911865,0.7566042542457581,-0.010494314134120941,0.29016542434692383,0.6915065050125122,-0.018571436405181885,0.26235002279281616,0.6590045094490051,-0.02437771111726761,0.3595080077648163,0.6618077158927917,-0.012172672897577286,0.36958688497543335,0.6061369180679321,-0.012980933301150799,0.3710106909275055,0.6402421593666077,-0.010144025087356567,0.3688526749610901,0.6761621832847595,-0.008001290261745453,0.39658427238464355,0.6601589918136597,-0.01419876143336296,0.40074974298477173,0.610203742980957,-0.008236515335738659,0.39791861176490784,0.6428988575935364,-0.002182211261242628,0.3973846137523651,0.6747865676879883,-0.0018922894960269332,0.42994019389152527,0.6733967065811157,-0.015262688510119915,0.43040698766708374,0.6148285865783691,-0.010404355823993683,0.426207959651947,0.6436247229576111,-0.0008931353804655373,0.4237845540046692,0.6785816550254822,0.001890542102046311,0.4588603377342224,0.6921600699424744,-0.01634081080555916,0.4596827030181885,0.630084753036499,-0.010866556316614151,0.45369499921798706,0.6527637243270874,0.0007287136977538466,0.4497228264808655,0.6821981072425842,0.007745421025902033,Left
0.38058996200561523,0.8517768383026123,-6.260422651394038e-07,0.3119730055332184,0.7800678610801697,-0.007131360936909914,0.26812106370925903,0.6894733309745789,-0.0202751774340868,0.22889111936092377,0.612180769443512,-0.032072920352220535,0.18660999834537506,0.5772992968559265,-0.043326932936906815,0.3623041808605194,0.5681630969047546,-0.02478315867483616,0.3562780022621155,0.5907339453697205,-0.01995736174285412,0.35251691937446594,0.6360355615615845,-0.018446248024702072,0.35005807876586914,0.6706069707870483,-0.020282156765460968,0.40580472350120544,0.5813302993774414,-0.025187795981764793,0.3925950825214386,0.6129990220069885,-0.0093755554407835,0.38367733359336853,0.6519326567649841,-0.005256173200905323,0.38226887583732605,0.6833077669143677,-0.011710239574313164,0.437503457069397,0.624451756477356,-0.022378066554665565,0.41633930802345276,0.6472981572151184,-0.005914861336350441,0.4083893597126007,0.6797822117805481,0.0015152739360928535,0.4038383960723877,0.7126908302307129,-0.0028068996034562588,0.4580594599246979,0.6707586646080017,-0.020730992779135704,0.4442141354084015,0.686284065246582,-0.006648121401667595,0.43301206827163696,0.7132771611213684,0.005528981797397137,0.4251003861427307,0.73851478099823,0.00994420051574707,Left
0.3670676052570343,0.861028790473938,-5.574095212068642e-07,0.2973158359527588,0.7936164140701294,-0.003878196934238076,0.2480437159538269,0.7213757038116455,-0.015633367002010345,0.21770994365215302,0.6252235770225525,-0.0260164737701416,0.19980725646018982,0.5542301535606384,-0.03256339207291603,0.30818313360214233,0.5880077481269836,-0.026551565155386925,0.3360510766506195,0.518613874912262,-0.021353088319301605,0.3401678502559662,0.560733437538147,-0.010097445920109749,0.33342304825782776,0.6011430621147156,-0.00288224034011364,0.3558717966079712,0.5864248871803284,-0.027185587212443352,0.37612733244895935,0.5447967052459717,-0.011064460501074791,0.3737424612045288,0.5884063243865967,0.001655661966651678,0.36769533157348633,0.6264180541038513,0.003209334332495928,0.3975714445114136,0.6094284057617188,-0.02511955238878727,0.4052130877971649,0.576948881149292,-0.008165029808878899,0.40395504236221313,0.6134914755821228,0.0058687590062618256,0.3987323045730591,0.6521924734115601,0.006868632044643164,0.432785302400589,0.640434205532074,-0.023532044142484665,0.435310423374176,0.6113040447235107,-0.009006867185235023,0.4305594861507416,0.6462773680686951,0.005652763415127993,0.42475712299346924,0.6812382936477661,0.01279516238719225,Left
0.35279572010040283,0.8519589900970459,-5.4863266996108e-07,0.2865891754627228,0.7961684465408325,-0.00494108023121953,0.2368573248386383,0.726757824420929,-0.018739821389317513,0.1884291023015976,0.6700559258460999,-0.031995274126529694,0.1413627564907074,0.6643477082252502,-0.04412229731678963,0.28834277391433716,0.5843721032142639,-0.027509961277246475,0.3164910674095154,0.5561102628707886,-0.025670107454061508,0.32276585698127747,0.6012053489685059,-0.02283923514187336,0.3165421187877655,0.6358991265296936,-0.023525750264525414,0.33318018913269043,0.5778663158416748,-0.030131347477436066,0.3542669415473938,0.5706146359443665,-0.01907666213810444,0.3528021275997162,0.615845263004303,-0.013615682721138,0.3464704155921936,0.6496152281761169,-0.017638472840189934,0.37556999921798706,0.5994866490364075,-0.02957017906010151,0.38409844040870667,0.5951008796691895,-0.01703335903584957,0.38281843066215515,0.6308569312095642,-0.006664883345365524,0.37667348980903625,0.6655825972557068,-0.007805550470948219,0.4103955626487732,0.628555417060852,-0.02950492687523365,0.41689470410346985,0.6178618669509888,-0.017034530639648438,0.4122353196144104,0.652093231678009,-0.002744670957326889,0.4048649072647095,0.6811000108718872,0.003676784923300147,Left
0.4161313474178314,0.7326144576072693,-1.9013567964520917e-07,0.38226252794265747,0.7042769193649292,-0.0006576930172741413,0.3587747812271118,0.6615394949913025,-0.005246271844953299,0.3451967239379883,0.6136146783828735,-0.00984413642436266,0.3301994502544403,0.5860305428504944,-0.012847564183175564,0.3753260374069214,0.5890965461730957,-0.010123146697878838,0.3996082544326782,0.5509569644927979,-0.009990391321480274,0.4096810817718506,0.567194402217865,-0.006596767343580723,0.40974125266075134,0.5893322825431824,-0.004302405286580324,0.39666444063186646,0.5856165885925293,-0.01365754660218954,0.42136117815971375,0.5550479292869568,-0.009402882307767868,0.42753133177757263,0.5761660933494568,-0.004795687273144722,0.4247437119483948,0.5975388884544373,-0.004115249030292034,0.41874971985816956,0.5925325751304626,-0.016411857679486275,0.4397273063659668,0.5574885010719299,-0.01307509932667017,0.44343918561935425,0.5769492387771606,-0.006353565491735935,0.4398699998855591,0.5984161496162415,-0.0044755940325558186,0.44051796197891235,0.6058332324028015,-0.019263653084635735,0.45617878437042236,0.5672612190246582,-0.01693672314286232,0.45810621976852417,0.58113694190979,-0.010074461810290813,0.4538007378578186,0.5973495841026306,-0.005839482415467501,Left
0.4351693093776703,0.7472872138023376,-2.85157824464477e-07,0.39629340171813965,0.7120976448059082,-0.006505603436380625,0.37067604064941406,0.6650521159172058,-0.014025944285094738,0.3506065011024475,0.6148568987846375,-0.020271552726626396,0.3314030170440674,0.5865578651428223,-0.02479373849928379,0.4122216999530792,0.5935599207878113,-0.011591245420277119,0.40911322832107544,0.561113715171814,-0.010559525340795517,0.40698614716529846,0.5884112119674683,-0.008955664001405239,0.40772077441215515,0.6132079362869263,-0.008906220085918903,0.4383702278137207,0.5946208238601685,-0.01011196430772543,0.4307595193386078,0.5679773688316345,-0.006284657400101423,0.4257262051105499,0.5910221934318542,-0.0035744723863899708,0.42788735032081604,0.6125170588493347,-0.004880248568952084,0.4593772888183594,0.607414960861206,-0.007815388962626457,0.4507986903190613,0.5776982307434082,-0.004434991627931595,0.4461873173713684,0.596523642539978,0.0013196800136938691,0.4474084973335266,0.6184224486351013,0.0022477188613265753,0.47705233097076416,0.6237781047821045,-0.005823243875056505,0.4719713032245636,0.5872924327850342,-0.0032062761019915342,0.4670851230621338,0.6046640872955322,0.0038179229013621807,0.46747541427612305,0.6254962086677551,0.008005190640687943,Left
0.4336080551147461,0.7391496300697327,-2.2455189707670797e-07,0.3981340527534485,0.7114116549491882,-0.0028631086461246014,0.3725351095199585,0.6667980551719666,-0.00809844583272934,0.3559735417366028,0.618689775466919,-0.012766395695507526,0.339699923992157,0.5930312871932983,-0.015467640943825245,0.3967835009098053,0.597533643245697,-0.01041407510638237,0.41535642743110657,0.5587271451950073,-0.010016817599534988,0.41946709156036377,0.5807124972343445,-0.006836359389126301,0.41573938727378845,0.6047154664993286,-0.004928084556013346,0.42073121666908264,0.5965514779090881,-0.012428787536919117,0.4360450208187103,0.5643370747566223,-0.007918326184153557,0.43766775727272034,0.5871192812919617,-0.002869995078071952,0.43428459763526917,0.6089584231376648,-0.0020122311543673277,0.44334179162979126,0.6051842570304871,-0.01385029498487711,0.454940527677536,0.5687232613563538,-0.010205226019024849,0.45590081810951233,0.5889488458633423,-0.0026159174740314484,0.4528152048587799,0.6112948060035706,-0.00016820344899315387,0.4644858241081238,0.6189901232719421,-0.015502633526921272,0.47295868396759033,0.5774396061897278,-0.013056378811597824,0.4732835292816162,0.5927920341491699,-0.00554405665025115,0.4701859652996063,0.6101709008216858,-0.0008485847502015531,Left
0.42840808629989624,0.7464761137962341,-2.8883593472528446e-07,0.39425909519195557,0.7050982117652893,-0.006122890394181013,0.3761308491230011,0.651813805103302,-0.011981021612882614,0.3657214641571045,0.5998525023460388,-0.016804993152618408,0.350846529006958,0.5699469447135925,-0.0205579474568367,0.4202422499656677,0.5877742171287537,-0.008787643164396286,0.4283984303474426,0.5860403776168823,-0.008850452490150928,0.425679087638855,0.609084963798523,-0.010202019475400448,0.42094099521636963,0.6255359649658203,-0.012389065697789192,0.44412630796432495,0.5955200791358948,-0.008642907254397869,0.4475122392177582,0.5986530184745789,-0.00407768739387393,0.4423152208328247,0.6205392479896545,-0.003500938881188631,0.4383724331855774,0.6379470825195312,-0.0064555066637694836,0.46289074420928955,0.6165255308151245,-0.00811280868947506,0.4639710485935211,0.6155034303665161,-0.005003104917705059,0.45903605222702026,0.6334565281867981,-0.0022821221500635147,0.45399540662765503,0.6512842178344727,-0.0033501633442938328,0.47734206914901733,0.6408599615097046,-0.00821981392800808,0.4794069528579712,0.638170599937439,-0.005797330290079117,0.4736339747905731,0.6549304723739624,-0.0012838414404541254,0.4682871699333191,0.6699827909469604,0.0011032591573894024,Left
0.43819496035575867,0.6743081212043762,-2.4728643666094285e-07,0.401711642742157,0.670485258102417,-0.005036954302340746,0.3726160526275635,0.6491221785545349,-0.012127738445997238,0.34810328483581543,0.621675968170166,-0.017873350530862808,0.3259785771369934,0.6143981218338013,-0.022388050332665443,0.38438379764556885,0.560102105140686,-0.014383693225681782,0.4020860493183136,0.5343050360679626,-0.01207356434315443,0.40933704376220703,0.5569149851799011,-0.00875624269247055,0.40815821290016174,0.5786135196685791,-0.007796674966812134,0.4067373275756836,0.5438022017478943,-0.014585919678211212,0.42166081070899963,0.5307672023773193,-0.00820031575858593,0.4260529577732086,0.5549864172935486,-0.004543413408100605,0.42516833543777466,0.5758135914802551,-0.005504718981683254,0.42962953448295593,0.5411147475242615,-0.01363631896674633,0.4391661584377289,0.5289888381958008,-0.00770164281129837,0.442379355430603,0.5501757264137268,-0.002438861411064863,0.44147244095802307,0.5714178681373596,-0.0026041273958981037,0.45053523778915405,0.5454627275466919,-0.013092748820781708,0.45623621344566345,0.5317978858947754,-0.00895832572132349,0.45760977268218994,0.5520367622375488,-0.003153360215947032,0.4560733735561371,0.5703074932098389,-0.0002365483669564128,Left
0.4382605254650116,0.7013058662414551,-3.0624667601841793e-07,0.39847707748413086,0.6822232007980347,-0.007547704968601465,0.3732951581478119,0.6446433067321777,-0.014543362893164158,0.35093554854393005,0.6055317521095276,-0.019430099055171013,0.32868096232414246,0.5877826809883118,-0.02326544001698494,0.4035549461841583,0.5603447556495667,-0.013295522890985012,0.4111626148223877,0.5710054636001587,-0.010216809809207916,0.4136379361152649,0.5955150723457336,-0.00861519668251276,0.41260847449302673,0.6132519841194153,-0.009241828694939613,0.42799466848373413,0.5556849241256714,-0.011212501674890518,0.4301431179046631,0.575313925743103,-0.003649454563856125,0.4291546940803528,0.5977964997291565,-0.0025581226218491793,0.42923685908317566,0.6134917736053467,-0.00626408914104104,0.45025214552879333,0.5689505338668823,-0.007829460315406322,0.4467049241065979,0.5834039449691772,-0.0014488354790955782,0.4454488754272461,0.6009269952774048,0.0012906631454825401,0.44517311453819275,0.6173558831214905,-0.0009553750278428197,0.4685524106025696,0.587293267250061,-0.004935340955853462,0.465300589799881,0.5947904586791992,-0.00019444714416749775,0.4622763991355896,0.6114789247512817,0.00461449334397912,0.4607669711112976,0.6251639127731323,0.006506798788905144,Left
0.43908190727233887,0.7125940322875977,-1.9795137973233068e-07,0.4030863344669342,0.6900039911270142,-0.002954299096018076,0.37573903799057007,0.6488217115402222,-0.00894397683441639,0.35764387249946594,0.6015288233757019,-0.014094841666519642,0.3400131165981293,0.5769285559654236,-0.01729307509958744,0.39848604798316956,0.5683261752128601,-0.011680785566568375,0.4157336950302124,0.5291958451271057,-0.009919802658259869,0.42291098833084106,0.5493637323379517,-0.005384425632655621,0.42096447944641113,0.5722865462303162,-0.002601606771349907,0.4225495457649231,0.5644875168800354,-0.013119048438966274,0.4380056858062744,0.5313478708267212,-0.007020637392997742,0.4413983225822449,0.5548936128616333,-0.0008931527845561504,0.4379407465457916,0.5784242153167725,0.0007140303496271372,0.4450107514858246,0.5722938179969788,-0.013738307170569897,0.45693105459213257,0.5406562685966492,-0.007662177551537752,0.4587676525115967,0.5619462132453918,-0.00015400710981339216,0.4552307426929474,0.5849252939224243,0.0015892228111624718,0.46579086780548096,0.5864143967628479,-0.014682352542877197,0.4736636281013489,0.5561729669570923,-0.010315831750631332,0.47316572070121765,0.5758998990058899,-0.003226804779842496,0.4690108299255371,0.5957971215248108,0.0007417905144393444,Left
0.40891262888908386,0.8746683597564697,-3.867423856718233e-07,0.35703542828559875,0.8252124786376953,-0.0045340838842093945,0.3183377981185913,0.7640143632888794,-0.013589139096438885,0.28477025032043457,0.7082754969596863,-0.022767888382077217,0.25382113456726074,0.6828572154045105,-0.029560236260294914,0.3598361313343048,0.6624196767807007,-0.01333374809473753,0.36749815940856934,0.6106601357460022,-0.015443392097949982,0.36855193972587585,0.6440239548683167,-0.014304978772997856,0.366463303565979,0.6779637336730957,-0.013519098982214928,0.3969721496105194,0.6602587103843689,-0.015346124768257141,0.39830437302589417,0.6140508055686951,-0.010656745173037052,0.3954479396343231,0.645455002784729,-0.0057721445336937904,0.3953322172164917,0.6755214333534241,-0.006124095991253853,0.43018585443496704,0.6726590991020203,-0.016562389209866524,0.42828941345214844,0.6173108220100403,-0.012617799453437328,0.4243623614311218,0.6440147161483765,-0.0033123018220067024,0.4221630394458771,0.6771805286407471,-0.00034344152663834393,0.45886680483818054,0.6915541291236877,-0.018013956025242805,0.45890140533447266,0.629787027835846,-0.013189156539738178,0.45380863547325134,0.6481776833534241,-0.0014695975696668029,0.45015645027160645,0.6739952564239502,0.005990150384604931,Left
0.4416111409664154,0.6997945308685303,-3.161999586609454e-07,0.40552279353141785,0.6744229197502136,-0.006327984854578972,0.38308876752853394,0.6352739334106445,-0.013316689059138298,0.3647749423980713,0.5931473970413208,-0.018950486555695534,0.3441079258918762,0.5714061856269836,-0.023590749129652977,0.4133995473384857,0.5616917610168457,-0.014391357079148293,0.4246555268764496,0.5612374544143677,-0.015097327530384064,0.42708858847618103,0.58421391248703,-0.01529620960354805,0.42490285634994507,0.6024101972579956,-0.016732655465602875,0.43791669607162476,0.5585949420928955,-0.014346285723149776,0.4448297619819641,0.5714190006256104,-0.010728675872087479,0.44339191913604736,0.5945446491241455,-0.01028780173510313,0.44126057624816895,0.6107745170593262,-0.013629945926368237,0.46037551760673523,0.5712582468986511,-0.013319839723408222,0.46203261613845825,0.5824745297431946,-0.010278850793838501,0.46034929156303406,0.6014500856399536,-0.007404133677482605,0.4578511714935303,0.6175522208213806,-0.008980609476566315,0.47940534353256226,0.5895957350730896,-0.012796090915799141,0.48138007521629333,0.5986191630363464,-0.01098365243524313,0.4776770770549774,0.6160432696342468,-0.007048333529382944,0.4739816188812256,0.6285650730133057,-0.005250545218586922,Left
0.4398953914642334,0.7106562852859497,-2.042624203113519e-07,0.4108424782752991,0.6811816692352295,-0.0023451775778084993,0.38966989517211914,0.6381882429122925,-0.008831094950437546,0.37553057074546814,0.5944676399230957,-0.015435107052326202,0.35824599862098694,0.570870041847229,-0.02080829069018364,0.40876975655555725,0.5705747604370117,-0.012241401709616184,0.43801385164260864,0.5463650822639465,-0.016171688213944435,0.4443797767162323,0.5681129097938538,-0.016693444922566414,0.4412153661251068,0.589302659034729,-0.017507409676909447,0.42786985635757446,0.5699586868286133,-0.01623898558318615,0.4576222598552704,0.5552924871444702,-0.016458870843052864,0.4591458737850189,0.5818727016448975,-0.014251518994569778,0.45187070965766907,0.6014631390571594,-0.014830621890723705,0.4475873112678528,0.5795546770095825,-0.019934484735131264,0.47499409317970276,0.5668765306472778,-0.01991339400410652,0.4737100303173065,0.5931099057197571,-0.014697850681841373,0.46494060754776,0.6113074421882629,-0.01371865812689066,0.4675385057926178,0.5955389142036438,-0.024073181673884392,0.48879843950271606,0.5864070653915405,-0.02421216294169426,0.4852159321308136,0.6104527115821838,-0.0197746641933918,0.4754011631011963,0.6254887580871582,-0.017384983599185944,Left
0.4295901954174042,0.7142476439476013,-1.4953593563404866e-07,0.4004335105419159,0.6788801550865173,-0.005802426487207413,0.3771056532859802,0.6215237975120544,-0.014194861054420471,0.3626003861427307,0.5686845779418945,-0.02148783765733242,0.34815195202827454,0.5365633368492126,-0.026240119710564613,0.3955552875995636,0.582197904586792,-0.021274346858263016,0.42553794384002686,0.5278809666633606,-0.029508739709854126,0.42783620953559875,0.5522547364234924,-0.029762860387563705,0.4194597005844116,0.5751655101776123,-0.028903285041451454,0.4163658618927002,0.5955275893211365,-0.023908227682113647,0.4447114169597626,0.5411359667778015,-0.02825339324772358,0.4446239173412323,0.5677391886711121,-0.023573271930217743,0.4355353116989136,0.5892302989959717,-0.021194977685809135,0.4374561011791229,0.6123656630516052,-0.026401441544294357,0.461526483297348,0.5628076791763306,-0.029326917603611946,0.4599871039390564,0.5886614918708801,-0.019658628851175308,0.4513530731201172,0.6099042892456055,-0.014363187365233898,0.45836371183395386,0.6315430998802185,-0.029301563277840614,0.4754743278026581,0.5874466300010681,-0.030364658683538437,0.4726255536079407,0.6101802587509155,-0.022277431562542915,0.4641590714454651,0.629285991191864,-0.016831252723932266,Left
0.4307320713996887,0.715964674949646,-2.159883081276348e-07,0.399697870016098,0.6874698400497437,-0.00355751090683043,0.37561139464378357,0.6452422738075256,-0.010060136206448078,0.35809460282325745,0.6028808355331421,-0.016129955649375916,0.3393379747867584,0.5810884237289429,-0.020703235641121864,0.3983946442604065,0.5745671391487122,-0.011514276266098022,0.4246542155742645,0.5461503267288208,-0.013849516399204731,0.43017658591270447,0.5653700232505798,-0.013501087203621864,0.4263671934604645,0.587401270866394,-0.013653825968503952,0.41907668113708496,0.5742140412330627,-0.014202375896275043,0.444396436214447,0.5570436120033264,-0.011914425529539585,0.4461348354816437,0.5811857581138611,-0.00881111528724432,0.44000735878944397,0.6019766330718994,-0.0092439204454422,0.4396878480911255,0.5839691758155823,-0.01660141721367836,0.46095937490463257,0.5676025748252869,-0.014214648865163326,0.46077385544776917,0.5906026363372803,-0.008126023225486279,0.454131156206131,0.6112392544746399,-0.006977529264986515,0.45973607897758484,0.5991104245185852,-0.019585153087973595,0.4756228029727936,0.5860776305198669,-0.01805882714688778,0.47342947125434875,0.6075290441513062,-0.012617711909115314,0.4660353362560272,0.6241145730018616,-0.00960033293813467,Left
0.37762030959129333,0.6982201337814331,-1.663714641608749e-07,0.3569859266281128,0.6775630712509155,-0.0008445939747616649,0.34517672657966614,0.6501433849334717,-0.0048413025215268135,0.3396358788013458,0.6209035515785217,-0.009429998695850372,0.33067870140075684,0.6022109985351562,-0.013179751113057137,0.3593170940876007,0.5963954925537109,-0.0055259596556425095,0.38337093591690063,0.5877894163131714,-0.009559736587107182,0.38649529218673706,0.6049453020095825,-0.012182634323835373,0.3829661011695862,0.6192300915718079,-0.014503361657261848,0.37036773562431335,0.5946649312973022,-0.009159832261502743,0.3962656855583191,0.5918657779693604,-0.010579904541373253,0.39583835005760193,0.6114930510520935,-0.010917013511061668,0.3893321752548218,0.6236569881439209,-0.012638991698622704,0.382432222366333,0.6017326712608337,-0.012793405912816525,0.40712201595306396,0.599975049495697,-0.014100802130997181,0.4048784673213959,0.6193478107452393,-0.01189945824444294,0.3968919515609741,0.6291714310646057,-0.011973055079579353,0.3950846493244171,0.6142834424972534,-0.016789227724075317,0.41605424880981445,0.6151336431503296,-0.017707111313939095,0.41313308477401733,0.6322889924049377,-0.015591941773891449,0.40464600920677185,0.6405056715011597,-0.014554084278643131,Left
0.3792257010936737,0.6930087804794312,-1.5247456985889585e-07,0.3612464964389801,0.6709839105606079,0.000841614615637809,0.3504507541656494,0.6431630253791809,-0.0029842578805983067,0.3445975184440613,0.6151314973831177,-0.007855701260268688,0.33509328961372375,0.5972989201545715,-0.011918358504772186,0.35826846957206726,0.5893584489822388,-0.004972139839082956,0.386555939912796,0.57619309425354,-0.009419145062565804,0.3920176029205322,0.5944071412086487,-0.011941138654947281,0.38909441232681274,0.608311653137207,-0.013920067809522152,0.368013471364975,0.58763587474823,-0.00958312675356865,0.3986387848854065,0.5806974172592163,-0.01124738622456789,0.4007260799407959,0.6015335321426392,-0.011037502437829971,0.39464256167411804,0.6139809489250183,-0.012103160843253136,0.3794787526130676,0.5943309664726257,-0.014098303392529488,0.4078952670097351,0.5892210006713867,-0.01588805951178074,0.4084254503250122,0.6104280352592468,-0.012992467731237411,0.401549369096756,0.6218591332435608,-0.012100747786462307,0.3919045627117157,0.6062805652618408,-0.01880744658410549,0.415159672498703,0.6011766791343689,-0.019524674862623215,0.4146433174610138,0.6199625730514526,-0.016445405781269073,0.4073723256587982,0.6311206817626953,-0.014504608698189259,Left
0.38382330536842346,0.684571385383606,-2.2065853499952937e-07,0.3588254749774933,0.6632071733474731,-0.005859495606273413,0.3416599631309509,0.6319616436958313,-0.011631490662693977,0.33042648434638977,0.5978912711143494,-0.016372177749872208,0.31711721420288086,0.5793911218643188,-0.020320860669016838,0.36921024322509766,0.57951819896698,-0.013503248803317547,0.38040074706077576,0.5792914628982544,-0.014171662740409374,0.3804056644439697,0.5963391661643982,-0.013739325106143951,0.3768956661224365,0.6087924242019653,-0.014418097212910652,0.38686418533325195,0.5826472043991089,-0.013333800248801708,0.39548298716545105,0.585639476776123,-0.011593600735068321,0.39217934012413025,0.6030842661857605,-0.010247060097754002,0.3877682387828827,0.6164913177490234,-0.011857603676617146,0.40163135528564453,0.5959660410881042,-0.012522118166089058,0.40810370445251465,0.5967845320701599,-0.011147771030664444,0.40454012155532837,0.6112568974494934,-0.008051110431551933,0.3997759521007538,0.6245808601379395,-0.008306337520480156,0.4136113226413727,0.6127573251724243,-0.012217113748192787,0.41999414563179016,0.6112951636314392,-0.011082497425377369,0.4157566726207733,0.6238672733306885,-0.0075153205543756485,0.41062119603157043,0.634110152721405,-0.0058312490582466125,Left
0.38016533851623535,0.6876177787780762,-2.4935584974628e-07,0.3519255518913269,0.6709622144699097,-0.006389677058905363,0.3317532539367676,0.6442835927009583,-0.013138930313289165,0.3149046301841736,0.6158918738365173,-0.018660807982087135,0.2993626594543457,0.5999908447265625,-0.023485520854592323,0.36008092761039734,0.5811107754707336,-0.013724408112466335,0.3637387454509735,0.5920186042785645,-0.013136358931660652,0.3641938865184784,0.6100921630859375,-0.012539919465780258,0.36208075284957886,0.6221713423728943,-0.013453982770442963,0.3791297674179077,0.5804269313812256,-0.013166803866624832,0.3793385624885559,0.5964087247848511,-0.01028179656714201,0.37696579098701477,0.6142197847366333,-0.009881120175123215,0.37473323941230774,0.6261366009712219,-0.012662998400628567,0.39518433809280396,0.5926768779754639,-0.011612117290496826,0.3913840055465698,0.6065329909324646,-0.009056982584297657,0.3887799382209778,0.622185468673706,-0.006619770545512438,0.38640180230140686,0.6344258189201355,-0.007815714925527573,0.4077049195766449,0.6090430021286011,-0.010635669343173504,0.405757337808609,0.6180218458175659,-0.0092220613732934,0.40216296911239624,0.6315521597862244,-0.005868968088179827,0.398837149143219,0.642134428024292,-0.0044122664257884026,Left
0.39448851346969604,0.6852465867996216,-2.8956412734260084e-07,0.3715741038322449,0.6533228158950806,-0.0046907332725822926,0.35990285873413086,0.6159104108810425,-0.010228068567812443,0.3517582416534424,0.580071210861206,-0.015023269690573215,0.34077709913253784,0.5565811395645142,-0.019172238186001778,0.39663979411125183,0.5733773112297058,-0.011157367378473282,0.39758339524269104,0.58792644739151,-0.011047203093767166,0.3948080539703369,0.6065350770950317,-0.011015946976840496,0.3912532925605774,0.6181325912475586,-0.012262335047125816,0.4137639105319977,0.5830919146537781,-0.011747180484235287,0.4116944968700409,0.6018925905227661,-0.008837864734232426,0.40632298588752747,0.6189352869987488,-0.008465612307190895,0.4021517038345337,0.6293347477912903,-0.011254886165261269,0.42642441391944885,0.6029334664344788,-0.011479427106678486,0.4221157431602478,0.6168100833892822,-0.009159469045698643,0.4165066182613373,0.6308730840682983,-0.007001780439168215,0.4115832448005676,0.6403711438179016,-0.008429702371358871,0.4352027177810669,0.6253728866577148,-0.011738752946257591,0.43365952372550964,0.6361453533172607,-0.010886605829000473,0.42771196365356445,0.647194504737854,-0.007964761927723885,0.42207008600234985,0.6542856097221375,-0.006762456148862839,Left
0.3900383412837982,0.6813384890556335,-2.581748788088589e-07,0.36736753582954407,0.6675465106964111,-0.004132105968892574,0.3512314260005951,0.6470556259155273,-0.010338226333260536,0.33759546279907227,0.6241648197174072,-0.01617186702787876,0.3235662579536438,0.613571047782898,-0.02167009375989437,0.376858115196228,0.5845749378204346,-0.01237068697810173,0.38424646854400635,0.5974606275558472,-0.013282506726682186,0.3859878182411194,0.6157992482185364,-0.013659260235726833,0.3843737244606018,0.6281324028968811,-0.01521898154169321,0.39392080903053284,0.5822241306304932,-0.013535385020077229,0.39984428882598877,0.6013656854629517,-0.012495392002165318,0.39799773693084717,0.6211166977882385,-0.013018901459872723,0.3951437473297119,0.6332197785377502,-0.01605612225830555,0.40905287861824036,0.5922182202339172,-0.013749334961175919,0.4130668640136719,0.6081699728965759,-0.01299569196999073,0.4100405275821686,0.6256559491157532,-0.011709856800734997,0.4060077667236328,0.6366745233535767,-0.01335602905601263,0.4219348132610321,0.6069736480712891,-0.014433023519814014,0.42856231331825256,0.6199586987495422,-0.014504642225801945,0.42489951848983765,0.6344205141067505,-0.012638813816010952,0.41959428787231445,0.6428259611129761,-0.012111751362681389,Left
0.40918493270874023,0.8801717758178711,-3.8424090575972514e-07,0.35496625304222107,0.8304365873336792,-0.005517002195119858,0.3176517188549042,0.7679650783538818,-0.014132441021502018,0.28774985671043396,0.7030957937240601,-0.022726669907569885,0.259929895401001,0.6680205464363098,-0.028369000181555748,0.35712701082229614,0.6667549014091492,-0.012869458645582199,0.3654543161392212,0.6065228581428528,-0.014962372370064259,0.3665306568145752,0.6395983695983887,-0.012895938940346241,0.3639344274997711,0.6758527755737305,-0.011183841153979301,0.3942549228668213,0.66282057762146,-0.014613840728998184,0.39744362235069275,0.6092280149459839,-0.010551832616329193,0.39386966824531555,0.6397855281829834,-0.005643330980092287,0.3927561938762665,0.6715266108512878,-0.005615520756691694,0.4278821051120758,0.6736364960670471,-0.015841640532016754,0.42761218547821045,0.6114957928657532,-0.012536492198705673,0.42301028966903687,0.6364080309867859,-0.00330942589789629,0.42089131474494934,0.6705322861671448,-9.858886915026233e-05,0.45759373903274536,0.6913058757781982,-0.017456481233239174,0.458767831325531,0.6253938674926758,-0.013205097988247871,0.4530293345451355,0.6413553357124329,-0.0020584729500114918,0.44912630319595337,0.667523205280304,0.005184952635318041,Left
0.3908446729183197,0.6801669001579285,-2.839664148268639e-07,0.36024531722068787,0.6612467169761658,-0.005348308477550745,0.3412420451641083,0.6302846074104309,-0.010999010875821114,0.32479190826416016,0.59622722864151,-0.01567963697016239,0.3086082935333252,0.5773645043373108,-0.019725492224097252,0.3719234764575958,0.5695568323135376,-0.010802068747580051,0.37429314851760864,0.5802500247955322,-0.009201934561133385,0.37471580505371094,0.5995224118232727,-0.008460666984319687,0.3732052743434906,0.6124661564826965,-0.009478219784796238,0.3917734920978546,0.5708814263343811,-0.010642914101481438,0.39010828733444214,0.5876241326332092,-0.0063736517913639545,0.38761839270591736,0.6050946712493896,-0.0060172490775585175,0.38624221086502075,0.6165476441383362,-0.009305395185947418,0.4083765745162964,0.5853741765022278,-0.009423368610441685,0.40274012088775635,0.5983685255050659,-0.005575420334935188,0.4001621603965759,0.6130466461181641,-0.002626721514388919,0.39839571714401245,0.6241744160652161,-0.0039719524793326855,0.4209951162338257,0.6042654514312744,-0.008727711625397205,0.41750508546829224,0.61219322681427,-0.006076377350836992,0.41366514563560486,0.6247014999389648,-0.0018131054239347577,0.41062846779823303,0.6344352960586548,-6.0643116739811376e-05,Left
0.3909025490283966,0.6866629123687744,-2.982151841024461e-07,0.36189985275268555,0.664719820022583,-0.004145549610257149,0.3427172899246216,0.6324662566184998,-0.009915880858898163,0.32761797308921814,0.5986770391464233,-0.014855362474918365,0.31207042932510376,0.5795319676399231,-0.01911173388361931,0.3738132417201996,0.573275625705719,-0.011118549853563309,0.3768012523651123,0.5815710425376892,-0.00940148439258337,0.3774299621582031,0.6019138693809509,-0.007972697727382183,0.37555187940597534,0.6158505082130432,-0.008325980976223946,0.3928818702697754,0.5744394063949585,-0.011308911256492138,0.39327865839004517,0.5890922546386719,-0.006833524908870459,0.3910831809043884,0.6090409755706787,-0.005760184023529291,0.38897764682769775,0.6218841671943665,-0.00840974785387516,0.4091531038284302,0.5884682536125183,-0.010274087078869343,0.40593576431274414,0.600019633769989,-0.006117595359683037,0.40304332971572876,0.6169204115867615,-0.003174555255100131,0.400363951921463,0.6297183036804199,-0.004557892680168152,0.4220487177371979,0.6061687469482422,-0.009605159051716328,0.42029792070388794,0.6136376261711121,-0.006811005063354969,0.41564714908599854,0.6280323266983032,-0.00270771118812263,0.41164398193359375,0.6386688947677612,-0.0010365432826802135,Left
0.3922041058540344,0.68165123462677,-2.691483018679719e-07,0.36374908685684204,0.6635526418685913,-0.00515376590192318,0.34549009799957275,0.6344602704048157,-0.011112700216472149,0.33065059781074524,0.6031541228294373,-0.016032371670007706,0.3156115412712097,0.5856349468231201,-0.020301366224884987,0.37536242604255676,0.5741182565689087,-0.011776786297559738,0.37901410460472107,0.5848878622055054,-0.010474195703864098,0.3793589174747467,0.6034871339797974,-0.009632864035665989,0.37731635570526123,0.6162912249565125,-0.010374453850090504,0.39446017146110535,0.5741605162620544,-0.011406284756958485,0.3940471410751343,0.5891794562339783,-0.007335584610700607,0.3915531635284424,0.6067714095115662,-0.006685403175652027,0.3895110785961151,0.6186399459838867,-0.00958489254117012,0.4104381203651428,0.5874490737915039,-0.009913958609104156,0.406450480222702,0.5992962718009949,-0.0062886737287044525,0.40369999408721924,0.6143958568572998,-0.003708665259182453,0.40119272470474243,0.6267304420471191,-0.00515074422582984,0.42283332347869873,0.604371190071106,-0.00887349434196949,0.4210682809352875,0.6121013760566711,-0.0064876629039645195,0.4170255661010742,0.6248823404312134,-0.002800815273076296,0.41338691115379333,0.6349705457687378,-0.0013593538897112012,Left
0.40598323941230774,0.889049232006073,-3.87326906547969e-07,0.3597402572631836,0.8279044032096863,-0.0012927952921018004,0.32204926013946533,0.7585001587867737,-0.010260378941893578,0.2903534471988678,0.7031875848770142,-0.02025688998401165,0.2588115632534027,0.6762679219245911,-0.028286801651120186,0.3569803535938263,0.665919840335846,-0.014462107792496681,0.3871518671512604,0.6150312423706055,-0.017680387943983078,0.3942781686782837,0.6513956189155579,-0.01739383488893509,0.386893093585968,0.6868281960487366,-0.017477022483944893,0.3909572958946228,0.6693816184997559,-0.020463211461901665,0.41769424080848694,0.6298195719718933,-0.015991533175110817,0.4206485450267792,0.6679636836051941,-0.011342969723045826,0.41165345907211304,0.7017676830291748,-0.012458798475563526,0.4249844551086426,0.6851595640182495,-0.025535007938742638,0.44529783725738525,0.6377018690109253,-0.020715508610010147,0.44653716683387756,0.6724932193756104,-0.010503350757062435,0.43759849667549133,0.7078849673271179,-0.00810074619948864,0.45603904128074646,0.7077145576477051,-0.030900347977876663,0.46958088874816895,0.653480589389801,-0.026406841352581978,0.46814778447151184,0.6833406686782837,-0.013993639498949051,0.4596870243549347,0.7142250537872314,-0.006551465485244989,Left
0.4139251708984375,0.8893189430236816,-3.658032312614523e-07,0.3652007579803467,0.8242644667625427,-0.0021211006678640842,0.3284749388694763,0.7555145621299744,-0.01114801038056612,0.29893794655799866,0.6935827732086182,-0.021024787798523903,0.26818910241127014,0.663952112197876,-0.029170800000429153,0.36904728412628174,0.6608186364173889,-0.01288924366235733,0.3978675901889801,0.6134563684463501,-0.014627857133746147,0.4027298092842102,0.6505221724510193,-0.013884115032851696,0.39534705877304077,0.6838634610176086,-0.01367903407663107,0.40612542629241943,0.6646111011505127,-0.017510447651147842,0.4280155599117279,0.6253616809844971,-0.010412230156362057,0.4291122555732727,0.6608567237854004,-0.005305058788508177,0.4221164882183075,0.6939029693603516,-0.006647794973105192,0.4405843913555145,0.6829716563224792,-0.021320590749382973,0.45543596148490906,0.6378902196884155,-0.014087732881307602,0.4545748829841614,0.6699379682540894,-0.004676892887800932,0.4464190900325775,0.704349160194397,-0.0033738298807293177,0.47056496143341064,0.7069968581199646,-0.025612493976950645,0.48109352588653564,0.6564374566078186,-0.01820887252688408,0.47673845291137695,0.6849967241287231,-0.0055841547437012196,0.4684801995754242,0.7162371873855591,0.0013133786851540208,Left
0.38304582238197327,0.82682204246521,-4.162760660619824e-07,0.3327673077583313,0.8111889362335205,-0.005613893270492554,0.2936084568500519,0.7679150700569153,-0.014260097406804562,0.2602325677871704,0.7219525575637817,-0.022074854001402855,0.22943498194217682,0.7043490409851074,-0.028802568092942238,0.32699254155158997,0.6517848968505859,-0.013452508486807346,0.34983137249946594,0.6258400678634644,-0.010250721126794815,0.35763198137283325,0.6557259559631348,-0.007828151807188988,0.3544991612434387,0.682133674621582,-0.008320732973515987,0.3596341013908386,0.6369385123252869,-0.014397826045751572,0.3785514533519745,0.6325637698173523,-0.004639241378754377,0.38116127252578735,0.6660544872283936,-0.0015858033439144492,0.3774184584617615,0.6911441683769226,-0.005290573928505182,0.39187556505203247,0.6433311104774475,-0.01400607917457819,0.40293705463409424,0.6346049308776855,-0.0052198623307049274,0.4041554033756256,0.6649912595748901,0.0012126899091526866,0.39996272325515747,0.6919560432434082,-0.00037261430406942964,0.42044976353645325,0.6587902903556824,-0.014184486120939255,0.4288952052593231,0.6429843306541443,-0.007376085966825485,0.4268181025981903,0.6727957725524902,0.0010986706474795938,0.42107295989990234,0.6977220177650452,0.0047118160873651505,Left
0.289489209651947,0.6279691457748413,-1.8114154443082953e-07,0.3109983801841736,0.608110249042511,-0.010147303342819214,0.3251166045665741,0.5773352384567261,-0.014724118635058403,0.33413732051849365,0.5444707870483398,-0.01892174780368805,0.34742361307144165,0.5289324522018433,-0.020260604098439217,0.3170628845691681,0.5325109362602234,-0.00297237909398973,0.3098042607307434,0.5024133920669556,-0.01527150347828865,0.3100532591342926,0.5354748964309692,-0.020039228722453117,0.3150290250778198,0.5472552180290222,-0.021067960187792778,0.3016420900821686,0.5349074006080627,-0.0012785332510247827,0.2958794832229614,0.5068032145500183,-0.011779201216995716,0.297701895236969,0.5489837527275085,-0.010195677168667316,0.3035711944103241,0.5494443774223328,-0.006029720883816481,0.28724467754364014,0.5376960039138794,-0.0022881007753312588,0.2815744876861572,0.5122442245483398,-0.012546365149319172,0.2840118110179901,0.550409734249115,-0.005475299432873726,0.29098808765411377,0.5535005927085876,0.002346643013879657,0.27410605549812317,0.54160475730896,-0.004556411411613226,0.26794692873954773,0.5221291184425354,-0.008573181927204132,0.2715342342853546,0.5479375720024109,-0.002496455330401659,0.2787822186946869,0.5569848418235779,0.003870943794026971,Right
0.246339350938797,0.7052556276321411,-4.310611529945163e-07,0.3052743077278137,0.6608079671859741,-0.02126462385058403,0.35734033584594727,0.5789383053779602,-0.03215742111206055,0.39759930968284607,0.5065538883209229,-0.04381180554628372,0.4330388903617859,0.47885197401046753,-0.05022469907999039,0.3107732832431793,0.46949073672294617,-0.00924230832606554,0.31742754578590393,0.39123278856277466,-0.037771351635456085,0.31410807371139526,0.47312015295028687,-0.04971622675657272,0.31079986691474915,0.4982683062553406,-0.05431417003273964,0.2718154191970825,0.4650299549102783,-0.011315034702420235,0.27828142046928406,0.38978174328804016,-0.03772951662540436,0.2808440923690796,0.4853422939777374,-0.03854583948850632,0.27514415979385376,0.4919482469558716,-0.034304179251194,0.23365166783332825,0.47277599573135376,-0.018717223778367043,0.23584043979644775,0.3937174677848816,-0.045485273003578186,0.24368691444396973,0.4820501506328583,-0.03088994324207306,0.2395254671573639,0.49363917112350464,-0.015754710882902145,0.19415906071662903,0.48830893635749817,-0.028420045971870422,0.1952880322933197,0.42457160353660583,-0.04059411585330963,0.20858410000801086,0.4840322434902191,-0.025535356253385544,0.20978420972824097,0.5101689100265503,-0.011532386764883995,Right
0.23777712881565094,0.7169501781463623,-3.64883277370609e-07,0.30032697319984436,0.675273597240448,-0.021109912544488907,0.35792261362075806,0.5988968014717102,-0.03190794214606285,0.40441644191741943,0.5343263745307922,-0.043380122631788254,0.4421702027320862,0.5144488215446472,-0.04947461560368538,0.31540170311927795,0.4796096086502075,-0.007988572120666504,0.32633882761001587,0.3990910053253174,-0.03391565382480621,0.3191695511341095,0.4797557294368744,-0.04391608014702797,0.3134652078151703,0.5028337240219116,-0.047815799713134766,0.27447959780693054,0.4683922529220581,-0.010548901744186878,0.28701385855674744,0.38538703322410583,-0.035185590386390686,0.2854728102684021,0.4826965928077698,-0.03537681698799133,0.2779117822647095,0.4911799728870392,-0.03066675178706646,0.2342020571231842,0.4729367792606354,-0.01823621429502964,0.24264171719551086,0.39069533348083496,-0.04348811134696007,0.24838542938232422,0.48018547892570496,-0.02893715351819992,0.24202661216259003,0.4951610267162323,-0.013658312149345875,0.1934620440006256,0.4878363609313965,-0.02822779305279255,0.19945836067199707,0.4224702715873718,-0.039919622242450714,0.21284860372543335,0.47872892022132874,-0.025094807147979736,0.21128994226455688,0.5033491849899292,-0.011105233803391457,Right
0.2315097153186798,0.716415524482727,-3.749427719412779e-07,0.2953557074069977,0.6709390878677368,-0.01998143456876278,0.3545149564743042,0.6004094481468201,-0.03242509067058563,0.4027373790740967,0.5386907458305359,-0.047049712389707565,0.4406868815422058,0.5183000564575195,-0.05737871304154396,0.3105309307575226,0.47850313782691956,-0.006717049982398748,0.32169079780578613,0.3910180330276489,-0.033493027091026306,0.3147664964199066,0.46807754039764404,-0.04542388767004013,0.31006407737731934,0.4974372982978821,-0.05074749141931534,0.26977574825286865,0.4643775224685669,-0.011117390356957912,0.28143370151519775,0.3759261965751648,-0.03692513331770897,0.27978119254112244,0.47201839089393616,-0.03877481818199158,0.27433493733406067,0.4878326654434204,-0.03508817404508591,0.22867634892463684,0.4662177562713623,-0.02057560719549656,0.23773951828479767,0.3775778114795685,-0.047310855239629745,0.24252599477767944,0.46726110577583313,-0.033680159598588943,0.23731181025505066,0.4893854260444641,-0.018589388579130173,0.18568935990333557,0.4787398874759674,-0.03232835605740547,0.18969452381134033,0.40392306447029114,-0.04588402062654495,0.2020779848098755,0.4622432589530945,-0.031318407505750656,0.2020118236541748,0.49422094225883484,-0.0171097069978714,Right
0.33646222949028015,0.6451073884963989,-1.9065831224907015e-07,0.3660222589969635,0.6249856948852539,-0.010357453487813473,0.39208072423934937,0.5882222652435303,-0.01615029200911522,0.41299960017204285,0.561211347579956,-0.022080402821302414,0.4322209060192108,0.5544807314872742,-0.025903670117259026,0.3665072023868561,0.5382688045501709,-0.00667869858443737,0.37638771533966064,0.5066893100738525,-0.018382662907242775,0.3730393052101135,0.5477518439292908,-0.022892562672495842,0.36884599924087524,0.5566583871841431,-0.024945080280303955,0.34920012950897217,0.5384427905082703,-0.007458979729562998,0.358544260263443,0.5153087377548218,-0.018208526074886322,0.3574109375476837,0.5617092847824097,-0.018512172624468803,0.3528999388217926,0.5597262978553772,-0.0172934178262949,0.33152082562446594,0.5426440238952637,-0.010400020517408848,0.33964672684669495,0.5172092318534851,-0.02194218523800373,0.34153810143470764,0.5594642758369446,-0.016003575176000595,0.33710700273513794,0.5601189136505127,-0.01006566546857357,0.31278327107429504,0.5486056804656982,-0.014264442957937717,0.3189951777458191,0.5244625806808472,-0.019153129309415817,0.3243853449821472,0.5528449416160583,-0.011943590827286243,0.32217907905578613,0.5626057386398315,-0.0056863282807171345,Right
0.33542442321777344,0.645221471786499,-1.824415534201762e-07,0.36585283279418945,0.6266810297966003,-0.009884325787425041,0.3922920823097229,0.5918580889701843,-0.014862763695418835,0.413764625787735,0.5666922926902771,-0.020054521039128304,0.4326316714286804,0.560977041721344,-0.02306106872856617,0.36804908514022827,0.541262686252594,-0.004962563049048185,0.37887299060821533,0.5088072419166565,-0.01577729359269142,0.3744664490222931,0.5493414998054504,-0.019608279690146446,0.369873970746994,0.5577603578567505,-0.021282842382788658,0.35084420442581177,0.5394867062568665,-0.005673540290445089,0.36102983355522156,0.5145001411437988,-0.015382630750536919,0.35878098011016846,0.5616508722305298,-0.014959104359149933,0.3542831540107727,0.5596427917480469,-0.013320079073309898,0.33319488167762756,0.5424796938896179,-0.008638367056846619,0.3421157896518707,0.5163423418998718,-0.019307613372802734,0.34289801120758057,0.5590782165527344,-0.012872820720076561,0.33808550238609314,0.5596364140510559,-0.006724131293594837,0.3145239055156708,0.5476385951042175,-0.012565486133098602,0.32063016295433044,0.5230109095573425,-0.016938991844654083,0.3255332112312317,0.5512051582336426,-0.009664866141974926,0.32305851578712463,0.5605213046073914,-0.003467925824224949,Right
0.33557194471359253,0.6460286974906921,-1.9563438513614528e-07,0.36553728580474854,0.627054750919342,-0.009794428944587708,0.39338773488998413,0.5915355682373047,-0.015340849757194519,0.41478991508483887,0.5662177801132202,-0.021112123504281044,0.43361377716064453,0.561276376247406,-0.024763282388448715,0.3674554228782654,0.5385428071022034,-0.005543858744204044,0.3790997564792633,0.5077866911888123,-0.01669558882713318,0.3751246929168701,0.54926997423172,-0.020820070058107376,0.370093435049057,0.5570230484008789,-0.02275656908750534,0.3505140244960785,0.5376007556915283,-0.006481102667748928,0.3616866171360016,0.5147895812988281,-0.01651599071919918,0.3596932888031006,0.5624585151672363,-0.016411665827035904,0.35412147641181946,0.5596929788589478,-0.015056582167744637,0.33315086364746094,0.5412723422050476,-0.009516419842839241,0.34249407052993774,0.5160895586013794,-0.0203603096306324,0.34391096234321594,0.5595051646232605,-0.014065240509808064,0.3383096754550934,0.5607775449752808,-0.008059694431722164,0.31415802240371704,0.5468015074729919,-0.013453394174575806,0.3211522102355957,0.5233811140060425,-0.018013501539826393,0.32662591338157654,0.5522271394729614,-0.010677373968064785,0.32373103499412537,0.5618590712547302,-0.004367281217128038,Right
0.33068904280662537,0.6477394104003906,-2.143707149571128e-07,0.3606312572956085,0.62968909740448,-0.010234360583126545,0.38836759328842163,0.5941128730773926,-0.015837593004107475,0.4110504388809204,0.5697450637817383,-0.02162523940205574,0.43089261651039124,0.566696047782898,-0.02503499761223793,0.36392223834991455,0.5381475687026978,-0.005386779550462961,0.3729363679885864,0.5055710673332214,-0.01801498979330063,0.3691542446613312,0.548588216304779,-0.023032406345009804,0.3652373254299164,0.5556387305259705,-0.025291986763477325,0.34612545371055603,0.537441611289978,-0.00605090381577611,0.3549806773662567,0.5117398500442505,-0.017227426171302795,0.35337650775909424,0.5607441067695618,-0.017490962520241737,0.34859299659729004,0.5572885870933533,-0.016072720289230347,0.328296422958374,0.5408168435096741,-0.009009367786347866,0.3352212905883789,0.5130552053451538,-0.020528174936771393,0.3372686207294464,0.5576923489570618,-0.013993787579238415,0.333209753036499,0.5577871203422546,-0.007579315919429064,0.30927667021751404,0.5460383892059326,-0.012954367324709892,0.3147280216217041,0.5209025144577026,-0.017261676490306854,0.31997087597846985,0.5517894625663757,-0.009369123727083206,0.3179466724395752,0.561527669429779,-0.0025852429680526257,Right
0.3298816680908203,0.6495100259780884,-1.7265803364807653e-07,0.35953688621520996,0.6311572790145874,-0.011477979831397533,0.3871472477912903,0.5946226119995117,-0.017601216211915016,0.41117238998413086,0.5711437463760376,-0.023720815777778625,0.4315217435359955,0.5688785314559937,-0.027651580050587654,0.36353734135627747,0.5389547348022461,-0.006609644275158644,0.37179362773895264,0.5060684084892273,-0.018485166132450104,0.36791741847991943,0.5457568764686584,-0.023333068937063217,0.3646897077560425,0.5546178817749023,-0.02567111700773239,0.34522750973701477,0.5371825098991394,-0.006829379592090845,0.35291191935539246,0.5119206309318542,-0.017388783395290375,0.3518828749656677,0.559289276599884,-0.017410356551408768,0.3485677242279053,0.557580828666687,-0.01596820540726185,0.3267439007759094,0.5408971905708313,-0.009412766434252262,0.33346661925315857,0.5144537687301636,-0.020656872540712357,0.3355841040611267,0.5570821166038513,-0.014504743739962578,0.3318413496017456,0.5581099987030029,-0.00842767022550106,0.3074234127998352,0.5471549034118652,-0.013111518695950508,0.31245315074920654,0.5228154063224792,-0.017890790477395058,0.3182198405265808,0.5508143901824951,-0.010767136700451374,0.3162740170955658,0.5600249767303467,-0.004495033994317055,Right
0.3332034945487976,0.6478195190429688,-1.6772723654412403e-07,0.3629404902458191,0.6278426647186279,-0.009117809124290943,0.39084261655807495,0.5937938094139099,-0.014984234236180782,0.4146115779876709,0.5755533576011658,-0.021475424990057945,0.43445727229118347,0.5743646621704102,-0.025997299700975418,0.36492735147476196,0.5336629748344421,-0.003904554061591625,0.37372490763664246,0.5075424909591675,-0.01591743528842926,0.3706635534763336,0.5462848544120789,-0.02101333625614643,0.367416650056839,0.5507513284683228,-0.02347642555832863,0.34720128774642944,0.5335761904716492,-0.005504059139639139,0.3569856286048889,0.5108287930488586,-0.01665646769106388,0.3559899628162384,0.5561113357543945,-0.017545243725180626,0.3506779372692108,0.5539265871047974,-0.016472643241286278,0.3292580544948578,0.5379189848899841,-0.009281393140554428,0.3374043107032776,0.5135135650634766,-0.021015333011746407,0.3403126895427704,0.5544880032539368,-0.015656715258955956,0.3353365957736969,0.5556211471557617,-0.009766609407961369,0.3103851079940796,0.5446028709411621,-0.013885308988392353,0.3171871602535248,0.5189490914344788,-0.01855475828051567,0.32323673367500305,0.5471951961517334,-0.011177755892276764,0.32062211632728577,0.5573144555091858,-0.004493548069149256,Right
0.3357197344303131,0.647371232509613,-1.7739023405738408e-07,0.36600297689437866,0.6311728954315186,-0.010897529311478138,0.3945160508155823,0.5966533422470093,-0.017052263021469116,0.4190700054168701,0.5784395933151245,-0.02324182540178299,0.4388435482978821,0.5798993706703186,-0.027140697464346886,0.3710508644580841,0.5389564633369446,-0.007068511098623276,0.380298912525177,0.5057178735733032,-0.019584955647587776,0.37599077820777893,0.5472825765609741,-0.02448904700577259,0.37195754051208496,0.5554832220077515,-0.026814522221684456,0.35224470496177673,0.537194013595581,-0.007724222261458635,0.36123746633529663,0.5116314888000488,-0.01827426254749298,0.3589954674243927,0.5607614517211914,-0.018055323511362076,0.35443323850631714,0.5570492744445801,-0.016612136736512184,0.33336055278778076,0.5404219627380371,-0.010730618610978127,0.34126126766204834,0.5138863325119019,-0.021935347467660904,0.3424266278743744,0.5575674772262573,-0.01565794087946415,0.337490439414978,0.5568231344223022,-0.00969079788774252,0.31386783719062805,0.5458768606185913,-0.014790702611207962,0.3196134567260742,0.5225042104721069,-0.01953935995697975,0.32459989190101624,0.5523821711540222,-0.012171421200037003,0.32177478075027466,0.5611891746520996,-0.005857025273144245,Right
0.2882346212863922,0.6322743892669678,-2.2471388660960656e-07,0.32770490646362305,0.6143397092819214,-0.014797643758356571,0.36213985085487366,0.572058379650116,-0.022171957418322563,0.38932693004608154,0.5375239253044128,-0.028923818841576576,0.4132542014122009,0.5286194086074829,-0.032551947981119156,0.3321317434310913,0.5087294578552246,-0.009343374520540237,0.33920517563819885,0.4658113718032837,-0.02449604496359825,0.3349253535270691,0.516235888004303,-0.029939042404294014,0.33260563015937805,0.5294803380966187,-0.03226086124777794,0.3081640899181366,0.5083464980125427,-0.008600383065640926,0.3145664632320404,0.4754711985588074,-0.02250155806541443,0.31326985359191895,0.5355953574180603,-0.02191925421357155,0.3114156424999237,0.5343893766403198,-0.019556377083063126,0.2848084270954132,0.512615978717804,-0.010956602171063423,0.29083919525146484,0.4822147786617279,-0.025443127378821373,0.2923613488674164,0.535150408744812,-0.016842331737279892,0.28996729850769043,0.5358765125274658,-0.008649068884551525,0.26088574528694153,0.5181158781051636,-0.014713061973452568,0.26539677381515503,0.494903564453125,-0.020602649077773094,0.2698631286621094,0.5308804512023926,-0.011808338575065136,0.2680424153804779,0.5392273664474487,-0.00426420196890831,Right
0.31359848380088806,0.6575800776481628,-2.0372064568618953e-07,0.34402328729629517,0.6250545978546143,-0.011930033564567566,0.3672472834587097,0.5795044898986816,-0.01743675023317337,0.3842204809188843,0.5389919281005859,-0.023132529109716415,0.4014420509338379,0.5183683633804321,-0.026254577562212944,0.3358977138996124,0.5302717685699463,-0.003974079620093107,0.3325117230415344,0.4933924376964569,-0.01709297113120556,0.33393949270248413,0.5337061285972595,-0.022048344835639,0.33729231357574463,0.5452525615692139,-0.023772548884153366,0.31628528237342834,0.5361959338188171,-0.003831351175904274,0.3119174540042877,0.5089079141616821,-0.016667162999510765,0.3174276649951935,0.5566617250442505,-0.01599056087434292,0.32097575068473816,0.5570124983787537,-0.012958682142198086,0.297339528799057,0.5467514395713806,-0.006591882556676865,0.2926945388317108,0.5202728509902954,-0.020092714577913284,0.3003979027271271,0.5639213919639587,-0.011927363462746143,0.3041841983795166,0.56689453125,-0.0034697798546403646,0.27790015935897827,0.5603046417236328,-0.010697717778384686,0.27279773354530334,0.5366107821464539,-0.016354985535144806,0.28129029273986816,0.5662959814071655,-0.008087045513093472,0.28586292266845703,0.5779685974121094,-0.0002779377100523561,Right
0.3296634256839752,0.6465064883232117,-1.6962518145646754e-07,0.3601030707359314,0.6237970590591431,-0.00910378247499466,0.38617995381355286,0.5873180031776428,-0.013960094191133976,0.4067640006542206,0.5550580620765686,-0.019352158531546593,0.4247540235519409,0.5419053435325623,-0.022687045857310295,0.3596838414669037,0.5286588668823242,-0.0014898356748744845,0.3660013973712921,0.49402663111686707,-0.012437223456799984,0.36519578099250793,0.5332013368606567,-0.017071790993213654,0.36276331543922424,0.5449026823043823,-0.018885573372244835,0.34206467866897583,0.5268108248710632,-0.002289102179929614,0.34841445088386536,0.4982125759124756,-0.011741319671273232,0.350007027387619,0.5444267988204956,-0.011983856558799744,0.34617921710014343,0.5469775795936584,-0.010561070404946804,0.32402151823043823,0.5315729379653931,-0.005453294143080711,0.32944101095199585,0.4996083974838257,-0.016475597396492958,0.33359917998313904,0.5423069000244141,-0.010377131402492523,0.32942286133766174,0.5496054887771606,-0.003950450103729963,0.304823100566864,0.5404757857322693,-0.009467782452702522,0.3087010383605957,0.5091868042945862,-0.01485977042466402,0.31663447618484497,0.5364288091659546,-0.007961170747876167,0.3161247968673706,0.5502751469612122,-0.0012999367900192738,Right
0.3220352828502655,0.6433840990066528,-1.5393595731438836e-07,0.35242077708244324,0.6201062202453613,-0.00995553657412529,0.37830743193626404,0.5825886726379395,-0.014900150708854198,0.3992499113082886,0.5514835119247437,-0.020057788118720055,0.4178006947040558,0.5417203903198242,-0.0228828564286232,0.35202556848526,0.5229697823524475,-0.0022963867522776127,0.35537615418434143,0.48686790466308594,-0.01312970370054245,0.3537072241306305,0.5274640917778015,-0.017980406060814857,0.3524046540260315,0.5389769077301025,-0.020228087902069092,0.33325210213661194,0.5220967531204224,-0.0026999919209629297,0.33643198013305664,0.4909386932849884,-0.01245939265936613,0.33767443895339966,0.5377875566482544,-0.012969114817678928,0.3353327810764313,0.5407370328903198,-0.011737557128071785,0.3148742914199829,0.5275010466575623,-0.005473820958286524,0.317734956741333,0.49457788467407227,-0.016034314408898354,0.32102668285369873,0.5362663269042969,-0.009791874326765537,0.3180665969848633,0.5420964360237122,-0.003486161818727851,0.29593145847320557,0.5360618233680725,-0.00926570501178503,0.29819005727767944,0.5065901875495911,-0.014037433080375195,0.3048570156097412,0.5340479016304016,-0.006959217134863138,0.3043592870235443,0.5461608171463013,-0.0003458543214946985,Right
0.25309988856315613,0.6595069169998169,-2.4113253971336235e-07,0.2931523323059082,0.6327165365219116,-0.016807736828923225,0.32956692576408386,0.5829055309295654,-0.025704314932227135,0.3604733347892761,0.5567055940628052,-0.03327250853180885,0.3889049291610718,0.559711754322052,-0.03709249198436737,0.29880490899086,0.5122968554496765,-0.016885241493582726,0.3046553432941437,0.47533077001571655,-0.03570972755551338,0.30268335342407227,0.5346993803977966,-0.04369146376848221,0.30014756321907043,0.5424623489379883,-0.048017509281635284,0.2696682810783386,0.5172193050384521,-0.01627933606505394,0.2760385274887085,0.49015262722969055,-0.03249491751194,0.2798754572868347,0.5582089424133301,-0.032721810042858124,0.2778051495552063,0.5511178374290466,-0.03167545422911644,0.24257084727287292,0.5257881283760071,-0.018647151067852974,0.24903114140033722,0.49824878573417664,-0.034676581621170044,0.2547892928123474,0.5589971542358398,-0.02594613842666149,0.25286731123924255,0.5551379323005676,-0.018183179199695587,0.21618187427520752,0.5348166823387146,-0.022603198885917664,0.21966923773288727,0.5178382396697998,-0.028979400172829628,0.228291854262352,0.557319164276123,-0.01975778304040432,0.22803598642349243,0.5626118779182434,-0.012244831770658493,Right
0.29695555567741394,0.643041729927063,-2.3583473307553504e-07,0.3361564576625824,0.6203012466430664,-0.01323174312710762,0.3706134557723999,0.5762297511100769,-0.019362224265933037,0.3970414102077484,0.5397210717201233,-0.025357816368341446,0.4196651577949524,0.5234586000442505,-0.028271373361349106,0.3387327790260315,0.5128665566444397,-0.004974257666617632,0.35452473163604736,0.4809301197528839,-0.020609453320503235,0.3477606177330017,0.5309023857116699,-0.027517074719071388,0.34042295813560486,0.537426233291626,-0.030941640958189964,0.31669992208480835,0.510789155960083,-0.005361444782465696,0.331326425075531,0.48659834265708923,-0.020791614428162575,0.32797378301620483,0.545009434223175,-0.02258256822824478,0.32159167528152466,0.5413671135902405,-0.021629784256219864,0.2942656874656677,0.5143605470657349,-0.00891751330345869,0.3077085018157959,0.4895364046096802,-0.025736777111887932,0.3082457184791565,0.5443496704101562,-0.019548922777175903,0.30196571350097656,0.5440630912780762,-0.012399768456816673,0.27086636424064636,0.5206418633460999,-0.013570423237979412,0.2839786112308502,0.501262366771698,-0.021698299795389175,0.28810134530067444,0.5385667085647583,-0.01462523452937603,0.2830505073070526,0.5458705425262451,-0.00793490931391716,Right
0.295952707529068,0.6450319290161133,-2.2195489179921424e-07,0.33425724506378174,0.6216380000114441,-0.013629527762532234,0.36866772174835205,0.5762122869491577,-0.01949051395058632,0.3947737216949463,0.5396034121513367,-0.024562429636716843,0.4174385666847229,0.5243002772331238,-0.026394950225949287,0.3371131122112274,0.5130795240402222,-0.007627067156136036,0.35395970940589905,0.4781888425350189,-0.021945945918560028,0.34712743759155273,0.5297189950942993,-0.027653099969029427,0.3391391634941101,0.535024106502533,-0.0305599607527256,0.3142324984073639,0.512730062007904,-0.007332601118832827,0.3296068012714386,0.4865788519382477,-0.020683791488409042,0.3264647126197815,0.546788215637207,-0.02132551558315754,0.3198942244052887,0.5407423377037048,-0.020395103842020035,0.2914474904537201,0.5181818604469299,-0.009916934184730053,0.30593428015708923,0.49067798256874084,-0.02435913495719433,0.3067646920681,0.545045018196106,-0.016705650836229324,0.30020543932914734,0.5432069301605225,-0.009500634856522083,0.2682551145553589,0.525192379951477,-0.013645278289914131,0.28082937002182007,0.502225399017334,-0.02019718661904335,0.2863329350948334,0.5386609435081482,-0.011890335008502007,0.28120729327201843,0.5465360879898071,-0.004785534460097551,Right
0.2951474189758301,0.6429857015609741,-2.3269249993518315e-07,0.33244675397872925,0.6229358315467834,-0.014787719585001469,0.3672274649143219,0.5771753787994385,-0.021480612456798553,0.3928946852684021,0.5412185788154602,-0.027070926502346992,0.4160619080066681,0.527070939540863,-0.02940925769507885,0.33535483479499817,0.5130134224891663,-0.010566937737166882,0.3512929379940033,0.47788095474243164,-0.025766517966985703,0.3451022207736969,0.5297240018844604,-0.03210907429456711,0.33722299337387085,0.5344436168670654,-0.035509347915649414,0.31280744075775146,0.5128520131111145,-0.00969628244638443,0.32689040899276733,0.4849710166454315,-0.02354283444583416,0.32522299885749817,0.5444337725639343,-0.024357995018363,0.31896844506263733,0.538208544254303,-0.023560576140880585,0.2904575765132904,0.517467200756073,-0.01162179559469223,0.303000807762146,0.48783043026924133,-0.026432247832417488,0.3050304651260376,0.543311595916748,-0.019033784046769142,0.2992529571056366,0.542096734046936,-0.012006307020783424,0.26778408885002136,0.5236680507659912,-0.014777152799069881,0.2788671553134918,0.5017010569572449,-0.021848851814866066,0.28444743156433105,0.5388978719711304,-0.014116935431957245,0.28026384115219116,0.5465958118438721,-0.007412960287183523,Right
0.29206380248069763,0.6445188522338867,-2.266152989705006e-07,0.3301009237766266,0.6201799511909485,-0.013977207243442535,0.3649173378944397,0.5752650499343872,-0.019801342859864235,0.3920110762119293,0.5416650176048279,-0.024606062099337578,0.414802610874176,0.5280276536941528,-0.0261631291359663,0.3334394097328186,0.5089502930641174,-0.008739996701478958,0.34848666191101074,0.47591307759284973,-0.023729795590043068,0.3418028652667999,0.52727872133255,-0.03066488541662693,0.3347589373588562,0.5321305394172668,-0.0343351811170578,0.31003203988075256,0.5088556408882141,-0.008134364150464535,0.32381099462509155,0.4839600920677185,-0.022128745913505554,0.32165098190307617,0.5420117378234863,-0.024426989257335663,0.3158298134803772,0.536715030670166,-0.024648888036608696,0.2871015667915344,0.5145914554595947,-0.01015426218509674,0.29935553669929504,0.48764246702194214,-0.02467949502170086,0.30129703879356384,0.5417853593826294,-0.018242863938212395,0.2962562143802643,0.5409107208251953,-0.011806677095592022,0.26427212357521057,0.5223527550697327,-0.0132939787581563,0.27449551224708557,0.4993707835674286,-0.019469421356916428,0.28081128001213074,0.5364895462989807,-0.011246828362345695,0.2774432301521301,0.5451870560646057,-0.004115906078368425,Right
0.29460248351097107,0.6444289684295654,-2.2037792746232299e-07,0.33177685737609863,0.6233446002006531,-0.015245536342263222,0.36674752831459045,0.5778487920761108,-0.0217928234487772,0.39316102862358093,0.5424774885177612,-0.027197349816560745,0.4158651828765869,0.5278052091598511,-0.029262356460094452,0.33597368001937866,0.5132290124893188,-0.009007487446069717,0.35132497549057007,0.4771668016910553,-0.02395099215209484,0.34510722756385803,0.5282145738601685,-0.030298586934804916,0.3375040888786316,0.5337769985198975,-0.03347990661859512,0.31307926774024963,0.5132424235343933,-0.007782505359500647,0.32678940892219543,0.48575589060783386,-0.020967362448573112,0.32452481985092163,0.5451957583427429,-0.02173716016113758,0.3184242248535156,0.5383386015892029,-0.02079915627837181,0.29035332798957825,0.5182257890701294,-0.009625967592000961,0.3023347854614258,0.4900933802127838,-0.023902758955955505,0.303984135389328,0.5436093211174011,-0.01703275367617607,0.29828497767448425,0.5400843620300293,-0.010369815863668919,0.26754000782966614,0.5243517756462097,-0.012756804004311562,0.2780698537826538,0.5022100806236267,-0.019212793558835983,0.283305287361145,0.5379115343093872,-0.011489161290228367,0.27875831723213196,0.5448532104492188,-0.0048140184953808784,Right
0.29454734921455383,0.6408635377883911,-2.2223676410249027e-07,0.33288800716400146,0.6187818050384521,-0.013844235800206661,0.3672444224357605,0.575066328048706,-0.02004486881196499,0.39408180117607117,0.5408293008804321,-0.02575760893523693,0.417044073343277,0.5282160043716431,-0.028574075549840927,0.3354194760322571,0.509486973285675,-0.006977991200983524,0.3495033383369446,0.47455382347106934,-0.021692099049687386,0.3435075581073761,0.5251069664955139,-0.028428087010979652,0.3370313048362732,0.5342187881469727,-0.03177652880549431,0.3122868835926056,0.5087020993232727,-0.006613509263843298,0.3248562812805176,0.4835985600948334,-0.020117245614528656,0.3227429986000061,0.5418696999549866,-0.02160225808620453,0.3172995448112488,0.5391554832458496,-0.020931556820869446,0.28918999433517456,0.514065682888031,-0.009157179854810238,0.3002170920372009,0.4876725971698761,-0.023616956546902657,0.3020220398902893,0.5404520630836487,-0.01713760942220688,0.2968117892742157,0.5405120253562927,-0.010410909540951252,0.26574820280075073,0.5214385986328125,-0.01286082062870264,0.2754446268081665,0.4984767436981201,-0.019160892814397812,0.2811707854270935,0.5343197584152222,-0.011098180897533894,0.27760446071624756,0.5433374643325806,-0.003949474543333054,Right
0.2602805197238922,0.685265302658081,-4.2312322534598934e-07,0.3133719861507416,0.6342810988426208,-0.019659804180264473,0.35860124230384827,0.5458396077156067,-0.029614713042974472,0.3923857808113098,0.47609466314315796,-0.03986656665802002,0.4230894446372986,0.45289334654808044,-0.045157771557569504,0.3102720379829407,0.4539165198802948,-0.011972141452133656,0.31277358531951904,0.3829871714115143,-0.0368066281080246,0.3119601905345917,0.46532925963401794,-0.04562539607286453,0.3095644414424896,0.4901922941207886,-0.04891766235232353,0.2726253271102905,0.4573623836040497,-0.013965319842100143,0.2755313813686371,0.3893454074859619,-0.038683388382196426,0.28178197145462036,0.4831506013870239,-0.03847101330757141,0.2777158319950104,0.4888913929462433,-0.0337248332798481,0.23681937158107758,0.4727247655391693,-0.02022976242005825,0.23565328121185303,0.4055832028388977,-0.0450483039021492,0.24797508120536804,0.48869454860687256,-0.03038555197417736,0.24589362740516663,0.49642249941825867,-0.01569528505206108,0.19952325522899628,0.49413803219795227,-0.028492840006947517,0.1977994441986084,0.4415642023086548,-0.03953352943062782,0.21531438827514648,0.49670684337615967,-0.024449698626995087,0.2186996340751648,0.5177811980247498,-0.010769550688564777,Right
0.2932289242744446,0.640339195728302,-2.2223079554350988e-07,0.33130499720573425,0.619769811630249,-0.014863326214253902,0.3665741980075836,0.5758354067802429,-0.021491320803761482,0.3939368724822998,0.5412777662277222,-0.027167372405529022,0.41715848445892334,0.5297454595565796,-0.029682951048016548,0.3355427384376526,0.509126603603363,-0.009204796515405178,0.34851136803627014,0.4732877314090729,-0.024058416485786438,0.3428376317024231,0.5245000123977661,-0.030303383246064186,0.3369407057762146,0.5320572853088379,-0.03345765918493271,0.31211087107658386,0.5093819499015808,-0.008352397009730339,0.32430997490882874,0.4818030893802643,-0.021751156076788902,0.32230281829833984,0.540937602519989,-0.022685248404741287,0.3171219229698181,0.5362182855606079,-0.021814974024891853,0.28901100158691406,0.5147683620452881,-0.010415726341307163,0.2997192144393921,0.48648500442504883,-0.024684570729732513,0.30156996846199036,0.5396389961242676,-0.01769770309329033,0.2966974079608917,0.5381138920783997,-0.010883721522986889,0.2656269669532776,0.5217702388763428,-0.013748339377343655,0.27511516213417053,0.4992261528968811,-0.019950538873672485,0.2807310223579407,0.5350342392921448,-0.011867177672684193,0.2770501971244812,0.5428861975669861,-0.004882642533630133,Right
0.2927567958831787,0.6404892206192017,-2.1262397353893903e-07,0.33049917221069336,0.6206672191619873,-0.015366565436124802,0.3657195568084717,0.576796293258667,-0.02301768772304058,0.39417099952697754,0.5440300107002258,-0.02993723750114441,0.41812342405319214,0.5329433083534241,-0.03381806239485741,0.33552873134613037,0.5095677375793457,-0.00946888793259859,0.3476366102695465,0.4727960228919983,-0.02546713501214981,0.34194985032081604,0.5223839282989502,-0.031876228749752045,0.33602380752563477,0.5305893421173096,-0.0347018837928772,0.31205689907073975,0.5093501210212708,-0.00890049897134304,0.3235461711883545,0.48061051964759827,-0.023770423606038094,0.32137158513069153,0.5411973595619202,-0.02432205341756344,0.31614595651626587,0.537688136100769,-0.022303959354758263,0.28882482647895813,0.5143060684204102,-0.01146717555820942,0.29864323139190674,0.48675885796546936,-0.027287671342492104,0.3006286919116974,0.5415540337562561,-0.020089879631996155,0.29613780975341797,0.5402714610099792,-0.012278401292860508,0.2655935287475586,0.5209154486656189,-0.015324251726269722,0.2738751173019409,0.49787864089012146,-0.022220848128199577,0.27953341603279114,0.5346564650535583,-0.013924192637205124,0.2767614424228668,0.54311203956604,-0.006326231174170971,Right
0.19594988226890564,0.7926041483879089,-4.906156618744717e-07,0.2680080831050873,0.7400738000869751,-0.0392240546643734,0.3305862247943878,0.6536839008331299,-0.05713716894388199,0.3799324333667755,0.5681012272834778,-0.06966942548751831,0.42223501205444336,0.5244526267051697,-0.07289166748523712,0.2771255671977997,0.4933965504169464,-0.03500542789697647,0.26516401767730713,0.4248811602592468,-0.06888339668512344,0.2633928656578064,0.5327255725860596,-0.08234244585037231,0.27338850498199463,0.5449631810188293,-0.08868283033370972,0.22416140139102936,0.49787184596061707,-0.02776338905096054,0.21689069271087646,0.4285367429256439,-0.0596361942589283,0.2228039801120758,0.5562675595283508,-0.05804625153541565,0.23320455849170685,0.5506657361984253,-0.05222521722316742,0.17586448788642883,0.5076392889022827,-0.026421327143907547,0.16753971576690674,0.43882668018341064,-0.05631423369050026,0.1775989830493927,0.5497831702232361,-0.03689476475119591,0.19165176153182983,0.5484849214553833,-0.018750391900539398,0.130296990275383,0.5208771228790283,-0.028905663639307022,0.11559690535068512,0.47030049562454224,-0.03921016678214073,0.1321607530117035,0.5405233502388,-0.020608825609087944,0.1485302895307541,0.5583473443984985,-0.0042688134126365185,Right
0.2127532958984375,0.7889542579650879,-5.399797373684123e-07,0.2800735831260681,0.7120599746704102,-0.0412660650908947,0.3317118287086487,0.6042547821998596,-0.061488837003707886,0.3665449917316437,0.5017712712287903,-0.07663916051387787,0.3974708616733551,0.4335997402667999,-0.0820876806974411,0.2517862319946289,0.4722144603729248,-0.040162354707717896,0.22543177008628845,0.3926420509815216,-0.07985801249742508,0.24070695042610168,0.5005062222480774,-0.09616351872682571,0.2530744969844818,0.5171366930007935,-0.10334887355566025,0.20120622217655182,0.5000883936882019,-0.03229024261236191,0.17856541275978088,0.4223954379558563,-0.06566250324249268,0.20480643212795258,0.5491787195205688,-0.06175544112920761,0.2163950353860855,0.5343766808509827,-0.054606590420007706,0.1568998098373413,0.5278487205505371,-0.030976690351963043,0.13356930017471313,0.45456525683403015,-0.06114460900425911,0.15932519733905792,0.5607548356056213,-0.037082966417074203,0.17531782388687134,0.5527670383453369,-0.016417130827903748,0.11500229686498642,0.5563532114028931,-0.034089673310518265,0.08961780369281769,0.5094658136367798,-0.04524878039956093,0.11607055366039276,0.5734108090400696,-0.02474386617541313,0.1364843249320984,0.5889716744422913,-0.0070731863379478455,Right
0.1763111650943756,0.7686152458190918,-4.3820259065796563e-07,0.24476447701454163,0.7303182482719421,-0.04432427138090134,0.3125380277633667,0.6585509777069092,-0.06479556858539581,0.3717311918735504,0.6108142137527466,-0.0786643847823143,0.4225168526172638,0.6143127679824829,-0.08299964666366577,0.26475492119789124,0.4845902621746063,-0.04201044514775276,0.25596216320991516,0.4228311777114868,-0.07982676476240158,0.25019970536231995,0.5290014743804932,-0.09661035984754562,0.25944072008132935,0.5328071117401123,-0.10556510835886002,0.21260112524032593,0.49009883403778076,-0.03358471393585205,0.20758800208568573,0.4236449599266052,-0.06631962954998016,0.21039877831935883,0.5498248338699341,-0.06539884954690933,0.21987125277519226,0.5350685715675354,-0.061174288392066956,0.16451819241046906,0.4972039759159088,-0.03182380273938179,0.15842688083648682,0.43007007241249084,-0.06206323578953743,0.16592217981815338,0.5433967113494873,-0.04427511245012283,0.1787576824426651,0.5338566303253174,-0.027957959100604057,0.11872931569814682,0.5071513652801514,-0.03457092493772507,0.10563746094703674,0.461047887802124,-0.04317484796047211,0.12091710418462753,0.5333118438720703,-0.024618862196803093,0.13567879796028137,0.547752320766449,-0.00952288880944252,Right
0.1939234584569931,0.7473167181015015,-4.650996174859756e-07,0.25527602434158325,0.7042851448059082,-0.04336909204721451,0.31349602341651917,0.6270117163658142,-0.0626991018652916,0.36396676301956177,0.5717203617095947,-0.07474192976951599,0.40995824337005615,0.5575829148292542,-0.0773358941078186,0.2615143656730652,0.46970608830451965,-0.04615146294236183,0.25326165556907654,0.42761948704719543,-0.08424372971057892,0.2496819794178009,0.5307117104530334,-0.10052870213985443,0.25599440932273865,0.529096245765686,-0.10901565104722977,0.20952972769737244,0.48343151807785034,-0.038473378866910934,0.20559851825237274,0.43423452973365784,-0.07294271141290665,0.2138538509607315,0.55717933177948,-0.07313293218612671,0.22213704884052277,0.540574312210083,-0.06967437267303467,0.16261442005634308,0.49741727113723755,-0.03700295835733414,0.15503787994384766,0.4453365206718445,-0.06952545791864395,0.16852761805057526,0.5566969513893127,-0.05394798889756203,0.18059679865837097,0.5417870879173279,-0.03920186683535576,0.11992154270410538,0.5146215558052063,-0.03949717432260513,0.1060822606086731,0.481442391872406,-0.050222236663103104,0.12479676306247711,0.5522865056991577,-0.03348520025610924,0.13895529508590698,0.5611222982406616,-0.0198943130671978,Right
0.19967670738697052,0.7255560159683228,-3.3160699786094483e-07,0.2526429295539856,0.6975743174552917,-0.04978814721107483,0.302616149187088,0.6377334594726562,-0.08284799009561539,0.35423827171325684,0.6154236793518066,-0.11000141501426697,0.40365034341812134,0.6032081246376038,-0.13308821618556976,0.2264220267534256,0.4699544310569763,-0.0744645968079567,0.2321467399597168,0.5630075931549072,-0.11383719742298126,0.2436729371547699,0.6313877105712891,-0.1293911337852478,0.24569366872310638,0.6252316236495972,-0.13803724944591522,0.16876009106636047,0.49056437611579895,-0.07014960050582886,0.18095846474170685,0.6067101955413818,-0.10449770092964172,0.20542924106121063,0.6777846813201904,-0.10536880046129227,0.21140311658382416,0.6569148302078247,-0.1060093492269516,0.12274559587240219,0.5403017997741699,-0.07059691846370697,0.1355818510055542,0.6422128677368164,-0.10414321720600128,0.1652655005455017,0.7007035613059998,-0.09521915018558502,0.17692798376083374,0.6802877187728882,-0.08775824308395386,0.08649899810552597,0.5960168838500977,-0.07626122981309891,0.09219130128622055,0.6700876355171204,-0.09720609337091446,0.11841801553964615,0.7128751277923584,-0.09248684346675873,0.13188952207565308,0.7025328874588013,-0.08787786960601807,Right
0.19546937942504883,0.7602850794792175,-4.1064791389544553e-07,0.27828657627105713,0.7095191478729248,-0.02017652802169323,0.3443160653114319,0.6481289863586426,-0.02964935079216957,0.4051429033279419,0.5796817541122437,-0.038757748901844025,0.4470177888870239,0.5595818161964417,-0.040588390082120895,0.2989320456981659,0.5093099474906921,-0.004464919213205576,0.31328341364860535,0.41594967246055603,-0.02955387718975544,0.30027180910110474,0.5111245512962341,-0.040101584047079086,0.29340121150016785,0.5520550012588501,-0.04392711818218231,0.2546725273132324,0.49168238043785095,-0.004779687616974115,0.2691196799278259,0.40672802925109863,-0.03355959802865982,0.2609386444091797,0.521594226360321,-0.03937867656350136,0.25816038250923157,0.543194591999054,-0.0384029820561409,0.2117876410484314,0.4927509129047394,-0.008817569352686405,0.22303219139575958,0.41368982195854187,-0.033222466707229614,0.22248157858848572,0.5152403712272644,-0.016753286123275757,0.220250204205513,0.5421899557113647,-9.250355651602149e-05,0.16853156685829163,0.5061625838279724,-0.015013979747891426,0.17357686161994934,0.43606457114219666,-0.022374672815203667,0.18611624836921692,0.5043855905532837,-0.002819737885147333,0.187454491853714,0.53299480676651,0.01464597787708044,Right
0.1903611272573471,0.7053754329681396,-3.187187758157961e-07,0.2588748335838318,0.6923086643218994,-0.02632785588502884,0.33124834299087524,0.6398560404777527,-0.03619718551635742,0.3945150673389435,0.6129093766212463,-0.0435490757226944,0.4365989863872528,0.6266031265258789,-0.04398271441459656,0.30910027027130127,0.48838573694229126,-0.01224570907652378,0.3254978656768799,0.4193994104862213,-0.035430602729320526,0.30289867520332336,0.5075784921646118,-0.045307889580726624,0.2980557680130005,0.5249571204185486,-0.050581082701683044,0.2652426064014435,0.4611648619174957,-0.009804442524909973,0.2853049039840698,0.3983873128890991,-0.03030584752559662,0.2660353183746338,0.506895899772644,-0.030340172350406647,0.26294589042663574,0.5056343078613281,-0.027311040088534355,0.22149638831615448,0.4515179991722107,-0.012533082626760006,0.23930904269218445,0.39341145753860474,-0.033292919397354126,0.23085224628448486,0.49282971024513245,-0.01942562870681286,0.2284860461950302,0.4983676075935364,-0.006351183634251356,0.17885619401931763,0.45080259442329407,-0.017847219482064247,0.19163702428340912,0.40142732858657837,-0.02440769039094448,0.19563812017440796,0.4670906960964203,-0.008521872572600842,0.19472508132457733,0.48373380303382874,0.004979528486728668,Right
0.21930727362632751,0.7174046039581299,-4.94958669605694e-07,0.2881162762641907,0.6634565591812134,-0.027424143627285957,0.3479163944721222,0.5870968699455261,-0.03793355077505112,0.40063372254371643,0.5108597874641418,-0.04508224502205849,0.44266772270202637,0.48864322900772095,-0.04452943429350853,0.2950502038002014,0.45491498708724976,-0.019379695877432823,0.2961691617965698,0.3729979693889618,-0.04578729346394539,0.29464176297187805,0.46927449107170105,-0.05733076110482216,0.2953358590602875,0.48717397451400757,-0.06333322077989578,0.2518863081932068,0.4588862657546997,-0.01586250215768814,0.25485432147979736,0.3808497190475464,-0.03746471554040909,0.25933322310447693,0.4940420985221863,-0.03670940175652504,0.26232993602752686,0.486912339925766,-0.0347372367978096,0.21204379200935364,0.47077643871307373,-0.0170290470123291,0.2134544551372528,0.3959866166114807,-0.037187106907367706,0.22164615988731384,0.49616047739982605,-0.019476555287837982,0.22708635032176971,0.4973783493041992,-0.005472513381391764,0.17240405082702637,0.48829928040504456,-0.021201767027378082,0.16606086492538452,0.43351301550865173,-0.025924567133188248,0.18382743000984192,0.4980325996875763,-0.006996959913522005,0.19256514310836792,0.5187236070632935,0.007491793483495712,Right
0.2646453380584717,0.6904690265655518,-3.434027462390077e-07,0.32062312960624695,0.6578896045684814,-0.0182536281645298,0.37321391701698303,0.5888009071350098,-0.028456462547183037,0.41490644216537476,0.5381256937980652,-0.039659928530454636,0.44768619537353516,0.5259961485862732,-0.046420641243457794,0.3373235762119293,0.4818429946899414,-0.006743097212165594,0.35107025504112244,0.41512858867645264,-0.03087691031396389,0.34456074237823486,0.4896359145641327,-0.040677759796381,0.3372986912727356,0.5098469257354736,-0.04441026225686073,0.3024170398712158,0.47297725081443787,-0.009222738444805145,0.31664955615997314,0.4064899682998657,-0.031536612659692764,0.31546688079833984,0.4954991340637207,-0.032037921249866486,0.30613473057746887,0.500503659248352,-0.028000757098197937,0.2670186161994934,0.4760725498199463,-0.01627504639327526,0.2773445248603821,0.40369731187820435,-0.03955120965838432,0.28314265608787537,0.4874836504459381,-0.026552068069577217,0.2747557461261749,0.5009615421295166,-0.012686004862189293,0.2293606400489807,0.48654061555862427,-0.025179864838719368,0.23909892141819,0.4283207654953003,-0.035988714545965195,0.25059619545936584,0.48350098729133606,-0.022167133167386055,0.24645929038524628,0.5074106454849243,-0.009041921235620975,Right
0.2348824143409729,0.7148445844650269,-5.640902145387372e-07,0.2918999195098877,0.6345113515853882,-0.028370868414640427,0.33165207505226135,0.5276498198509216,-0.04262426123023033,0.3626074194908142,0.4270145297050476,-0.055020254105329514,0.39780014753341675,0.3775494694709778,-0.05978749319911003,0.2606993019580841,0.42651617527008057,-0.0216778926551342,0.24457159638404846,0.3573409616947174,-0.054015301167964935,0.2590576410293579,0.4534277021884918,-0.0663289874792099,0.26649609208106995,0.47204309701919556,-0.07130569219589233,0.21770623326301575,0.45298728346824646,-0.020421847701072693,0.20376795530319214,0.37981733679771423,-0.05075789988040924,0.22771717607975006,0.49271878600120544,-0.049777667969465256,0.2314937859773636,0.4905604124069214,-0.044121723622083664,0.17950455844402313,0.4840576946735382,-0.024438008666038513,0.16370871663093567,0.4124795198440552,-0.05314338207244873,0.19164112210273743,0.5110834836959839,-0.033350370824337006,0.19960865378379822,0.5116145610809326,-0.01465644221752882,0.14392124116420746,0.5207894444465637,-0.031546372920274734,0.12415040284395218,0.47243207693099976,-0.04178338497877121,0.15311962366104126,0.529890775680542,-0.022227805107831955,0.1691002994775772,0.5449709892272949,-0.005302462261170149,Right
0.20477795600891113,0.7133501768112183,-4.0952488689072197e-07,0.26825961470603943,0.6806095242500305,-0.035005372017621994,0.33188480138778687,0.6075568795204163,-0.04971504956483841,0.3879648447036743,0.5556899309158325,-0.059266265481710434,0.4341570734977722,0.5543774366378784,-0.06065695732831955,0.2932419776916504,0.46518969535827637,-0.030139025300741196,0.2937816381454468,0.40071311593055725,-0.06019403412938118,0.28477439284324646,0.4979172348976135,-0.071672223508358,0.2899527847766876,0.5059369802474976,-0.07773108780384064,0.24732039868831635,0.4643447995185852,-0.024715295061469078,0.2515339255332947,0.3990461826324463,-0.05133046209812164,0.24932008981704712,0.5161533355712891,-0.048829272389411926,0.25465017557144165,0.5057555437088013,-0.04391947016119957,0.2034814953804016,0.4692201316356659,-0.025165770202875137,0.2069683074951172,0.4104340970516205,-0.05168837681412697,0.21006642282009125,0.5143188238143921,-0.03543401136994362,0.21714471280574799,0.5057404637336731,-0.02050885371863842,0.1615738868713379,0.4774462580680847,-0.02896195650100708,0.15837205946445465,0.43582022190093994,-0.03723301738500595,0.16915465891361237,0.5037457942962646,-0.020520826801657677,0.17609313130378723,0.5160513520240784,-0.006986632477492094,Right
0.30007943511009216,0.6242947578430176,-2.3448149022442522e-07,0.336307555437088,0.5982866287231445,-0.0179488155990839,0.3672102689743042,0.5551574230194092,-0.02473212219774723,0.3885067105293274,0.5071528553962708,-0.028969837352633476,0.40820637345314026,0.4825023114681244,-0.02873045578598976,0.3391634225845337,0.4835227429866791,-0.01209232583642006,0.33866339921951294,0.44212979078292847,-0.026768632233142853,0.3384632468223572,0.4960860013961792,-0.0321960523724556,0.3398323655128479,0.5071440935134888,-0.033907122910022736,0.3143541216850281,0.48738449811935425,-0.008012339472770691,0.3166876435279846,0.4520128071308136,-0.019795894622802734,0.31970304250717163,0.5153531432151794,-0.0188532005995512,0.32091206312179565,0.5113546252250671,-0.016388431191444397,0.2920230031013489,0.4936235845088959,-0.006965546403080225,0.2936937212944031,0.46130087971687317,-0.018756462261080742,0.2989407777786255,0.5149001479148865,-0.009994626976549625,0.30166059732437134,0.5143294930458069,-0.0020003532990813255,0.2703802287578583,0.5011692643165588,-0.007551033515483141,0.266802579164505,0.4700448513031006,-0.010720141232013702,0.2765655815601349,0.5035924911499023,-0.0011267767986282706,0.2823559045791626,0.5167434811592102,0.007128679193556309,Right
0.30069997906684875,0.5886983275413513,-1.760580801146716e-07,0.33510905504226685,0.5900294780731201,-0.019328901544213295,0.37043923139572144,0.5666882395744324,-0.028604431077837944,0.40025049448013306,0.5415601134300232,-0.035627007484436035,0.424514502286911,0.5409013628959656,-0.03893463686108589,0.35992419719696045,0.48821330070495605,-0.014005903154611588,0.3630892038345337,0.45342588424682617,-0.029810400679707527,0.35261762142181396,0.49778005480766296,-0.034866005182266235,0.35290154814720154,0.5100756287574768,-0.036201801151037216,0.3371368646621704,0.47688040137290955,-0.010004621930420399,0.34161993861198425,0.4459886848926544,-0.02467389963567257,0.3327800929546356,0.5033731460571289,-0.022749390453100204,0.3353089392185211,0.505018413066864,-0.018150225281715393,0.3155139982700348,0.46874210238456726,-0.00944372545927763,0.3199341893196106,0.43869301676750183,-0.024793023243546486,0.314304381608963,0.49159249663352966,-0.01606355421245098,0.31663861870765686,0.4972746670246124,-0.0064390054903924465,0.2945590019226074,0.46386176347732544,-0.010622193105518818,0.2958734929561615,0.4336772859096527,-0.017463715746998787,0.29535287618637085,0.4709005057811737,-0.009579594247043133,0.29752570390701294,0.4852088391780853,-0.0014630069490522146,Right
0.30624014139175415,0.6409773826599121,-1.9933327166654635e-07,0.340576171875,0.6132521033287048,-0.01639106683433056,0.3688799738883972,0.5687500238418579,-0.022689495235681534,0.3901047110557556,0.519473671913147,-0.026964616030454636,0.41080671548843384,0.49574708938598633,-0.027226464822888374,0.3411216139793396,0.4984452724456787,-0.007612121757119894,0.3408662676811218,0.4624800682067871,-0.021498676389455795,0.34019729495048523,0.5113744139671326,-0.027356646955013275,0.3406060039997101,0.5213851928710938,-0.02950115129351616,0.3174377381801605,0.5038360357284546,-0.004109126981347799,0.31851494312286377,0.4721929728984833,-0.015408127568662167,0.32239943742752075,0.5324338674545288,-0.015041537582874298,0.3231980502605438,0.529239296913147,-0.012630173936486244,0.2955675423145294,0.5116967558860779,-0.0036855509970337152,0.296963095664978,0.47994276881217957,-0.015865808352828026,0.3033079206943512,0.5332958698272705,-0.007698755245655775,0.3056364953517914,0.5345075726509094,0.00045412674080580473,0.2738949656486511,0.5216219425201416,-0.004751243628561497,0.2716311812400818,0.4923546314239502,-0.008881662972271442,0.28143444657325745,0.5259702801704407,0.00012737071665469557,0.2866724729537964,0.5375332832336426,0.008455098606646061,Right
0.2958228588104248,0.6308658123016357,-1.742420323580518e-07,0.3285396695137024,0.6053662300109863,-0.02018938772380352,0.35695233941078186,0.5666669607162476,-0.030727630481123924,0.3838825821876526,0.5362280011177063,-0.03853194788098335,0.40792316198349,0.5298081636428833,-0.04231947660446167,0.3299645185470581,0.4863101840019226,-0.01975620537996292,0.31925633549690247,0.46803513169288635,-0.038016218692064285,0.32278987765312195,0.5166448354721069,-0.045730527490377426,0.33009400963783264,0.5192761421203613,-0.04915526136755943,0.3042728900909424,0.4967559278011322,-0.01600809209048748,0.2986498177051544,0.4762377440929413,-0.03208041563630104,0.30589815974235535,0.5356939435005188,-0.03139905631542206,0.3111779987812042,0.5288234353065491,-0.02872372232377529,0.28124815225601196,0.5074847936630249,-0.015276453457772732,0.27657270431518555,0.48761796951293945,-0.02995447814464569,0.2849682569503784,0.5391049981117249,-0.021137157455086708,0.2919760048389435,0.5341059565544128,-0.012763884849846363,0.26031461358070374,0.5187395811080933,-0.016535233706235886,0.2522541582584381,0.5017142295837402,-0.020995857194066048,0.2621116042137146,0.5360170006752014,-0.011853912845253944,0.27094897627830505,0.5431047081947327,-0.003957206849008799,Right
0.29123449325561523,0.586722731590271,-1.8684730207496614e-07,0.33363163471221924,0.5709606409072876,-0.010170111432671547,0.36834102869033813,0.5480237603187561,-0.016450198367238045,0.4002039432525635,0.516963541507721,-0.023144476115703583,0.4232904314994812,0.5073661804199219,-0.02690984308719635,0.3538881242275238,0.4832190275192261,-0.0031863676849752665,0.35953691601753235,0.4380856454372406,-0.017597410827875137,0.351996511220932,0.4816058874130249,-0.022687606513500214,0.3487793207168579,0.5076084733009338,-0.023488325998187065,0.33164703845977783,0.47076764702796936,-0.0032903491519391537,0.3374886214733124,0.4315726161003113,-0.019702568650245667,0.3311181664466858,0.4890334904193878,-0.02154972031712532,0.331331729888916,0.5056900978088379,-0.01921805366873741,0.3102577030658722,0.46670717000961304,-0.005659566726535559,0.3165687322616577,0.42780882120132446,-0.020710865035653114,0.3137142062187195,0.48043113946914673,-0.01260183285921812,0.3129960596561432,0.5021621584892273,-0.003061908297240734,0.28816765546798706,0.46902069449424744,-0.008960227482020855,0.2916596531867981,0.43014881014823914,-0.016333987936377525,0.29634833335876465,0.46631038188934326,-0.008689580485224724,0.2991654872894287,0.487522691488266,-0.0002797992783598602,Right
0.29734840989112854,0.6073354482650757,-1.4647704915660142e-07,0.33058997988700867,0.5864980816841125,-0.02055474929511547,0.3607567250728607,0.5534129738807678,-0.029940415173768997,0.38944685459136963,0.5275835990905762,-0.03574485331773758,0.41446325182914734,0.5247743129730225,-0.03722340986132622,0.3439582884311676,0.461564302444458,-0.017587535083293915,0.33679133653640747,0.4516703486442566,-0.034457918256521225,0.3364183008670807,0.49891889095306396,-0.042390890419483185,0.3417414724826813,0.4974410831928253,-0.046239811927080154,0.31800606846809387,0.46503061056137085,-0.01289852149784565,0.31547826528549194,0.4539954960346222,-0.025381647050380707,0.31792303919792175,0.5124422907829285,-0.024570919573307037,0.32253798842430115,0.5009345412254333,-0.022848397493362427,0.29377564787864685,0.4717728793621063,-0.011415963992476463,0.29319262504577637,0.4604300260543823,-0.023231571540236473,0.2975180745124817,0.5117424726486206,-0.015504470095038414,0.303802490234375,0.5047321915626526,-0.008837224915623665,0.27196186780929565,0.4805428981781006,-0.011997679248452187,0.2680213153362274,0.4682147204875946,-0.014746458269655704,0.27529555559158325,0.5030070543289185,-0.0062174987979233265,0.2822774350643158,0.5091586112976074,0.00076181476470083,Right
0.29225242137908936,0.6048871278762817,-1.8281539837516902e-07,0.32678550481796265,0.59172523021698,-0.016433337703347206,0.35521823167800903,0.5565576553344727,-0.023337751626968384,0.38101914525032043,0.5221228003501892,-0.028438584879040718,0.40510228276252747,0.5211256742477417,-0.02913942188024521,0.34752151370048523,0.4870542287826538,-0.00770916510373354,0.3454728126525879,0.4423924386501312,-0.02315286174416542,0.34075847268104553,0.48993805050849915,-0.02808205597102642,0.3451401889324188,0.5063313841819763,-0.028740044683218002,0.3242813050746918,0.48294925689697266,-0.004133175127208233,0.32340630888938904,0.4431999921798706,-0.016590982675552368,0.3194118142127991,0.5054031610488892,-0.013263232074677944,0.3255866765975952,0.5060909986495972,-0.007474575657397509,0.30212244391441345,0.47991159558296204,-0.00425415113568306,0.3024517893791199,0.4461711645126343,-0.01694127544760704,0.30124884843826294,0.5005082488059998,-0.007147469092160463,0.3072218894958496,0.5053017139434814,0.003127630101516843,0.28133657574653625,0.4797878563404083,-0.0061734504997730255,0.2781248688697815,0.4470612108707428,-0.0100410683080554,0.2815820872783661,0.4822184145450592,-0.0009800507687032223,0.28724434971809387,0.4968787431716919,0.007889391854405403,Right
0.26988086104393005,0.6195665001869202,-2.3549168304271006e-07,0.3093259632587433,0.5764758586883545,-0.007048110477626324,0.3397824466228485,0.5228942632675171,-0.010841334238648415,0.3687402606010437,0.497953861951828,-0.014021738432347775,0.391929566860199,0.4917820692062378,-0.013787011615931988,0.29802462458610535,0.45939069986343384,-0.011656411923468113,0.32487547397613525,0.44547033309936523,-0.024400785565376282,0.31907108426094055,0.4976595938205719,-0.02794908918440342,0.3071357309818268,0.4971601366996765,-0.03033493086695671,0.2741125524044037,0.4611656367778778,-0.015090073458850384,0.30454930663108826,0.45368853211402893,-0.029844990000128746,0.3018326163291931,0.5092489123344421,-0.032782044261693954,0.28787219524383545,0.5018792152404785,-0.034334179013967514,0.2530782222747803,0.4748697578907013,-0.019251104444265366,0.2810659110546112,0.4632168412208557,-0.03329982981085777,0.2843809127807617,0.5142845511436462,-0.02800409495830536,0.27078089118003845,0.5102114081382751,-0.023312438279390335,0.23497313261032104,0.49349159002304077,-0.02377414144575596,0.2565340995788574,0.47829127311706543,-0.03115915134549141,0.26681047677993774,0.5111888647079468,-0.024493994191288948,0.25744789838790894,0.5174331068992615,-0.018779411911964417,Right
0.25505003333091736,0.6908243298530579,-3.362180791555147e-07,0.3122801184654236,0.6579237580299377,-0.016729053109884262,0.3667829632759094,0.5908399224281311,-0.025069953873753548,0.4099375903606415,0.5449570417404175,-0.03447931259870529,0.4429256319999695,0.5341151356697083,-0.03909848630428314,0.33108988404273987,0.4809732735157013,-0.002485263627022505,0.34243735671043396,0.41500383615493774,-0.025877080857753754,0.33427754044532776,0.48843950033187866,-0.035472456365823746,0.32837390899658203,0.5042816400527954,-0.03935421630740166,0.2953372895717621,0.4709424376487732,-0.005144801456481218,0.3080827295780182,0.40330010652542114,-0.02728158049285412,0.30498889088630676,0.4921579658985138,-0.02831950969994068,0.2968064844608307,0.495435893535614,-0.024708092212677002,0.25921741127967834,0.4734465777873993,-0.012381834909319878,0.2683790326118469,0.40191754698753357,-0.03503593057394028,0.2723096013069153,0.4866272211074829,-0.02214050106704235,0.26485729217529297,0.4981241524219513,-0.008541962131857872,0.22149866819381714,0.4831741750240326,-0.021439867094159126,0.23024073243141174,0.42737069725990295,-0.03152826055884361,0.2403745800256729,0.48438340425491333,-0.01759249158203602,0.23675571382045746,0.5064730048179626,-0.004488897509872913,Right
0.2823237478733063,0.6082462072372437,-2.2826995405011985e-07,0.31870973110198975,0.5831114649772644,-0.013487865217030048,0.3522200584411621,0.5474309921264648,-0.023751815780997276,0.38108718395233154,0.5292959213256836,-0.0334058552980423,0.4045225977897644,0.5263879299163818,-0.040969133377075195,0.31193187832832336,0.4551255702972412,-0.019402259960770607,0.3340962529182434,0.47626224160194397,-0.035109683871269226,0.3280031979084015,0.5181012153625488,-0.04287393018603325,0.319435179233551,0.5217203497886658,-0.04795168340206146,0.2861520051956177,0.4542039930820465,-0.021593483164906502,0.3124478757381439,0.49169233441352844,-0.03872058168053627,0.30919018387794495,0.537146270275116,-0.04449394345283508,0.299874484539032,0.5317593812942505,-0.047893982380628586,0.2632647454738617,0.4699362516403198,-0.024746892973780632,0.28819340467453003,0.5055100917816162,-0.040660079568624496,0.2892095744609833,0.5451200604438782,-0.03951562941074371,0.28045982122421265,0.5388497114181519,-0.03737450763583183,0.24335840344429016,0.49223458766937256,-0.02907506190240383,0.26289474964141846,0.5121358036994934,-0.03783585503697395,0.27159178256988525,0.5421618223190308,-0.03428696468472481,0.2685348093509674,0.5436697006225586,-0.030518444254994392,Right
0.2761220633983612,0.6046297550201416,-2.39870786344909e-07,0.31392902135849,0.5776712894439697,-0.011834944598376751,0.34546998143196106,0.5334623456001282,-0.018090860918164253,0.37260279059410095,0.49480924010276794,-0.02464316226541996,0.3963204622268677,0.48344358801841736,-0.02818620763719082,0.31920117139816284,0.4823240637779236,-0.0063453176990151405,0.32349008321762085,0.4338860511779785,-0.021156346425414085,0.32131725549697876,0.48571503162384033,-0.025194987654685974,0.32023587822914124,0.5040407180786133,-0.025599459186196327,0.296458899974823,0.4807789623737335,-0.007096731569617987,0.3017682731151581,0.43746963143348694,-0.02131451480090618,0.3015647530555725,0.4998203217983246,-0.020075922831892967,0.299881249666214,0.5057892203330994,-0.01606527902185917,0.2742854356765747,0.4836060404777527,-0.01072103064507246,0.28024089336395264,0.4449478089809418,-0.02556036412715912,0.283275842666626,0.5021697878837585,-0.016175616532564163,0.28137922286987305,0.512220561504364,-0.006106599234044552,0.2514984905719757,0.4898836016654968,-0.015543419867753983,0.25419485569000244,0.45236727595329285,-0.021695056930184364,0.2630619406700134,0.4899684488773346,-0.011964875273406506,0.2653290331363678,0.5091226100921631,-0.0027827383019030094,Right
0.2956056296825409,0.6729427576065063,-1.6033064298426325e-07,0.31716006994247437,0.643905758857727,-0.011897627264261246,0.33122026920318604,0.6105638146400452,-0.01723509095609188,0.3397133946418762,0.5715188384056091,-0.021533597260713577,0.3515404164791107,0.5491259098052979,-0.022735174745321274,0.3156649172306061,0.56463223695755,-0.00411217100918293,0.3031919598579407,0.5380856394767761,-0.015944762155413628,0.3064418435096741,0.571157693862915,-0.021299488842487335,0.3133617043495178,0.5801007151603699,-0.02303905040025711,0.30050182342529297,0.5719459652900696,-0.0008161150035448372,0.2901079058647156,0.5451952219009399,-0.010949954390525818,0.2954952120780945,0.5866327881813049,-0.009959060698747635,0.3023885488510132,0.5854418277740479,-0.006739069242030382,0.2860913872718811,0.5803410410881042,-0.00014479109086096287,0.2770845890045166,0.5547407865524292,-0.009538977406919003,0.282188355922699,0.590016782283783,-0.0026176869869232178,0.2910555899143219,0.5923576951026917,0.004597479477524757,0.2733997106552124,0.5899450182914734,-0.0008506543817929924,0.2647063136100769,0.5710896849632263,-0.004166672471910715,0.2706471383571625,0.593067467212677,0.001667764037847519,0.2798856496810913,0.6011262536048889,0.007627257611602545,Right
0.27896547317504883,0.670868456363678,-1.5238205719469988e-07,0.3017662465572357,0.6426578164100647,-0.008967743255198002,0.31996291875839233,0.6060160398483276,-0.013228108175098896,0.33375483751296997,0.5717272758483887,-0.017104417085647583,0.3473625183105469,0.5540536642074585,-0.018703285604715347,0.2946828007698059,0.5673823356628418,-0.004440776538103819,0.29650163650512695,0.5393697023391724,-0.014138469472527504,0.29885831475257874,0.573745608329773,-0.018124355003237724,0.29753461480140686,0.5799926519393921,-0.020034627988934517,0.2793755531311035,0.5741191506385803,-0.004323114175349474,0.2818218469619751,0.5493399500846863,-0.013049347326159477,0.2875017821788788,0.5884848833084106,-0.013388141989707947,0.2847513258457184,0.58745276927948,-0.012547867372632027,0.26494431495666504,0.5848773121833801,-0.006082844454795122,0.26706624031066895,0.5586322546005249,-0.015507680363953114,0.27448976039886475,0.5929985046386719,-0.010049059055745602,0.27235403656959534,0.5952820777893066,-0.004786627367138863,0.25034549832344055,0.5979703664779663,-0.00863681361079216,0.25191330909729004,0.5762210488319397,-0.012485697865486145,0.261326402425766,0.596484363079071,-0.006334529258310795,0.26217108964920044,0.6045767068862915,-0.0008955896482802927,Right
0.2827089726924896,0.6248378157615662,-1.3825054168137285e-07,0.30597299337387085,0.6106359958648682,-0.011565753258764744,0.32653912901878357,0.5901044607162476,-0.01722615770995617,0.3436165153980255,0.5696488618850708,-0.021358508616685867,0.3583157956600189,0.5643748641014099,-0.02252076379954815,0.3147132694721222,0.531735360622406,-0.008564586751163006,0.3131590485572815,0.5176910758018494,-0.019562210887670517,0.31068846583366394,0.5512025356292725,-0.02422168105840683,0.313053160905838,0.5520451068878174,-0.0264696404337883,0.29846277832984924,0.5325484275817871,-0.006598810665309429,0.2988116145133972,0.5158205032348633,-0.01702466793358326,0.29840171337127686,0.5563796758651733,-0.01682192087173462,0.30093085765838623,0.5543608069419861,-0.01496631745249033,0.2829870879650116,0.5352187156677246,-0.00656885514035821,0.2829934060573578,0.5174729228019714,-0.0161405298858881,0.2847823202610016,0.5556953549385071,-0.009865335188806057,0.2890799045562744,0.5561949610710144,-0.003733474062755704,0.268900066614151,0.5400350093841553,-0.007691820152103901,0.2674536406993866,0.5261633992195129,-0.010189938358962536,0.27107980847358704,0.5527607798576355,-0.003498935140669346,0.2752718925476074,0.5585215091705322,0.0023213429376482964,Right
0.2745479643344879,0.6285911202430725,-1.4663216063581785e-07,0.30449414253234863,0.6077872514724731,-0.004464070312678814,0.3295338749885559,0.5842312574386597,-0.006914346478879452,0.34980344772338867,0.5716615915298462,-0.008670260198414326,0.3645009696483612,0.566206157207489,-0.007680227514356375,0.3088216483592987,0.5241900086402893,-0.005056433845311403,0.3289136290550232,0.5280320644378662,-0.013302337378263474,0.32054632902145386,0.5603350400924683,-0.01647699624300003,0.31299880146980286,0.5575852394104004,-0.01865227334201336,0.2939537763595581,0.5185365080833435,-0.007212933152914047,0.31574204564094543,0.5289896726608276,-0.01697569154202938,0.3091009855270386,0.5632614493370056,-0.02020629495382309,0.30113905668258667,0.5557882189750671,-0.022180385887622833,0.2801549434661865,0.5234773755073547,-0.009846610948443413,0.3001866042613983,0.5292588472366333,-0.018909458070993423,0.29767513275146484,0.5623060464859009,-0.016159093007445335,0.28912556171417236,0.5566319823265076,-0.013572790659964085,0.2686934769153595,0.5347273349761963,-0.012725288048386574,0.28451892733573914,0.5350461006164551,-0.01712644100189209,0.2873044013977051,0.5583967566490173,-0.012820214033126831,0.2795047163963318,0.557655394077301,-0.00900435820221901,Right
0.2799893915653229,0.6527013778686523,-1.3279908728236478e-07,0.3061958849430084,0.6189743280410767,-0.006490351632237434,0.32694002985954285,0.583022952079773,-0.010352510958909988,0.343056321144104,0.5593528151512146,-0.01329806074500084,0.356988787651062,0.5462972521781921,-0.013499648310244083,0.29669082164764404,0.5328578948974609,-0.00780076626688242,0.31447935104370117,0.5271751284599304,-0.016089128330349922,0.3118402063846588,0.5626868605613708,-0.018622111529111862,0.3035121560096741,0.5650296211242676,-0.02033229172229767,0.2803340554237366,0.5346193909645081,-0.009366026148200035,0.300675630569458,0.5353041291236877,-0.01977822743356228,0.3008890748023987,0.5721215605735779,-0.023042749613523483,0.2922458350658417,0.5685625672340393,-0.024895742535591125,0.26702889800071716,0.5470128655433655,-0.011351828463375568,0.2853291928768158,0.5458642840385437,-0.02119315043091774,0.289077490568161,0.5784626007080078,-0.018374072387814522,0.28070297837257385,0.5757066011428833,-0.015691066160798073,0.25631096959114075,0.5638339519500732,-0.013661590404808521,0.27043411135673523,0.5591303706169128,-0.01870511658489704,0.2773287892341614,0.5807024836540222,-0.014246863313019276,0.2705320417881012,0.5832817554473877,-0.010231953114271164,Right
0.28822222352027893,0.6089946627616882,-1.3813632904202677e-07,0.3115788698196411,0.596331000328064,-0.009458791464567184,0.33344870805740356,0.5752993822097778,-0.014048431999981403,0.351203978061676,0.5615200400352478,-0.017352011054754257,0.36526936292648315,0.5593344569206238,-0.018239639699459076,0.321647584438324,0.5146530270576477,-0.00811139028519392,0.32602459192276,0.5110214352607727,-0.01807127334177494,0.3206067383289337,0.5434224605560303,-0.02336207963526249,0.3188527524471283,0.5417969226837158,-0.026859620586037636,0.3048671782016754,0.5118668079376221,-0.007883460260927677,0.3102465271949768,0.5106217861175537,-0.017538662999868393,0.3083125352859497,0.5471922755241394,-0.019480576738715172,0.307134211063385,0.542144775390625,-0.020246032625436783,0.2889788746833801,0.5156096816062927,-0.009038692340254784,0.2938618063926697,0.5108001232147217,-0.018359124660491943,0.29483866691589355,0.5455361008644104,-0.014421094208955765,0.2947465777397156,0.5435088276863098,-0.010724712163209915,0.27500832080841064,0.5229147672653198,-0.011042510159313679,0.2784215211868286,0.5171992778778076,-0.014786687679588795,0.28225240111351013,0.5420839786529541,-0.009583656676113605,0.2827281653881073,0.5454262495040894,-0.005088570062071085,Right
0.2847749888896942,0.6227864027023315,-1.2476030519792403e-07,0.3127632439136505,0.6055923700332642,-0.0014084740541875362,0.33681997656822205,0.583168089389801,-0.005193760152906179,0.3571452796459198,0.5742409825325012,-0.009882587939500809,0.3722325265407562,0.5718830227851868,-0.012875800020992756,0.31771400570869446,0.5189496874809265,-0.003961132373660803,0.33987462520599365,0.5295394062995911,-0.012375873513519764,0.331981897354126,0.559543788433075,-0.016274601221084595,0.3235432207584381,0.560860276222229,-0.018914299085736275,0.30394378304481506,0.5128614902496338,-0.008374407887458801,0.3288441300392151,0.5320580005645752,-0.017637940123677254,0.32114264369010925,0.5639569163322449,-0.020067688077688217,0.31255149841308594,0.5594412088394165,-0.021279411390423775,0.2910240888595581,0.5185186266899109,-0.013110220432281494,0.3146574795246124,0.5347930192947388,-0.021485745906829834,0.3099188804626465,0.5647131204605103,-0.018478423357009888,0.30133312940597534,0.5609259009361267,-0.015669025480747223,0.27985191345214844,0.531613290309906,-0.01793895848095417,0.2999700903892517,0.5387669801712036,-0.02233225293457508,0.30016979575157166,0.5607591271400452,-0.018205909058451653,0.293386846780777,0.5610210299491882,-0.014461691491305828,Right
0.3234180808067322,0.5308794975280762,-1.1282612888408039e-07,0.3466310501098633,0.5327541828155518,-0.004270750563591719,0.3678990602493286,0.5316522717475891,-0.010278071276843548,0.38451895117759705,0.5402635335922241,-0.016797147691249847,0.3971521854400635,0.551380455493927,-0.022628357633948326,0.3631387948989868,0.46033963561058044,-0.0113740349188447,0.3775433599948883,0.4933495819568634,-0.020409315824508667,0.3683716952800751,0.5145655274391174,-0.025472478941082954,0.36143508553504944,0.5135798454284668,-0.029049940407276154,0.349752813577652,0.4514646530151367,-0.015183120965957642,0.36490124464035034,0.49411579966545105,-0.022951753810048103,0.35608768463134766,0.5146152973175049,-0.025182364508509636,0.3494364023208618,0.5082876682281494,-0.02723110094666481,0.33535999059677124,0.4533345103263855,-0.019307579845190048,0.35004761815071106,0.49026209115982056,-0.026692142710089684,0.34398728609085083,0.5106155872344971,-0.025266513228416443,0.3384162187576294,0.50462406873703,-0.024294108152389526,0.321396142244339,0.4620634913444519,-0.02387375757098198,0.33482688665390015,0.484616219997406,-0.027835367247462273,0.33405858278274536,0.5026087164878845,-0.024691343307495117,0.3304755985736847,0.5037472248077393,-0.022205321118235588,Right
0.2628706693649292,0.6817845106124878,-3.861441086883133e-07,0.318938285112381,0.6429229974746704,-0.02079361118376255,0.37058722972869873,0.5666948556900024,-0.03256325051188469,0.41060924530029297,0.5055393576622009,-0.04499216377735138,0.4448198080062866,0.4878228008747101,-0.052742961794137955,0.3240324854850769,0.4679935872554779,-0.012765143997967243,0.3323085308074951,0.39363524317741394,-0.03919825702905655,0.32906103134155273,0.4727911949157715,-0.04899946227669716,0.3250471353530884,0.4991740882396698,-0.0523572638630867,0.28640016913414,0.4649394452571869,-0.014994765631854534,0.2960408329963684,0.39146995544433594,-0.04017545282840729,0.29831603169441223,0.48439568281173706,-0.04009121656417847,0.29174166917800903,0.49323493242263794,-0.03522595018148422,0.24996884167194366,0.4734705686569214,-0.02186693623661995,0.2547685503959656,0.40031641721725464,-0.04728534445166588,0.2629835307598114,0.48390769958496094,-0.03277846425771713,0.2576444447040558,0.49581146240234375,-0.017777632921934128,0.2115575522184372,0.4882543385028839,-0.030857639387249947,0.2150411307811737,0.42817404866218567,-0.04235916957259178,0.2291109263896942,0.4834249019622803,-0.027383556589484215,0.22827905416488647,0.5073701739311218,-0.013623371720314026,Right
0.2886292338371277,0.6124507188796997,-1.4281341975674877e-07,0.31756168603897095,0.5970284938812256,-0.0034148714039474726,0.3416649103164673,0.5780898928642273,-0.006859390065073967,0.3619633615016937,0.5715991854667664,-0.010530553758144379,0.37631702423095703,0.5716864466667175,-0.012541640549898148,0.3231341242790222,0.5130688548088074,-0.0059791263192892075,0.34172043204307556,0.5298633575439453,-0.014377829618752003,0.3332141637802124,0.5569887161254883,-0.01834939979016781,0.32565388083457947,0.5555475354194641,-0.02118713967502117,0.30813518166542053,0.5065269470214844,-0.009528828784823418,0.3286144435405731,0.5333985686302185,-0.019504936411976814,0.3209988474845886,0.562402069568634,-0.023437591269612312,0.3133460581302643,0.5553501844406128,-0.025847434997558594,0.2937864363193512,0.5129851698875427,-0.01325074303895235,0.3124971091747284,0.5334095358848572,-0.022117309272289276,0.30881616473197937,0.5609076023101807,-0.02053878828883171,0.30116817355155945,0.5541512370109558,-0.01884211041033268,0.2810969948768616,0.5264151692390442,-0.01725129410624504,0.2961408793926239,0.5382580757141113,-0.02171768806874752,0.29849329590797424,0.5601516962051392,-0.01814715936779976,0.29321107268333435,0.5594470500946045,-0.014861918985843658,Right
0.2905454635620117,0.6276126503944397,-1.1511697550758981e-07,0.31525832414627075,0.6011031270027161,-0.0062215086072683334,0.33736276626586914,0.5661769509315491,-0.00979132205247879,0.35539987683296204,0.5461298227310181,-0.012431675568223,0.3696974515914917,0.5379483699798584,-0.012650557793676853,0.310433030128479,0.5199147462844849,-0.010007461532950401,0.32769525051116943,0.5130599737167358,-0.017582669854164124,0.32372936606407166,0.5466029644012451,-0.01936621032655239,0.3158731162548065,0.5481929779052734,-0.020578205585479736,0.2945639193058014,0.5206815600395203,-0.011409181170165539,0.3137657344341278,0.5182605385780334,-0.021174835041165352,0.3126499056816101,0.5547194480895996,-0.023477494716644287,0.3042399287223816,0.5510461330413818,-0.024816926568746567,0.2810613214969635,0.5311519503593445,-0.013086605817079544,0.29873961210250854,0.5244458317756653,-0.022154269739985466,0.3016030192375183,0.5579521656036377,-0.018385350704193115,0.2934555113315582,0.556675136089325,-0.015230980701744556,0.26924553513526917,0.5456345081329346,-0.015072922222316265,0.2834503650665283,0.5371999144554138,-0.019653597846627235,0.2899620831012726,0.5588061809539795,-0.014979076571762562,0.2838374674320221,0.5617645978927612,-0.011120451614260674,Right
0.2556709945201874,0.6958325505256653,-3.059179505271459e-07,0.31176939606666565,0.6655141115188599,-0.020427176728844643,0.36688247323036194,0.5970807075500488,-0.03078833781182766,0.4097324013710022,0.5464270710945129,-0.04150746762752533,0.44348859786987305,0.5352492332458496,-0.04766792804002762,0.3283692002296448,0.48512497544288635,-0.008611013181507587,0.34037429094314575,0.4141290485858917,-0.03257763758301735,0.3333868682384491,0.4860696494579315,-0.041442155838012695,0.32711926102638245,0.506576657295227,-0.04478126019239426,0.29157838225364685,0.4736482501029968,-0.010326110757887363,0.304902046918869,0.4008397161960602,-0.03338875249028206,0.30228787660598755,0.4887668490409851,-0.03397307172417641,0.294000506401062,0.49442172050476074,-0.029927466064691544,0.2545221149921417,0.47592827677726746,-0.016843967139720917,0.2641686499118805,0.40221574902534485,-0.04170021414756775,0.26752087473869324,0.48524010181427,-0.02995065227150917,0.25946730375289917,0.4964296519756317,-0.01678723469376564,0.21626611053943634,0.4864061176776886,-0.02529766596853733,0.2232951521873474,0.4284552335739136,-0.03813385218381882,0.23350758850574493,0.4837416112422943,-0.026025190949440002,0.2305753231048584,0.5053055882453918,-0.014090802520513535,Right
0.2507280111312866,0.7006880044937134,-3.398500325602072e-07,0.3082857131958008,0.6688202619552612,-0.02242405153810978,0.3619961142539978,0.5951416492462158,-0.03293844684958458,0.4036042392253876,0.5322775840759277,-0.043392982333898544,0.4391639530658722,0.5111050605773926,-0.048694394528865814,0.3240773379802704,0.48480644822120667,-0.009443872608244419,0.3351936936378479,0.4093739986419678,-0.03496868908405304,0.32764139771461487,0.4864712953567505,-0.04380551725625992,0.3227710425853729,0.5076336860656738,-0.046693503856658936,0.28623247146606445,0.4724676311016083,-0.01035437174141407,0.29855865240097046,0.395011842250824,-0.03598999232053757,0.2957124710083008,0.4873271882534027,-0.03634316474199295,0.2886411249637604,0.49596530199050903,-0.031144922599196434,0.24833612143993378,0.47525763511657715,-0.016414403915405273,0.25619035959243774,0.39795631170272827,-0.04367673024535179,0.25968220829963684,0.4851909279823303,-0.030508577823638916,0.2535986304283142,0.4996379315853119,-0.015346573665738106,0.2094665914773941,0.48604604601860046,-0.02454586699604988,0.21528509259223938,0.42542746663093567,-0.03865231201052666,0.2256571650505066,0.4820532500743866,-0.025890477001667023,0.2232683002948761,0.504767894744873,-0.012814224697649479,Right
0.25167348980903625,0.7139604091644287,-4.295173141599662e-07,0.30910465121269226,0.6523568034172058,-0.021619252860546112,0.3535711467266083,0.5607555508613586,-0.03289303556084633,0.38486844301223755,0.4783392548561096,-0.04473728686571121,0.4159281551837921,0.4354091286659241,-0.05090517923235893,0.29650962352752686,0.4593629539012909,-0.012691788375377655,0.2927781939506531,0.3766244649887085,-0.04036766663193703,0.2963376045227051,0.4638000726699829,-0.04986434057354927,0.29809895157814026,0.48563340306282043,-0.05336649715900421,0.255592942237854,0.4649076759815216,-0.01481421384960413,0.25232815742492676,0.3842812180519104,-0.04289529472589493,0.26286330819129944,0.48336857557296753,-0.042480867356061935,0.2613658607006073,0.49041715264320374,-0.03719213604927063,0.21683217585086823,0.48332861065864563,-0.021868031471967697,0.21050727367401123,0.3992716372013092,-0.05073036253452301,0.22616249322891235,0.48940861225128174,-0.03450235724449158,0.22678132355213165,0.503139078617096,-0.01782875694334507,0.17836719751358032,0.5096891522407532,-0.031085440889000893,0.1687837839126587,0.4459817111492157,-0.046032264828681946,0.18948093056678772,0.5006817579269409,-0.031433094292879105,0.19768483936786652,0.5253193974494934,-0.017138134688138962,Right
0.2515484690666199,0.812669575214386,-3.599293165734707e-07,0.2877280116081238,0.7614538669586182,-0.009796910919249058,0.3151780366897583,0.6998444199562073,-0.014709964394569397,0.3123581111431122,0.6392170786857605,-0.021176273003220558,0.28399646282196045,0.630481481552124,-0.02507880888879299,0.28777825832366943,0.6493302583694458,0.001750812865793705,0.29577499628067017,0.5974564552307129,-0.014566485770046711,0.29863494634628296,0.655205488204956,-0.021408718079328537,0.2929539978504181,0.6707054376602173,-0.02427968569099903,0.2627263069152832,0.6523338556289673,-0.0010358666768297553,0.27057701349258423,0.6095168590545654,-0.019808316603302956,0.27608931064605713,0.6770923137664795,-0.023621950298547745,0.2683643400669098,0.6827793717384338,-0.022464971989393234,0.2393483817577362,0.6607170104980469,-0.006677492056041956,0.2449846863746643,0.6182023882865906,-0.026633750647306442,0.2527465522289276,0.6807957887649536,-0.020135492086410522,0.24498967826366425,0.6916841268539429,-0.011351161636412144,0.21279868483543396,0.6729462146759033,-0.012960651889443398,0.21999013423919678,0.6311357617378235,-0.02166445553302765,0.22941625118255615,0.6726420521736145,-0.012115850113332272,0.2261049747467041,0.6917133927345276,-0.0028687489684671164,Stop
0.27220308780670166,0.6132695078849792,-5.044014415034326e-07,0.31533804535865784,0.5341897010803223,-0.02016248181462288,0.34028762578964233,0.435666561126709,-0.030088715255260468,0.3340723514556885,0.3422657549381256,-0.041626688092947006,0.298174649477005,0.2960951626300812,-0.04883478581905365,0.2952474355697632,0.36455273628234863,-0.003396213985979557,0.3008785843849182,0.2879471778869629,-0.032036058604717255,0.3154762387275696,0.3677207827568054,-0.04271448031067848,0.31094491481781006,0.3970593512058258,-0.04526138678193092,0.26276737451553345,0.3769746422767639,-0.005279539152979851,0.27193117141723633,0.31590181589126587,-0.03469293192028999,0.29013240337371826,0.4132232964038849,-0.038618553429841995,0.2786571979522705,0.4200606942176819,-0.03503350913524628,0.2314423769712448,0.39685600996017456,-0.012492681853473186,0.23880688846111298,0.3390229344367981,-0.046988002955913544,0.25845271348953247,0.4303731918334961,-0.036465298384428024,0.24733813107013702,0.4455110728740692,-0.021110448986291885,0.19514279067516327,0.4228852093219757,-0.02091750130057335,0.2011556327342987,0.3598474860191345,-0.03894069045782089,0.22204557061195374,0.41687360405921936,-0.02495056949555874,0.2204071283340454,0.4445633292198181,-0.00975252129137516,Stop
0.2722485661506653,0.6186803579330444,-4.845877015213773e-07,0.3162199854850769,0.5406808853149414,-0.02078312262892723,0.3427753746509552,0.4427701532840729,-0.030239593237638474,0.33804935216903687,0.347923219203949,-0.04076679050922394,0.30390316247940063,0.2974303066730499,-0.04660015553236008,0.2982046902179718,0.3712182343006134,-0.002864658134058118,0.30477654933929443,0.2961949110031128,-0.03047388605773449,0.31737327575683594,0.3766924738883972,-0.040680255740880966,0.3118482232093811,0.403577983379364,-0.043184272944927216,0.2656635642051697,0.3816017210483551,-0.0038388108368963003,0.27489909529685974,0.3213803470134735,-0.032493919134140015,0.2909289002418518,0.4188287854194641,-0.036424435675144196,0.27936863899230957,0.4243304133415222,-0.03315908834338188,0.23370398581027985,0.4005851745605469,-0.010124489665031433,0.2413618266582489,0.34476491808891296,-0.043778885155916214,0.25913602113723755,0.4349500834941864,-0.033621251583099365,0.2481561303138733,0.44761937856674194,-0.018861282616853714,0.19646279513835907,0.4251759648323059,-0.017660103738307953,0.20267356932163239,0.3665298521518707,-0.0353303886950016,0.2225191444158554,0.4220065772533417,-0.021998243406414986,0.22064723074436188,0.447006493806839,-0.007496756501495838,Stop
0.2732354998588562,0.6209077835083008,-4.637307711163885e-07,0.3163830041885376,0.5453815460205078,-0.023071328178048134,0.3442888557910919,0.4462098777294159,-0.03391854837536812,0.3381566107273102,0.35036423802375793,-0.045132070779800415,0.3031981587409973,0.29959288239479065,-0.05144361034035683,0.30163055658340454,0.37277698516845703,-0.006463122088462114,0.3075298070907593,0.2972920536994934,-0.034587785601615906,0.31866931915283203,0.3818131983280182,-0.04461439698934555,0.3128661811351776,0.4075471758842468,-0.04712147265672684,0.26801928877830505,0.38294142484664917,-0.0066283876076340675,0.2761519253253937,0.3199440836906433,-0.03581683710217476,0.2914420962333679,0.42027875781059265,-0.03926786407828331,0.2801873981952667,0.42356938123703003,-0.035637687891721725,0.23532278835773468,0.4017948806285858,-0.01209163386374712,0.2418120950460434,0.34345513582229614,-0.04599683731794357,0.2586214244365692,0.435717910528183,-0.03481960669159889,0.2476041615009308,0.44638359546661377,-0.019516445696353912,0.19722230732440948,0.4257156252861023,-0.01895776018500328,0.20446065068244934,0.36812448501586914,-0.03665729984641075,0.2231922298669815,0.42620205879211426,-0.02269078604876995,0.2198239266872406,0.4507142901420593,-0.00789195578545332,Stop
0.27316364645957947,0.6280558705329895,-4.752043309963483e-07,0.3182256519794464,0.5473633408546448,-0.021811973303556442,0.34612953662872314,0.4489612579345703,-0.03234424069523811,0.3398221433162689,0.35243526101112366,-0.04396954923868179,0.30157917737960815,0.3054391145706177,-0.05095105618238449,0.3028865158557892,0.37652862071990967,-0.002596750156953931,0.3093094825744629,0.29989874362945557,-0.03156803548336029,0.31920385360717773,0.38346341252326965,-0.04286592826247215,0.3141760230064392,0.4126328229904175,-0.045928940176963806,0.26859691739082336,0.3856230676174164,-0.0038621537387371063,0.27608007192611694,0.32324835658073425,-0.033623550087213516,0.2898853123188019,0.42174577713012695,-0.037970490753650665,0.2804265022277832,0.4274168312549591,-0.03466816991567612,0.23544076085090637,0.4039306640625,-0.010722878389060497,0.2412548065185547,0.346484512090683,-0.045045774430036545,0.25646835565567017,0.43825221061706543,-0.03448004275560379,0.24644653499126434,0.4498808681964874,-0.01932685077190399,0.19738240540027618,0.42784255743026733,-0.018987730145454407,0.2033463716506958,0.369242399930954,-0.03623025491833687,0.22050127387046814,0.4291473627090454,-0.021985461935400963,0.2173786461353302,0.45476269721984863,-0.006963063962757587,Stop
0.2721438407897949,0.6292933225631714,-5.014126145397313e-07,0.3140639662742615,0.5452566146850586,-0.0198651272803545,0.3375577926635742,0.4417555332183838,-0.028636028990149498,0.32737261056900024,0.34472891688346863,-0.03860683739185333,0.2898266017436981,0.2985789179801941,-0.04387778043746948,0.29197996854782104,0.3723521828651428,-0.0010652497876435518,0.29337725043296814,0.29672709107398987,-0.029188912361860275,0.30788373947143555,0.3774670362472534,-0.04040774703025818,0.3045862317085266,0.4055325984954834,-0.04373185709118843,0.2581510841846466,0.38628923892974854,-0.002587477443739772,0.2621689736843109,0.32451438903808594,-0.032131344079971313,0.28141191601753235,0.4208792448043823,-0.037109583616256714,0.272187203168869,0.4278276562690735,-0.03423524275422096,0.22611036896705627,0.40934497117996216,-0.009329123422503471,0.22720101475715637,0.3510902225971222,-0.04283285513520241,0.2481735646724701,0.4401561915874481,-0.03226697817444801,0.23967832326889038,0.45265042781829834,-0.01730130985379219,0.18925076723098755,0.4392698109149933,-0.01729663647711277,0.1920868158340454,0.3814658522605896,-0.034137412905693054,0.21269889175891876,0.4379790425300598,-0.019902367144823074,0.21127748489379883,0.4620204567909241,-0.00484492490068078,Stop
0.27775898575782776,0.6327782869338989,-5.247493959359417e-07,0.31957775354385376,0.549205482006073,-0.022048287093639374,0.3430190086364746,0.4448747932910919,-0.032056890428066254,0.331447571516037,0.3484482169151306,-0.04297499731183052,0.29276347160339355,0.2996252179145813,-0.049105871468782425,0.29709771275520325,0.3727930784225464,-0.003050972241908312,0.2989862561225891,0.29680731892585754,-0.03380121290683746,0.3142055571079254,0.3792693316936493,-0.04648588225245476,0.31148141622543335,0.4077304005622864,-0.050308708101511,0.26283887028694153,0.3871370553970337,-0.004458214621990919,0.26699572801589966,0.3225195109844208,-0.035921722650527954,0.28662532567977905,0.42256996035575867,-0.04126108065247536,0.27783674001693726,0.42922961711883545,-0.03816361352801323,0.23027707636356354,0.40966612100601196,-0.011563070118427277,0.2325623482465744,0.3503250479698181,-0.04783332347869873,0.2537290155887604,0.44343101978302,-0.03740944713354111,0.2450941652059555,0.453695684671402,-0.021763361990451813,0.19286635518074036,0.4394119083881378,-0.020015351474285126,0.19540908932685852,0.3801446855068207,-0.03818775713443756,0.21673060953617096,0.4391578435897827,-0.02348420023918152,0.21610327064990997,0.46349114179611206,-0.007833625189960003,Stop
0.26069405674934387,0.6340762376785278,-4.3866739929399046e-07,0.3122529983520508,0.567646861076355,-0.01993751898407936,0.3487412631511688,0.48117029666900635,-0.029227543622255325,0.35525548458099365,0.3876098096370697,-0.0392833948135376,0.32849714159965515,0.32334092259407043,-0.04462968930602074,0.30859431624412537,0.39896687865257263,-0.0035489541478455067,0.32729780673980713,0.33101552724838257,-0.03045525960624218,0.3278985917568207,0.4165205657482147,-0.03955360874533653,0.31569480895996094,0.442226380109787,-0.0413166843354702,0.27610594034194946,0.39627113938331604,-0.004908327013254166,0.2957990765571594,0.3409804105758667,-0.03368956595659256,0.29868367314338684,0.4429989755153656,-0.037435244768857956,0.2835398316383362,0.44842082262039185,-0.03427819535136223,0.24331611394882202,0.4033474624156952,-0.011202971450984478,0.2598764896392822,0.34724822640419006,-0.044571343809366226,0.26563888788223267,0.44286784529685974,-0.0336836613714695,0.2497505247592926,0.4555259346961975,-0.018764782696962357,0.204005628824234,0.4159383475780487,-0.018504811450839043,0.22302289307117462,0.36095696687698364,-0.03683401271700859,0.2337069809436798,0.4253472685813904,-0.023347506299614906,0.2218123823404312,0.44986897706985474,-0.008811217732727528,Stop
0.2581152319908142,0.6355792880058289,-5.817174155708926e-07,0.30516353249549866,0.5544294118881226,-0.0171968974173069,0.3331126570701599,0.4554591774940491,-0.024464476853609085,0.3262568414211273,0.35700273513793945,-0.03345814719796181,0.288331538438797,0.30755871534347534,-0.03750259429216385,0.2917170226573944,0.3819473385810852,0.003518106881529093,0.3013826906681061,0.307946115732193,-0.02560589462518692,0.31058502197265625,0.3896014392375946,-0.03729204088449478,0.30190232396125793,0.4125120937824249,-0.040684089064598083,0.2578154504299164,0.39051955938339233,-0.00019292197248432785,0.269077867269516,0.32791009545326233,-0.030045464634895325,0.2816588580608368,0.42954230308532715,-0.035286035388708115,0.26863083243370056,0.42910632491111755,-0.032503582537174225,0.22466248273849487,0.40367400646209717,-0.009528547525405884,0.23395757377147675,0.3436291217803955,-0.04517894610762596,0.24909241497516632,0.44009479880332947,-0.03621150925755501,0.2360774278640747,0.4454188942909241,-0.021776489913463593,0.18682143092155457,0.4223346710205078,-0.019756510853767395,0.1951855719089508,0.36062586307525635,-0.03731456771492958,0.21206095814704895,0.423799067735672,-0.023004433140158653,0.2071671187877655,0.448152095079422,-0.007811591494828463,Stop
0.2590418756008148,0.6697391867637634,-5.531247211365553e-07,0.3092285990715027,0.583488941192627,-0.01682502031326294,0.3476928770542145,0.4791366457939148,-0.025601588189601898,0.3459014296531677,0.3855586051940918,-0.036459993571043015,0.30424052476882935,0.3561253249645233,-0.04276713728904724,0.29990527033805847,0.3931153416633606,-0.0026002281811088324,0.31098201870918274,0.3164776563644409,-0.02962452918291092,0.3185889422893524,0.41158026456832886,-0.03973513841629028,0.3121069073677063,0.4368111789226532,-0.04320036619901657,0.2617841064929962,0.39922577142715454,-0.006875254679471254,0.2727898955345154,0.3370792865753174,-0.035514947026968,0.2850545048713684,0.44655680656433105,-0.03870560973882675,0.2750457525253296,0.4516866207122803,-0.035706810653209686,0.22606180608272552,0.41657108068466187,-0.015754401683807373,0.23435886204242706,0.3522094488143921,-0.047294579446315765,0.24973641335964203,0.45373961329460144,-0.03400588035583496,0.24048089981079102,0.4686751961708069,-0.018560556694865227,0.18467140197753906,0.44173502922058105,-0.025854263454675674,0.19343721866607666,0.37953656911849976,-0.039977338165044785,0.21107837557792664,0.4448050558567047,-0.023276036605238914,0.2084253877401352,0.47355762124061584,-0.007603283505886793,Stop
0.260490745306015,0.6857350468635559,-4.99349994242948e-07,0.3120947480201721,0.5983272790908813,-0.01961875893175602,0.3514384627342224,0.49040287733078003,-0.029137451201677322,0.34905606508255005,0.39698219299316406,-0.03986869752407074,0.3071151375770569,0.36489883065223694,-0.04559509828686714,0.3008357286453247,0.40967509150505066,-0.005376921035349369,0.3129705786705017,0.32723280787467957,-0.03374811261892319,0.32102975249290466,0.42586714029312134,-0.04484081268310547,0.31271031498908997,0.4505794644355774,-0.04888559877872467,0.2607731223106384,0.4159860908985138,-0.008257112465798855,0.2717314064502716,0.3498503565788269,-0.037363771349191666,0.2855501174926758,0.4618430435657501,-0.041232649236917496,0.2738572657108307,0.4653409719467163,-0.03893595188856125,0.22289319336414337,0.43472567200660706,-0.015896685421466827,0.23101761937141418,0.3662073016166687,-0.047526177018880844,0.24828021228313446,0.4690849781036377,-0.03377844765782356,0.2383279949426651,0.4827515482902527,-0.01822802424430847,0.17873293161392212,0.4603867530822754,-0.0249454528093338,0.18552625179290771,0.40005338191986084,-0.039271291345357895,0.20609304308891296,0.46451401710510254,-0.022413983941078186,0.20462706685066223,0.49114111065864563,-0.006745420396327972,Stop
0.30691826343536377,0.6439377665519714,-1.4551255844708066e-07,0.3281104862689972,0.6170988082885742,-0.006951852701604366,0.34347230195999146,0.5806587338447571,-0.008434719406068325,0.33894914388656616,0.5440770983695984,-0.009857078082859516,0.3229548931121826,0.5364384055137634,-0.009245756082236767,0.3313782513141632,0.5534642338752747,0.00303898798301816,0.33291295170783997,0.5238955616950989,-0.005304904188960791,0.3315151631832123,0.5553242564201355,-0.0095663545653224,0.3314329981803894,0.5659458637237549,-0.011301007121801376,0.3176499605178833,0.5526159405708313,0.0032695308327674866,0.3173713684082031,0.5274420380592346,-0.005817387253046036,0.31895557045936584,0.5639309287071228,-0.0075140162371098995,0.3191891312599182,0.5694394111633301,-0.006321289576590061,0.30459538102149963,0.5556354522705078,0.0015828382456675172,0.3028184473514557,0.5321265459060669,-0.00841198768466711,0.30641070008277893,0.5667361617088318,-0.004733449779450893,0.3069213926792145,0.575430154800415,0.0006396768148988485,0.28990599513053894,0.5607824921607971,-0.0006581580964848399,0.2900345027446747,0.5395539402961731,-0.004852827172726393,0.29426172375679016,0.5616119503974915,0.00011010689195245504,0.29495295882225037,0.5721166729927063,0.0053758821450173855,Stop
0.2978878617286682,0.6207170486450195,-1.8873760154747288e-07,0.321685254573822,0.5949971675872803,-0.009305054321885109,0.33988335728645325,0.5546504259109497,-0.012387904338538647,0.33620181679725647,0.5133933424949646,-0.01514134556055069,0.31817305088043213,0.5037078261375427,-0.01578228548169136,0.3243652880191803,0.5206083059310913,-0.0015294739278033376,0.3289441168308258,0.48856407403945923,-0.011190248653292656,0.3278906047344208,0.526386559009552,-0.01474918145686388,0.32618284225463867,0.5352744460105896,-0.016088128089904785,0.3091602325439453,0.5193037986755371,-0.0012973994016647339,0.31219804286956787,0.4932093024253845,-0.011361458338797092,0.313489705324173,0.5368568301200867,-0.01150426547974348,0.3118610680103302,0.5385658144950867,-0.009345265105366707,0.2944600582122803,0.5236062407493591,-0.003169780131429434,0.29593345522880554,0.498390793800354,-0.014856008812785149,0.299130380153656,0.5388694405555725,-0.009190849028527737,0.29735663533210754,0.5445749759674072,-0.0025335699319839478,0.2776336073875427,0.5305366516113281,-0.005748515482991934,0.27937841415405273,0.50696861743927,-0.010825715959072113,0.2839910089969635,0.5327812433242798,-0.00428098626434803,0.28344830870628357,0.5432453751564026,0.0019983057864010334,Stop
0.29736554622650146,0.6238207221031189,-1.9461636213691236e-07,0.32078737020492554,0.5971022844314575,-0.008482960984110832,0.3388836085796356,0.5573541522026062,-0.011332341469824314,0.3343018591403961,0.5172110795974731,-0.014041084796190262,0.31616735458374023,0.5075397491455078,-0.014848052524030209,0.32351699471473694,0.5258076786994934,-0.001214430551044643,0.3274427056312561,0.49246492981910706,-0.010426616296172142,0.32696306705474854,0.5296130180358887,-0.013872277922928333,0.3250776529312134,0.539504885673523,-0.01522486750036478,0.3078525960445404,0.5245223641395569,-0.00132082961499691,0.310899555683136,0.49673229455947876,-0.01120025385171175,0.31261539459228516,0.5390287637710571,-0.011872069910168648,0.31033116579055786,0.5431216359138489,-0.01019507460296154,0.2928701341152191,0.5287346839904785,-0.0033344156108796597,0.29456228017807007,0.5019522309303284,-0.014876199886202812,0.29813072085380554,0.5421527028083801,-0.009666575118899345,0.2955965995788574,0.5501652956008911,-0.0034190374426543713,0.2756797671318054,0.5359795093536377,-0.005932898726314306,0.2784636318683624,0.5107930302619934,-0.01118962001055479,0.28330036997795105,0.5365309715270996,-0.004927143454551697,0.28220176696777344,0.5481088757514954,0.0011072250781580806,Stop
0.2970369756221771,0.6217917203903198,-1.7621509584841988e-07,0.32125455141067505,0.5951682925224304,-0.009079908020794392,0.33859336376190186,0.5555205345153809,-0.012124259024858475,0.3349193334579468,0.5154598951339722,-0.01475732121616602,0.31665554642677307,0.5082642436027527,-0.015253759920597076,0.32161062955856323,0.5211966037750244,-0.002779277041554451,0.325410395860672,0.48707929253578186,-0.012324257753789425,0.3255651593208313,0.5260365605354309,-0.01630558632314205,0.3245530426502228,0.5347954630851746,-0.01829405315220356,0.30682042241096497,0.522095263004303,-0.002420313423499465,0.3087316155433655,0.494874507188797,-0.012198676355183125,0.31150153279304504,0.5382439494132996,-0.012801754288375378,0.31087493896484375,0.5389401912689209,-0.011578989215195179,0.29220476746559143,0.5276142358779907,-0.003950843121856451,0.29289039969444275,0.49943938851356506,-0.014797762967646122,0.2969938814640045,0.5391448736190796,-0.009046636521816254,0.29637765884399414,0.544852614402771,-0.0029325184877961874,0.2755343019962311,0.5345214605331421,-0.006206831894814968,0.27648377418518066,0.5100947618484497,-0.01091785542666912,0.2816358506679535,0.5354334115982056,-0.0045631323009729385,0.2819558084011078,0.5459302663803101,0.001192260766401887,Stop
0.2962753176689148,0.626866340637207,-1.8619250852225377e-07,0.31974151730537415,0.5992527008056641,-0.009442564100027084,0.33643344044685364,0.5586758852005005,-0.012469527311623096,0.331316739320755,0.5191774368286133,-0.015086689963936806,0.3137129545211792,0.5082226991653442,-0.015319464728236198,0.32150402665138245,0.5261342525482178,-0.0009885929757729173,0.32495754957199097,0.4908536374568939,-0.011665241792798042,0.32420089840888977,0.5288794040679932,-0.016044197604060173,0.32280233502388,0.538960874080658,-0.0175784882158041,0.3058626353740692,0.5266662240028381,-0.00042696550372056663,0.3079984784126282,0.4987088143825531,-0.010645261965692043,0.30952954292297363,0.5426533222198486,-0.011154863983392715,0.3085745871067047,0.5431757569313049,-0.00924011506140232,0.290810763835907,0.5314387679100037,-0.0021523195318877697,0.29192987084388733,0.5049488544464111,-0.013948780484497547,0.2950204312801361,0.5456278920173645,-0.008341318927705288,0.2940991222858429,0.5499837398529053,-0.0016667222371324897,0.273824542760849,0.5379671454429626,-0.004611981101334095,0.27498936653137207,0.5142500400543213,-0.00955195166170597,0.2796272039413452,0.5403746962547302,-0.0028369880747050047,0.27990472316741943,0.5504394173622131,0.003617258742451668,Stop
0.29593244194984436,0.6282637715339661,-1.903156601201772e-07,0.32003870606422424,0.5994904637336731,-0.008166375569999218,0.33746153116226196,0.5596175193786621,-0.010843350552022457,0.3330393433570862,0.519710898399353,-0.013469773344695568,0.3151584565639496,0.5115073919296265,-0.013954000547528267,0.32262298464775085,0.5274156332015991,0.0001325590128544718,0.32455432415008545,0.4939764738082886,-0.009788653813302517,0.324615478515625,0.5304676294326782,-0.013640363700687885,0.32429903745651245,0.5406492948532104,-0.014913671649992466,0.3066383898258209,0.5273271203041077,1.9258479369455017e-05,0.3081389367580414,0.49897992610931396,-0.009868872351944447,0.31017473340034485,0.5417157411575317,-0.010057360865175724,0.30935364961624146,0.5436493754386902,-0.007865269668400288,0.2914789021015167,0.5314428806304932,-0.00223887013271451,0.2920950949192047,0.5051324367523193,-0.013749295845627785,0.2954382598400116,0.5450376868247986,-0.008095580153167248,0.29432225227355957,0.550488293170929,-0.0013980643125250936,0.27443498373031616,0.5379565358161926,-0.005145535804331303,0.27558520436286926,0.51338791847229,-0.009835702367126942,0.27985644340515137,0.5394455790519714,-0.0030863818246871233,0.27962493896484375,0.5503972768783569,0.003345590317621827,Stop
0.2964768707752228,0.6215646266937256,-1.6538518821107573e-07,0.3206340968608856,0.5950294733047485,-0.009684843011200428,0.33869919180870056,0.5558022260665894,-0.012741964310407639,0.33523324131965637,0.514543890953064,-0.015246216207742691,0.3168829381465912,0.5067228674888611,-0.015578958205878735,0.321846604347229,0.5206828713417053,-0.002023384440690279,0.3249114751815796,0.4878007471561432,-0.01119921077042818,0.3249599039554596,0.5260049700737,-0.014890370890498161,0.32450947165489197,0.5346290469169617,-0.016630543395876884,0.3068632483482361,0.5211314558982849,-0.0013356022536754608,0.3083372712135315,0.4944602847099304,-0.010901222936809063,0.31089556217193604,0.5374058485031128,-0.011511281132698059,0.3103698790073395,0.5385856032371521,-0.010137185454368591,0.29201099276542664,0.5264797210693359,-0.0026571289636194706,0.2926654517650604,0.5001048445701599,-0.013698548078536987,0.2965646982192993,0.5394599437713623,-0.00833973940461874,0.29580727219581604,0.5447370409965515,-0.002271879930049181,0.275086909532547,0.5337521433830261,-0.004730277694761753,0.2762604355812073,0.5095778107643127,-0.00961304735392332,0.2811216711997986,0.5343862175941467,-0.0034604163374751806,0.2810215353965759,0.5446423292160034,0.0023194407112896442,Stop
0.29625752568244934,0.6272239685058594,-2.0327232164163433e-07,0.3199603855609894,0.5991538166999817,-0.00814867950975895,0.3372664749622345,0.5589878559112549,-0.010854212567210197,0.3328177034854889,0.5187379121780396,-0.013586127199232578,0.3149649202823639,0.5101889371871948,-0.014202029444277287,0.32219868898391724,0.5274094939231873,-0.00015664196689613163,0.3244016468524933,0.49157142639160156,-0.010003410279750824,0.3240591883659363,0.5290873646736145,-0.013651414774358273,0.32298439741134644,0.5393621325492859,-0.014833924360573292,0.30629727244377136,0.5276086330413818,-0.00030665454687550664,0.30774879455566406,0.498842716217041,-0.010338905267417431,0.30957913398742676,0.5415205359458923,-0.010559887625277042,0.30860182642936707,0.5434686541557312,-0.0084189772605896,0.2912099063396454,0.5321781635284424,-0.0025627510622143745,0.29157015681266785,0.5051695704460144,-0.014101655222475529,0.2948629856109619,0.5451986193656921,-0.008383097127079964,0.29376283288002014,0.5510863065719604,-0.0016809183871373534,0.2742021977901459,0.5387890934944153,-0.005464687943458557,0.2748356759548187,0.5139533281326294,-0.010236951522529125,0.27950045466423035,0.5399232506752014,-0.0035258575808256865,0.27990561723709106,0.5510520935058594,0.0028705920558422804,Stop
0.2962868809700012,0.625278651714325,-1.9466654066491174e-07,0.32031717896461487,0.5987499356269836,-0.008755451999604702,0.3374878168106079,0.5583669543266296,-0.011797800660133362,0.3326006531715393,0.5175092220306396,-0.014643928967416286,0.3148972690105438,0.5085890293121338,-0.015319928526878357,0.32192686200141907,0.5268721580505371,-0.0018026693724095821,0.3251662254333496,0.49126097559928894,-0.011579879559576511,0.32478195428848267,0.5293216109275818,-0.01492062583565712,0.32346856594085693,0.5389950275421143,-0.016144659370183945,0.306380957365036,0.5266520977020264,-0.0017804945819079876,0.3087158501148224,0.49831703305244446,-0.011667853221297264,0.3104745149612427,0.5420234203338623,-0.011526667512953281,0.30907946825027466,0.5427433848381042,-0.009439127519726753,0.29140615463256836,0.531376838684082,-0.003814017865806818,0.29247668385505676,0.5038554668426514,-0.015509119257330894,0.29602575302124023,0.5446779131889343,-0.009439813904464245,0.2946062684059143,0.5501989126205444,-0.0027115121483802795,0.2743019461631775,0.5381574034690857,-0.006517512258142233,0.27481868863105774,0.5139670968055725,-0.011838462203741074,0.28046274185180664,0.5399045348167419,-0.005265523679554462,0.28123146295547485,0.5504496693611145,0.0009146266966126859,Stop
0.2927049994468689,0.6256099343299866,-1.713282671289562e-07,0.3179243505001068,0.5985322594642639,-0.008634810335934162,0.3353266716003418,0.5588403344154358,-0.010687721893191338,0.33028310537338257,0.5180383324623108,-0.012149044312536716,0.31074368953704834,0.511439323425293,-0.011327878572046757,0.31832897663116455,0.5251864194869995,-0.0009499488514848053,0.32059988379478455,0.491718053817749,-0.009873868897557259,0.32050633430480957,0.529733419418335,-0.013551813550293446,0.32065680623054504,0.5397568941116333,-0.015315914526581764,0.3030428886413574,0.525488555431366,-0.00042641942854970694,0.30320408940315247,0.49853962659835815,-0.009428462013602257,0.30582302808761597,0.5418997406959534,-0.009935871697962284,0.30628636479377747,0.5433058142662048,-0.008663720451295376,0.28795069456100464,0.530670166015625,-0.0018682589288800955,0.2873697280883789,0.503932535648346,-0.012394019402563572,0.2912631034851074,0.5439379215240479,-0.007024208549410105,0.2915295660495758,0.5492115020751953,-0.0011345664970576763,0.270925909280777,0.538180410861969,-0.003987373784184456,0.27085593342781067,0.5146287083625793,-0.008495118468999863,0.27527424693107605,0.5397672057151794,-0.002374940784648061,0.2756516635417938,0.5495038032531738,0.0032378514297306538,Stop
0.24928748607635498,0.8134438395500183,-3.245195898671227e-07,0.2839049994945526,0.7642242312431335,-0.010983043350279331,0.31180092692375183,0.7015599012374878,-0.016045017167925835,0.3099042773246765,0.6415455341339111,-0.02199857495725155,0.2810773551464081,0.6318567395210266,-0.025156909599900246,0.285046249628067,0.6485801339149475,4.081548922840739e-06,0.2924113869667053,0.5981543064117432,-0.01589054800570011,0.29334330558776855,0.6569045782089233,-0.02268925867974758,0.28908631205558777,0.6730106472969055,-0.025555623695254326,0.2605397403240204,0.6511361002922058,-0.0020676320418715477,0.26644909381866455,0.6104644536972046,-0.019739391282200813,0.2702135145664215,0.6764125227928162,-0.022961623966693878,0.2649712562561035,0.6820868253707886,-0.021727148443460464,0.23752836883068085,0.6613017916679382,-0.006901928223669529,0.24153263866901398,0.6217581033706665,-0.025725696235895157,0.2479764074087143,0.6836858987808228,-0.018300846219062805,0.24325309693813324,0.6951033473014832,-0.009112579748034477,0.21135030686855316,0.6753495931625366,-0.012527896091341972,0.21652600169181824,0.638148307800293,-0.020163463428616524,0.22451794147491455,0.6791141629219055,-0.009875506162643433,0.22237826883792877,0.6965823173522949,-0.0002964186714962125,Stop
0.24932551383972168,0.8114354014396667,-3.266750638886151e-07,0.28464314341545105,0.7619913816452026,-0.010526547208428383,0.31161734461784363,0.6992776989936829,-0.015261623077094555,0.30883967876434326,0.6404055953025818,-0.02079940214753151,0.27993711829185486,0.63331538438797,-0.023557275533676147,0.28359827399253845,0.6498599052429199,-0.0005423449329100549,0.2912706136703491,0.5981047749519348,-0.01642512157559395,0.29300206899642944,0.657893717288971,-0.023192230612039566,0.287699431180954,0.6746141910552979,-0.026101987808942795,0.259466290473938,0.6528232097625732,-0.002563987858593464,0.26625490188598633,0.6111957430839539,-0.02041974849998951,0.2708437144756317,0.6781428456306458,-0.023839183151721954,0.2640663981437683,0.6849048733711243,-0.022785402834415436,0.23685625195503235,0.662452220916748,-0.007205858826637268,0.2416709065437317,0.6219233274459839,-0.02596871741116047,0.2488803267478943,0.6840540766716003,-0.018723588436841965,0.2428479790687561,0.6957971453666687,-0.00969506986439228,0.21102261543273926,0.6756315231323242,-0.012536557391285896,0.21705612540245056,0.6375315189361572,-0.020145628601312637,0.22563865780830383,0.6787658333778381,-0.00994168408215046,0.22256770730018616,0.6965203285217285,-0.00047588569577783346,Stop
0.24982769787311554,0.8121336102485657,-3.444185381340503e-07,0.2845853269100189,0.762993335723877,-0.010776949115097523,0.3120321035385132,0.700839638710022,-0.01568368263542652,0.3100757896900177,0.6406447887420654,-0.021610457450151443,0.2828097343444824,0.6308516263961792,-0.024939853698015213,0.28416043519973755,0.6490757465362549,0.0004183980345260352,0.29077935218811035,0.5980462431907654,-0.015584188513457775,0.29378220438957214,0.6567620038986206,-0.022355100139975548,0.2898269593715668,0.6749494075775146,-0.025038599967956543,0.26017409563064575,0.6521483659744263,-0.0015161483315750957,0.2664482891559601,0.609965443611145,-0.019326284527778625,0.27191808819770813,0.6767261624336243,-0.022550491616129875,0.2659672498703003,0.6853233575820923,-0.02117711864411831,0.237625390291214,0.6621733903884888,-0.006253509782254696,0.2422899305820465,0.6202227473258972,-0.025782374665141106,0.2498117834329605,0.683253824710846,-0.018657643347978592,0.2439999282360077,0.6971865892410278,-0.009385127574205399,0.21154145896434784,0.6766939759254456,-0.011659779585897923,0.21846923232078552,0.6366608738899231,-0.02001284621655941,0.22735729813575745,0.6785756945610046,-0.009948625229299068,0.22437742352485657,0.6979964971542358,-0.00033255325979553163,Stop
0.24953565001487732,0.8100425004959106,-3.3555869549672934e-07,0.2849193215370178,0.7610979676246643,-0.010789453983306885,0.3122066855430603,0.6986420750617981,-0.015473196282982826,0.3094954490661621,0.6397469639778137,-0.02091308683156967,0.2816530764102936,0.6299397945404053,-0.023666584864258766,0.2848953306674957,0.6505513191223145,-0.0013389347586780787,0.2914504110813141,0.5987224578857422,-0.01692837104201317,0.2936929166316986,0.6576221585273743,-0.023179227486252785,0.2893569767475128,0.6750896573066711,-0.025674086064100266,0.26054954528808594,0.6537990570068359,-0.003054015338420868,0.2665286362171173,0.611862063407898,-0.02061162143945694,0.271601140499115,0.6782950162887573,-0.023558203130960464,0.2656238079071045,0.6857446432113647,-0.022260757163167,0.23790186643600464,0.6634508967399597,-0.007363136392086744,0.24213957786560059,0.6222211718559265,-0.026243524625897408,0.24942225217819214,0.6841574311256409,-0.018760349601507187,0.24375058710575104,0.6971015930175781,-0.00957395974546671,0.21186697483062744,0.6770064234733582,-0.012357008643448353,0.2175588756799698,0.6379188895225525,-0.020397000014781952,0.2261853814125061,0.6784262657165527,-0.010280894115567207,0.22339090704917908,0.6969403028488159,-0.0008166652987711132,Stop
0.249782994389534,0.8103519082069397,-3.312935348276369e-07,0.285491943359375,0.761248767375946,-0.01089682336896658,0.3126755654811859,0.6994656920433044,-0.015723517164587975,0.30985912680625916,0.6406837701797485,-0.021466806530952454,0.28196418285369873,0.632744550704956,-0.024553686380386353,0.2838805317878723,0.6491081714630127,6.450548971770331e-05,0.2917254865169525,0.5987501740455627,-0.015865502879023552,0.2941454350948334,0.6575387716293335,-0.022632991895079613,0.2894793152809143,0.6742972731590271,-0.025402136147022247,0.2599964737892151,0.652138888835907,-0.0017060820246115327,0.26678672432899475,0.6112374663352966,-0.019552145153284073,0.27169641852378845,0.6777269840240479,-0.02286985144019127,0.26543495059013367,0.6847726702690125,-0.02159891091287136,0.23759667575359344,0.6616610288619995,-0.006250890903174877,0.24256937205791473,0.621004581451416,-0.025308335199952126,0.24972063302993774,0.683014988899231,-0.01817972958087921,0.2439318597316742,0.6954889297485352,-0.009049780666828156,0.21181745827198029,0.6751764416694641,-0.011529925279319286,0.2180587351322174,0.6366230249404907,-0.019435349851846695,0.22682154178619385,0.6773082613945007,-0.009449101984500885,0.22430920600891113,0.6956838369369507,-4.2562214730423875e-06,Stop
0.24846422672271729,0.8084286451339722,-3.538958992521657e-07,0.2847527265548706,0.7637173533439636,-0.010382957756519318,0.31254392862319946,0.7010791301727295,-0.014691188000142574,0.30981892347335815,0.6398365497589111,-0.019745728000998497,0.28189218044281006,0.6304668188095093,-0.02190622314810753,0.2860540449619293,0.6513003706932068,-0.0008819976355880499,0.29137489199638367,0.5989659428596497,-0.016307123005390167,0.29300546646118164,0.6582451462745667,-0.022169318050146103,0.2897467315196991,0.6738168597221375,-0.024493129923939705,0.26152563095092773,0.6535356044769287,-0.002758747199550271,0.2663838863372803,0.6116974949836731,-0.02017310820519924,0.27048444747924805,0.6780247688293457,-0.022472446784377098,0.26553624868392944,0.6830329895019531,-0.020694220438599586,0.23860780894756317,0.6622796058654785,-0.007278324570506811,0.24135035276412964,0.6211322546005249,-0.026150226593017578,0.24788519740104675,0.6836585402488708,-0.018356336280703545,0.24353818595409393,0.6943318843841553,-0.009019741788506508,0.2126932293176651,0.6743120551109314,-0.012477938085794449,0.2174856811761856,0.6367918252944946,-0.020476076751947403,0.22484804689884186,0.679216206073761,-0.010304541327059269,0.22248733043670654,0.6967704892158508,-0.0008760514901950955,Stop
0.25007742643356323,0.812272846698761,-3.574430138542084e-07,0.2856495976448059,0.7623555064201355,-0.01118685957044363,0.31347420811653137,0.7002296447753906,-0.016176853328943253,0.3117201626300812,0.6397914290428162,-0.02217736653983593,0.2840210199356079,0.628099262714386,-0.025482865050435066,0.2848615348339081,0.648216962814331,0.00014434040349442512,0.29034557938575745,0.5970348715782166,-0.01602967642247677,0.2938913404941559,0.6559502482414246,-0.023063648492097855,0.2903488874435425,0.6746106147766113,-0.025909120216965675,0.26061341166496277,0.6507116556167603,-0.0016678818501532078,0.26579874753952026,0.6099588871002197,-0.019291723147034645,0.2715866267681122,0.6756185293197632,-0.022792140021920204,0.26653727889060974,0.6844664216041565,-0.021747129037976265,0.23780162632465363,0.6602280139923096,-0.0063786813989281654,0.2415289431810379,0.6186244487762451,-0.02540808543562889,0.24932268261909485,0.6805568337440491,-0.018681636080145836,0.24452079832553864,0.6940183043479919,-0.009938165545463562,0.21191778779029846,0.6743024587631226,-0.011875617317855358,0.2186707854270935,0.6346657276153564,-0.02006305381655693,0.22706137597560883,0.6762104630470276,-0.010345340706408024,0.22428514063358307,0.6954653263092041,-0.0010626154253259301,Stop
0.250012069940567,0.8112201690673828,-3.501696710372926e-07,0.28508952260017395,0.7637301087379456,-0.01167313102632761,0.31351783871650696,0.699874758720398,-0.0167982317507267,0.3102761209011078,0.6396107077598572,-0.022442527115345,0.2813102602958679,0.6308645606040955,-0.02509680949151516,0.2863526940345764,0.6481058597564697,-0.0015714551554992795,0.2917298376560211,0.5970593690872192,-0.017393741756677628,0.294154554605484,0.6578389406204224,-0.023755868896842003,0.29084712266921997,0.6742836236953735,-0.02641354314982891,0.261965274810791,0.6510307788848877,-0.0030145684722810984,0.2671395540237427,0.6100882887840271,-0.02043074741959572,0.2720576226711273,0.6774613857269287,-0.022984271869063377,0.26680076122283936,0.6829127669334412,-0.021436842158436775,0.23913533985614777,0.6604763269424438,-0.007260757498443127,0.2423696219921112,0.6196451783180237,-0.026217922568321228,0.24944299459457397,0.6824914216995239,-0.01865473762154579,0.24450960755348206,0.6934847831726074,-0.009502287022769451,0.21296289563179016,0.6735626459121704,-0.012298818677663803,0.21855653822422028,0.6362088322639465,-0.02038797177374363,0.2264956831932068,0.6781624555587769,-0.010307932272553444,0.22376267611980438,0.6955218315124512,-0.000896322017069906,Stop
0.2507932484149933,0.809519350528717,-3.5748718119066325e-07,0.28769224882125854,0.7628258466720581,-0.00927797518670559,0.31437262892723083,0.6987944841384888,-0.01262768916785717,0.3106561601161957,0.6392791271209717,-0.016825897619128227,0.28263038396835327,0.6307924389839172,-0.01828443445265293,0.28597691655158997,0.6468799710273743,0.00023904927365947515,0.291761189699173,0.5968838334083557,-0.015002905391156673,0.29362186789512634,0.6575044393539429,-0.021188858896493912,0.29028457403182983,0.6744225025177002,-0.023751407861709595,0.2616320252418518,0.6498498916625977,-0.0020279104355722666,0.26674890518188477,0.610108494758606,-0.01940634474158287,0.27095091342926025,0.6767083406448364,-0.02246847189962864,0.26627951860427856,0.6836177706718445,-0.021263577044010162,0.23856163024902344,0.6595668196678162,-0.00680192094296217,0.24214698374271393,0.6196292638778687,-0.025516916066408157,0.24863187968730927,0.6830715537071228,-0.01832992024719715,0.24465563893318176,0.6946559548377991,-0.009400173090398312,0.21226456761360168,0.6729869842529297,-0.012133877724409103,0.21766486763954163,0.6366769075393677,-0.01985766924917698,0.22568736970424652,0.6795018911361694,-0.009820681996643543,0.22417914867401123,0.6962052583694458,-0.0005144329043105245,Stop
0.2510414719581604,0.8108464479446411,-3.4855264630095917e-07,0.2862069010734558,0.7625947594642639,-0.01044515147805214,0.31298717856407166,0.7003241777420044,-0.01511379424482584,0.3111634850502014,0.6408734917640686,-0.02079389989376068,0.2839973270893097,0.6291735768318176,-0.023817291483283043,0.2864767611026764,0.6479899883270264,-0.0001317830174230039,0.292738139629364,0.5968090891838074,-0.016063028946518898,0.29534512758255005,0.6549926996231079,-0.02271428145468235,0.29160019755363464,0.6719327569007874,-0.02541174553334713,0.2623373568058014,0.6509447693824768,-0.002106555737555027,0.2681400775909424,0.6098268032073975,-0.019816404208540916,0.2731280028820038,0.6757835745811462,-0.02301950938999653,0.2678895592689514,0.6821564435958862,-0.021759530529379845,0.2395273894071579,0.660541832447052,-0.0068265399895608425,0.24374383687973022,0.6193483471870422,-0.026022467762231827,0.2510157525539398,0.680992603302002,-0.018922338262200356,0.24626365303993225,0.6919947266578674,-0.00991052482277155,0.213353231549263,0.6741586923599243,-0.012216352857649326,0.21947786211967468,0.6356337070465088,-0.020412247627973557,0.2281465232372284,0.6769110560417175,-0.01046293880790472,0.22616077959537506,0.69473797082901,-0.001037045381963253,Stop
0.2948518395423889,0.7155073881149292,-2.628940194426832e-07,0.33243614435195923,0.6710730791091919,-0.01342939306050539,0.35875123739242554,0.6067308187484741,-0.019629361107945442,0.36027735471725464,0.5391926169395447,-0.0261678546667099,0.3351963758468628,0.5091850757598877,-0.02970034070312977,0.33069172501564026,0.5566494464874268,-0.0010797460563480854,0.34316956996917725,0.5059391856193542,-0.019910847768187523,0.3459815979003906,0.5604309439659119,-0.02744435891509056,0.3371851146221161,0.5759817361831665,-0.03021218068897724,0.3068403899669647,0.556637704372406,-0.0027905709575861692,0.3191678524017334,0.5070490837097168,-0.025631338357925415,0.3256615996360779,0.5771050453186035,-0.030629277229309082,0.3144901394844055,0.5866406559944153,-0.028858447447419167,0.28316667675971985,0.5649233460426331,-0.007726507727056742,0.2944178581237793,0.5194382667541504,-0.03331911563873291,0.3033554255962372,0.5879448056221008,-0.02718093991279602,0.29162538051605225,0.6020358204841614,-0.01665746606886387,0.25662896037101746,0.5793773531913757,-0.013140145689249039,0.2713831961154938,0.5414652228355408,-0.027990201488137245,0.28176456689834595,0.5870311856269836,-0.020197276026010513,0.2734585404396057,0.6049795746803284,-0.010746880434453487,Stop
0.2955034077167511,0.714129626750946,-2.391479085872561e-07,0.33109599351882935,0.6716222167015076,-0.013937460258603096,0.35777783393859863,0.603430986404419,-0.01928715407848358,0.35803210735321045,0.5366802215576172,-0.02421218529343605,0.3337137699127197,0.5085444450378418,-0.025986069813370705,0.329835444688797,0.5539817810058594,-0.0022518134210258722,0.34273654222488403,0.5057616829872131,-0.01934007927775383,0.34532758593559265,0.5587271451950073,-0.025884054601192474,0.33584776520729065,0.5736983418464661,-0.028098037466406822,0.30507323145866394,0.5532208681106567,-0.003022303804755211,0.3176414668560028,0.50534588098526,-0.023190610110759735,0.32439789175987244,0.5763663649559021,-0.027004938572645187,0.31350424885749817,0.5855481624603271,-0.024833207949995995,0.28078603744506836,0.5626378655433655,-0.006746063474565744,0.29139527678489685,0.5175994038581848,-0.030594665557146072,0.3012433350086212,0.5860521197319031,-0.023989848792552948,0.2902378439903259,0.5993097424507141,-0.013465182855725288,0.253623366355896,0.5794181227684021,-0.010892688296735287,0.26837944984436035,0.5402366518974304,-0.025141388177871704,0.2794572412967682,0.5852248668670654,-0.016689183190464973,0.2717852294445038,0.6027814745903015,-0.006735686678439379,Stop
0.29715850949287415,0.7122944593429565,-2.5131646452791756e-07,0.33119386434555054,0.6677471995353699,-0.014721633866429329,0.3561849594116211,0.600181519985199,-0.021009406074881554,0.35695961117744446,0.5349503755569458,-0.026827136054635048,0.33156728744506836,0.5084723830223083,-0.029476575553417206,0.32610106468200684,0.5511972308158875,-0.004560974892228842,0.3399086892604828,0.5033501386642456,-0.021746162325143814,0.3422416150569916,0.5582749843597412,-0.027759438380599022,0.33259716629981995,0.5718770027160645,-0.029941003769636154,0.3025543689727783,0.5530250072479248,-0.005502762738615274,0.31622400879859924,0.504151463508606,-0.026424959301948547,0.3226381540298462,0.5749419927597046,-0.030079467222094536,0.3111260235309601,0.5822499394416809,-0.027922548353672028,0.27894625067710876,0.5637713074684143,-0.009408527053892612,0.29050397872924805,0.5184735655784607,-0.03347288444638252,0.30021923780441284,0.5854889750480652,-0.027025355026125908,0.288147896528244,0.596682071685791,-0.016945471987128258,0.2524370551109314,0.5808337926864624,-0.013857640326023102,0.2669466733932495,0.542050838470459,-0.028240321204066277,0.2780461311340332,0.5847722887992859,-0.020277030766010284,0.2696252465248108,0.6010844707489014,-0.01100507564842701,Stop
0.29463881254196167,0.713495135307312,-2.308536863893096e-07,0.33070656657218933,0.6688182353973389,-0.013684258796274662,0.35684722661972046,0.6038147807121277,-0.019610365852713585,0.35819289088249207,0.5376603603363037,-0.02533731982111931,0.3338371515274048,0.508319616317749,-0.027945954352617264,0.3286999464035034,0.5540169477462769,-0.002046882174909115,0.34178626537323,0.5040333867073059,-0.019560150802135468,0.344694584608078,0.5571255087852478,-0.026270274072885513,0.3353777527809143,0.5733453035354614,-0.02845451608300209,0.30417123436927795,0.5535372495651245,-0.0031827320344746113,0.316908597946167,0.5039703845977783,-0.024510458111763,0.3237161338329315,0.5737751722335815,-0.02924872562289238,0.31263938546180725,0.5845292210578918,-0.027446091175079346,0.27996233105659485,0.5629314184188843,-0.007224550470709801,0.2912176549434662,0.5171748399734497,-0.03156432509422302,0.30100664496421814,0.584301233291626,-0.025503303855657578,0.28939488530158997,0.5981085300445557,-0.01515932846814394,0.2531188726425171,0.5794687867164612,-0.01165948435664177,0.26776322722435,0.5400899052619934,-0.025942659005522728,0.27934497594833374,0.5837557315826416,-0.01769753359258175,0.2716618776321411,0.6013747453689575,-0.007820100523531437,Stop
0.29374000430107117,0.7158153057098389,-2.6090884830409777e-07,0.32905635237693787,0.6717068552970886,-0.013206461444497108,0.35465341806411743,0.6028481721878052,-0.01874679885804653,0.3563501536846161,0.5365844368934631,-0.024053236469626427,0.33107054233551025,0.5097087621688843,-0.026332519948482513,0.3274077773094177,0.5530662536621094,-0.0033251820132136345,0.34127920866012573,0.5047372579574585,-0.020160062238574028,0.3428475856781006,0.5601709485054016,-0.026778127998113632,0.3332357108592987,0.5730745196342468,-0.02975088357925415,0.3027893304824829,0.5534860491752625,-0.00490599637851119,0.3162836730480194,0.5040132403373718,-0.026391880586743355,0.322319358587265,0.5740140080451965,-0.03159724548459053,0.3107730746269226,0.5830195546150208,-0.030616186559200287,0.2786056697368622,0.5640546679496765,-0.009078913368284702,0.28976136445999146,0.519018828868866,-0.03284337744116783,0.29950273036956787,0.5856307744979858,-0.027076633647084236,0.28729355335235596,0.5975426435470581,-0.017679795622825623,0.2523190379142761,0.5808548927307129,-0.013641891069710255,0.26656901836395264,0.5422967672348022,-0.02758018486201763,0.2776104807853699,0.5856091976165771,-0.019746795296669006,0.2688782811164856,0.6020370721817017,-0.010767592117190361,Stop
0.2922727167606354,0.7145122289657593,-2.5816115112320404e-07,0.329109251499176,0.6710729598999023,-0.014263883233070374,0.3555378317832947,0.6048802733421326,-0.020483214408159256,0.3564166724681854,0.5369070172309875,-0.026675192639231682,0.33147090673446655,0.507283091545105,-0.029620977118611336,0.32697275280952454,0.5554244518280029,-0.0018120893510058522,0.3379803001880646,0.5033851265907288,-0.02049393020570278,0.34100204706192017,0.5587679743766785,-0.027833839878439903,0.3327338695526123,0.5726596713066101,-0.03054511733353138,0.3028779923915863,0.5560475587844849,-0.0029856276232749224,0.3140866160392761,0.505278468132019,-0.02544206753373146,0.32118505239486694,0.5755965113639832,-0.030121445655822754,0.3102886378765106,0.5831330418586731,-0.02826450578868389,0.2790606617927551,0.5651807188987732,-0.007447442505508661,0.2889834940433502,0.5190144777297974,-0.03276870772242546,0.29873982071876526,0.5873186588287354,-0.026479771360754967,0.2874574363231659,0.5997722148895264,-0.015949971973896027,0.2525578439235687,0.5799704790115356,-0.012452226132154465,0.266025573015213,0.5418591499328613,-0.02706603705883026,0.2768843173980713,0.5864260792732239,-0.01921127364039421,0.2688698470592499,0.6034019589424133,-0.009778575040400028,Stop
0.29228082299232483,0.7137725949287415,-2.483585035406577e-07,0.3279738128185272,0.670539379119873,-0.014457831159234047,0.35471245646476746,0.6045808792114258,-0.02104444056749344,0.35587814450263977,0.537484347820282,-0.027371646836400032,0.33065229654312134,0.5088714957237244,-0.030430693179368973,0.3260875642299652,0.5525829195976257,-0.003509283298626542,0.3373173177242279,0.5023540258407593,-0.02182123437523842,0.3407543897628784,0.5583040118217468,-0.028956832364201546,0.33230558037757874,0.573130190372467,-0.03153300657868385,0.30187293887138367,0.5539403557777405,-0.00443519651889801,0.3134317696094513,0.5050008893013,-0.026264023035764694,0.32099300622940063,0.5753685235977173,-0.030768821015954018,0.3099035620689392,0.5835713744163513,-0.02902301587164402,0.2781287729740143,0.5638505220413208,-0.008424531668424606,0.2882220447063446,0.5191012024879456,-0.03304532542824745,0.29830238223075867,0.5867565870285034,-0.02670389413833618,0.2868190109729767,0.5994111895561218,-0.016393058001995087,0.25195708870887756,0.5798177719116211,-0.012927604839205742,0.26587826013565063,0.5422212481498718,-0.027227209880948067,0.27652597427368164,0.5861369371414185,-0.019219189882278442,0.2676766514778137,0.6029882431030273,-0.009733140468597412,Stop
0.29327258467674255,0.7155002951622009,-2.620996326641034e-07,0.32890114188194275,0.6708158850669861,-0.014100047759711742,0.35517555475234985,0.6046080589294434,-0.02076244167983532,0.35695087909698486,0.5371174812316895,-0.02731289528310299,0.33137714862823486,0.5094085335731506,-0.030639544129371643,0.32589828968048096,0.5553845763206482,-0.003907056991010904,0.3381723463535309,0.504496157169342,-0.02255941741168499,0.34121882915496826,0.5606259107589722,-0.02997983619570732,0.33231204748153687,0.5741376280784607,-0.03297920897603035,0.3019474744796753,0.556311845779419,-0.0052912114188075066,0.31446895003318787,0.5068073868751526,-0.02771373651921749,0.3214637041091919,0.5765341520309448,-0.032607100903987885,0.30981993675231934,0.5838063359260559,-0.031342513859272,0.27845609188079834,0.5658324956893921,-0.00965196080505848,0.2891812324523926,0.5198997855186462,-0.03435157239437103,0.2988373041152954,0.5870316624641418,-0.027882665395736694,0.28677040338516235,0.5991148948669434,-0.017789222300052643,0.25248467922210693,0.5813021063804626,-0.014566508121788502,0.26643598079681396,0.5424988269805908,-0.02876165322959423,0.27726447582244873,0.5865315794944763,-0.020648270845413208,0.268726110458374,0.603757381439209,-0.011350761167705059,Stop
0.29195597767829895,0.7115610241889954,-2.404574672709714e-07,0.3282720446586609,0.6703707575798035,-0.014792405068874359,0.3548072576522827,0.6028326153755188,-0.020410267636179924,0.35495656728744507,0.5358057022094727,-0.025457892566919327,0.3303719162940979,0.5087844729423523,-0.02698102407157421,0.32431262731552124,0.5514641404151917,-0.003924459684640169,0.33654096722602844,0.5037415623664856,-0.021024610847234726,0.3385968804359436,0.55870121717453,-0.026232905685901642,0.3292768895626068,0.5696818828582764,-0.027729498222470284,0.300439715385437,0.5536233186721802,-0.004485954064875841,0.31336265802383423,0.5071575045585632,-0.025356490164995193,0.3194200396537781,0.5771598815917969,-0.028272923082113266,0.3077367842197418,0.5807856917381287,-0.025650713592767715,0.27677804231643677,0.5632284283638,-0.008181322365999222,0.28803014755249023,0.5200020670890808,-0.03260635957121849,0.2975378930568695,0.5876558423042297,-0.02565431222319603,0.2859117388725281,0.5981138944625854,-0.015101495198905468,0.25044897198677063,0.5783306360244751,-0.012450468726456165,0.26498842239379883,0.5419068336486816,-0.027069905772805214,0.2757810950279236,0.5860953330993652,-0.01939762942492962,0.2672522962093353,0.6020395755767822,-0.010218440555036068,Stop
0.2924331724643707,0.7123228907585144,-2.6982317535839684e-07,0.32829102873802185,0.6741272211074829,-0.013964704237878323,0.35532140731811523,0.6041949987411499,-0.01910623535513878,0.3550005853176117,0.5352869629859924,-0.02358281798660755,0.32978755235671997,0.5096908807754517,-0.024631012231111526,0.3258887231349945,0.5565509796142578,-0.004329467657953501,0.3392195701599121,0.5088272094726562,-0.020185742527246475,0.34014856815338135,0.5645339488983154,-0.024072155356407166,0.3310982584953308,0.5714014768600464,-0.025510182604193687,0.30174392461776733,0.5567073225975037,-0.005179852247238159,0.31528064608573914,0.5071810483932495,-0.025890670716762543,0.3199692368507385,0.5774537920951843,-0.02797742746770382,0.30828818678855896,0.5803381204605103,-0.025147143751382828,0.2778317332267761,0.565762460231781,-0.008924850262701511,0.28896594047546387,0.5198835730552673,-0.032827720046043396,0.29813364148139954,0.5873154997825623,-0.025171760469675064,0.2865400016307831,0.5977641344070435,-0.014820931479334831,0.25108200311660767,0.5801769495010376,-0.01319190301001072,0.26465198397636414,0.5440083146095276,-0.027670729905366898,0.2758535146713257,0.5876801609992981,-0.020321276038885117,0.26800164580345154,0.6022641658782959,-0.011940144933760166,Stop
0.2831403315067291,0.8521386384963989,-4.759084504257771e-07,0.34550848603248596,0.7564144730567932,-0.030621888116002083,0.3947845697402954,0.6257338523864746,-0.047497477382421494,0.3996519446372986,0.5064615607261658,-0.06342260539531708,0.35142725706100464,0.45496755838394165,-0.07217872142791748,0.3362256586551666,0.5148655772209167,-0.0166881512850523,0.3638142943382263,0.42079922556877136,-0.055400628596544266,0.36894741654396057,0.5370022654533386,-0.07215459644794464,0.3484472334384918,0.5582828521728516,-0.07960162311792374,0.2881360650062561,0.5269286036491394,-0.018480412662029266,0.3137383460998535,0.4448028802871704,-0.05964003875851631,0.3297640085220337,0.5858639478683472,-0.06688077747821808,0.30964797735214233,0.5851702094078064,-0.0651540607213974,0.24245578050613403,0.556499183177948,-0.026044180616736412,0.2630726099014282,0.4762873649597168,-0.07050272077322006,0.28526127338409424,0.6054240465164185,-0.05467087775468826,0.2664690613746643,0.6146000623703003,-0.03548847511410713,0.19239678978919983,0.5942215323448181,-0.035452522337436676,0.21774756908416748,0.5333366990089417,-0.059642303735017776,0.24046126008033752,0.6146914958953857,-0.041506096720695496,0.22694474458694458,0.6390326023101807,-0.023305555805563927,Stop
0.292206346988678,0.8435728549957275,-5.093415893497877e-07,0.3553520441055298,0.7460982799530029,-0.02990635856986046,0.4032270908355713,0.6187973618507385,-0.046674057841300964,0.40966761112213135,0.4992161691188812,-0.06291801482439041,0.3628050684928894,0.44663476943969727,-0.07189859449863434,0.34137916564941406,0.5104024410247803,-0.01441127248108387,0.3723328709602356,0.41728705167770386,-0.05321032553911209,0.3788049817085266,0.5323464274406433,-0.06889628618955612,0.3576839566230774,0.5546593070030212,-0.07549949735403061,0.2964105010032654,0.5209262371063232,-0.016881225630640984,0.32673460245132446,0.43743082880973816,-0.06021342799067497,0.3422812223434448,0.5780465602874756,-0.06793107092380524,0.31946852803230286,0.582201361656189,-0.06577233225107193,0.25341057777404785,0.5478256344795227,-0.02523982711136341,0.27817511558532715,0.4673994183540344,-0.07106222212314606,0.29996928572654724,0.5956485271453857,-0.055350374430418015,0.27905890345573425,0.6097605228424072,-0.03559444099664688,0.20539143681526184,0.58456951379776,-0.035429611802101135,0.23381800949573517,0.5218310356140137,-0.060379985719919205,0.2566264867782593,0.6031131744384766,-0.04265681281685829,0.2415826916694641,0.6308212876319885,-0.024362588301301003,Stop
0.29131677746772766,0.8279120922088623,-5.274765157992078e-07,0.3532872498035431,0.729533314704895,-0.02530820295214653,0.3976253271102905,0.6056890487670898,-0.03966878354549408,0.4025138020515442,0.48947176337242126,-0.05404273048043251,0.356815367937088,0.4384313225746155,-0.06158296763896942,0.33636122941970825,0.5019730925559998,-0.01081687118858099,0.36722904443740845,0.4131813049316406,-0.04761805385351181,0.37459617853164673,0.5261090397834778,-0.06244804710149765,0.3537657856941223,0.546599805355072,-0.06903976947069168,0.29358384013175964,0.5139681696891785,-0.014790564775466919,0.32463380694389343,0.4307308495044708,-0.056527163833379745,0.3397888243198395,0.5679171681404114,-0.06433552503585815,0.31616711616516113,0.572129487991333,-0.06280628591775894,0.2523186504840851,0.5404844880104065,-0.02409306913614273,0.27790403366088867,0.4588140845298767,-0.06862124055624008,0.2981418967247009,0.5845224261283875,-0.05380751192569733,0.27532219886779785,0.5981764793395996,-0.03538232296705246,0.20538778603076935,0.5750852823257446,-0.03468579426407814,0.23507511615753174,0.5128627419471741,-0.058946724981069565,0.2564753592014313,0.5953574776649475,-0.04146481677889824,0.24004080891609192,0.6236798763275146,-0.0237808246165514,Stop
0.2873755991458893,0.830865740776062,-4.586407840179163e-07,0.3519362211227417,0.7316725850105286,-0.02764028124511242,0.39627382159233093,0.6062058210372925,-0.042586568742990494,0.40037110447883606,0.48884117603302,-0.05723416432738304,0.3551550507545471,0.43997207283973694,-0.06505551189184189,0.33471718430519104,0.4999031126499176,-0.011231431737542152,0.3630557060241699,0.41011983156204224,-0.04866853356361389,0.3715520203113556,0.5201578736305237,-0.06495145708322525,0.35167163610458374,0.5421563386917114,-0.0721450001001358,0.2901921272277832,0.5144774317741394,-0.014041734859347343,0.3181709051132202,0.43063706159591675,-0.05723625794053078,0.3358319103717804,0.5649410486221313,-0.06740683317184448,0.3133605718612671,0.5688987970352173,-0.06715327501296997,0.24766787886619568,0.5426053404808044,-0.02229386195540428,0.2713041305541992,0.4606958329677582,-0.06922223418951035,0.2931782007217407,0.5852054357528687,-0.05623113736510277,0.2708435654640198,0.598779559135437,-0.0379159078001976,0.19993501901626587,0.5785456895828247,-0.03185589239001274,0.2278325855731964,0.5119336247444153,-0.0582723543047905,0.2512736916542053,0.5922003984451294,-0.04183259233832359,0.23595944046974182,0.620556116104126,-0.02413693629205227,Stop
0.28391486406326294,0.8307436108589172,-5.30806403276074e-07,0.3460182547569275,0.7289003133773804,-0.024755051359534264,0.38939422369003296,0.6041011810302734,-0.039661869406700134,0.39395269751548767,0.4849734902381897,-0.05530519038438797,0.3467613160610199,0.43695560097694397,-0.06444744020700455,0.3279080092906952,0.4976479113101959,-0.007946385070681572,0.3567262291908264,0.4073176085948944,-0.045791491866111755,0.3656719923019409,0.5185127854347229,-0.06284857541322708,0.34629684686660767,0.5400375127792358,-0.07070665806531906,0.28469789028167725,0.511235773563385,-0.012335334904491901,0.31383126974105835,0.4259451627731323,-0.05474177747964859,0.33110347390174866,0.561323344707489,-0.06410370767116547,0.3079276978969574,0.5664981007575989,-0.06350274384021759,0.24375486373901367,0.5390143394470215,-0.02218310348689556,0.26657360792160034,0.45543837547302246,-0.06683345884084702,0.2888606786727905,0.5792336463928223,-0.052695222198963165,0.2669180929660797,0.5944972038269043,-0.03453855961561203,0.19718366861343384,0.5749018788337708,-0.0333821177482605,0.22445733845233917,0.5100827217102051,-0.05706963688135147,0.24776746332645416,0.5906528234481812,-0.03946082666516304,0.23310188949108124,0.620059072971344,-0.021621067076921463,Stop
0.28564122319221497,0.8236123323440552,-5.482777964971319e-07,0.34416234493255615,0.7234716415405273,-0.027715502306818962,0.38920658826828003,0.5999130010604858,-0.04471913352608681,0.39480870962142944,0.48108580708503723,-0.06203593313694,0.347627729177475,0.43558937311172485,-0.07229932397603989,0.32768717408180237,0.4897714853286743,-0.014340844005346298,0.3539638817310333,0.3951781094074249,-0.052794959396123886,0.3637305498123169,0.5111923813819885,-0.06724780052900314,0.34653547406196594,0.5345069169998169,-0.07291322946548462,0.28493762016296387,0.5056952834129333,-0.018422506749629974,0.31133145093917847,0.4177386462688446,-0.06189960986375809,0.3286619186401367,0.5569028854370117,-0.06812433898448944,0.3091982305049896,0.5615483522415161,-0.06475920975208282,0.24366159737110138,0.5349713563919067,-0.028218135237693787,0.2646891474723816,0.4516536593437195,-0.07441308349370956,0.2862260043621063,0.5789039134979248,-0.05793394893407822,0.2683354616165161,0.5932362079620361,-0.0374985970556736,0.19694183766841888,0.5712610483169556,-0.039726369082927704,0.22208544611930847,0.5053378939628601,-0.06361813843250275,0.24406304955482483,0.5879815816879272,-0.0446893684566021,0.23160433769226074,0.6177342534065247,-0.025828437879681587,Stop
0.2828121483325958,0.8216910362243652,-5.190353817852156e-07,0.3453783094882965,0.7240930795669556,-0.02737806923687458,0.3894645571708679,0.5997506976127625,-0.0431034229695797,0.3925839960575104,0.4807448089122772,-0.05882614850997925,0.3456205427646637,0.42992734909057617,-0.06768561899662018,0.3277689218521118,0.49549785256385803,-0.012823821045458317,0.3541730046272278,0.4023183286190033,-0.05089491978287697,0.3630744218826294,0.5137002468109131,-0.06593821197748184,0.3436003625392914,0.5360456705093384,-0.07195968180894852,0.28404495120048523,0.5086080431938171,-0.015980569645762444,0.31132546067237854,0.42482006549835205,-0.05833398178219795,0.3286254107952118,0.5611576437950134,-0.06560036540031433,0.3061188757419586,0.5634691715240479,-0.06349793821573257,0.24255287647247314,0.535851001739502,-0.024812083691358566,0.26500168442726135,0.45406171679496765,-0.07054023444652557,0.2876356244087219,0.5787391662597656,-0.055284708738327026,0.26673054695129395,0.5920833349227905,-0.03594653308391571,0.19555483758449554,0.5717485547065735,-0.03513722866773605,0.2220001518726349,0.5064840912818909,-0.060176949948072433,0.24568454921245575,0.586485743522644,-0.04273225739598274,0.23132774233818054,0.61519455909729,-0.024732431396842003,Stop
0.2826329171657562,0.8160486221313477,-5.465716412800248e-07,0.34513795375823975,0.7183175086975098,-0.02361459657549858,0.38802671432495117,0.5972905158996582,-0.03731418401002884,0.3927356004714966,0.4794348478317261,-0.05167108774185181,0.34702593088150024,0.4313616454601288,-0.059655603021383286,0.3284596800804138,0.49050289392471313,-0.007345075253397226,0.35691580176353455,0.4048893451690674,-0.043537188321352005,0.3642839789390564,0.5137134790420532,-0.05926816537976265,0.3449457883834839,0.5329009890556335,-0.06677988171577454,0.2858108878135681,0.5041152238845825,-0.011715024709701538,0.3135747015476227,0.420654833316803,-0.053867489099502563,0.3296176791191101,0.5525503158569336,-0.06326568871736526,0.3074272572994232,0.5580918788909912,-0.06292574107646942,0.24499903619289398,0.5308893918991089,-0.021217230707406998,0.2671801447868347,0.4481196105480194,-0.0657690241932869,0.28822511434555054,0.5700862407684326,-0.05211487039923668,0.26678746938705444,0.5857017040252686,-0.034436725080013275,0.19875624775886536,0.5644594430923462,-0.03187312185764313,0.22568142414093018,0.4998285472393036,-0.05577937886118889,0.24819079041481018,0.5806439518928528,-0.03883980214595795,0.23367193341255188,0.60987788438797,-0.021624911576509476,Stop
0.33348262310028076,0.5676639080047607,-2.1794585336465389e-07,0.36815497279167175,0.5260332822799683,-0.010142303071916103,0.3906126320362091,0.4637238085269928,-0.014445457607507706,0.3942587375640869,0.40605777502059937,-0.019094886258244514,0.3735080659389496,0.38066649436950684,-0.021231185644865036,0.35791489481925964,0.4146374762058258,-0.001884479890577495,0.37118133902549744,0.37201473116874695,-0.017523735761642456,0.3760215938091278,0.42573872208595276,-0.023497389629483223,0.3673100173473358,0.4411427080631256,-0.02551809325814247,0.33775970339775085,0.4172033369541168,-0.004209212027490139,0.35227644443511963,0.37391674518585205,-0.022567881271243095,0.3596299886703491,0.4406389594078064,-0.026212526485323906,0.3474850654602051,0.45267874002456665,-0.02471097931265831,0.3165644407272339,0.42746299505233765,-0.009008091874420643,0.3310309648513794,0.38413289189338684,-0.030619632452726364,0.3408786356449127,0.44757696986198425,-0.024926360696554184,0.3296316862106323,0.46380114555358887,-0.01577192358672619,0.29196372628211975,0.4435320198535919,-0.013987815007567406,0.309038907289505,0.4072363078594208,-0.027213888242840767,0.32127976417541504,0.4480994939804077,-0.019987814128398895,0.31450319290161133,0.46783193945884705,-0.011353171430528164,Stop
0.28431329131126404,0.815510094165802,-5.772283770966169e-07,0.34449121356010437,0.7117191553115845,-0.02297225035727024,0.38766515254974365,0.5919712781906128,-0.03744575381278992,0.3907287120819092,0.4760080575942993,-0.053272221237421036,0.34414979815483093,0.43139466643333435,-0.06287091970443726,0.3271498680114746,0.48583346605300903,-0.007279396988451481,0.3528735339641571,0.39587345719337463,-0.04411642253398895,0.36242586374282837,0.506433367729187,-0.05928431451320648,0.34479081630706787,0.5290493369102478,-0.06566451489925385,0.284922331571579,0.5020232796669006,-0.01240714080631733,0.31042930483818054,0.41718265414237976,-0.05359508469700813,0.327642023563385,0.5492238402366638,-0.06153810769319534,0.3059430718421936,0.5539590120315552,-0.06017080321907997,0.24456514418125153,0.5296702980995178,-0.022878723219037056,0.2646443843841553,0.44401273131370544,-0.06696026772260666,0.2863812744617462,0.5662772059440613,-0.052336838096380234,0.26628512144088745,0.5828799605369568,-0.0338565856218338,0.19812345504760742,0.564267098903656,-0.034551020711660385,0.2221297323703766,0.493498831987381,-0.05707942694425583,0.24559709429740906,0.5740393400192261,-0.03865067660808563,0.23337692022323608,0.6058171987533569,-0.02037370763719082,Stop
0.3333333134651184,0.662948489189148,-1.8491607534087962e-07,0.3576606214046478,0.6354216933250427,-0.007292259484529495,0.3734428584575653,0.5913064479827881,-0.010092777200043201,0.3728696405887604,0.5459938645362854,-0.0132063589990139,0.355971097946167,0.5301834344863892,-0.014576959423720837,0.3542462885379791,0.561038076877594,-0.0009398579131811857,0.35904058814048767,0.5260604619979858,-0.011947164312005043,0.36287036538124084,0.5616090893745422,-0.015994025394320488,0.35912027955055237,0.5772415399551392,-0.01693456992506981,0.3394401967525482,0.5627356767654419,-0.001978046726435423,0.3447743058204651,0.53115314245224,-0.014235550537705421,0.35017114877700806,0.5760281682014465,-0.01601806841790676,0.34482747316360474,0.5843386054039001,-0.01441868394613266,0.32513901591300964,0.5698592066764832,-0.004839431960135698,0.33045494556427,0.5395808219909668,-0.01938796043395996,0.33700940012931824,0.5827861428260803,-0.014531468041241169,0.3318560719490051,0.5942433476448059,-0.007542301435023546,0.30846506357192993,0.5806127786636353,-0.007968396879732609,0.31608453392982483,0.5541863441467285,-0.01606772281229496,0.32324787974357605,0.5819347500801086,-0.010231067426502705,0.3200087249279022,0.5950237512588501,-0.003838894423097372,Stop
0.33321428298950195,0.6668527126312256,-1.862723735257532e-07,0.3570246398448944,0.6367703676223755,-0.006766271311789751,0.37233835458755493,0.5928797721862793,-0.009291071444749832,0.3729621171951294,0.5479551553726196,-0.012367485091090202,0.3570507764816284,0.5302829742431641,-0.01375033799558878,0.35381051898002625,0.5623242855072021,0.0005844259285368025,0.35822394490242004,0.5268250107765198,-0.010341096669435501,0.3621862530708313,0.5618846416473389,-0.014773285947740078,0.35863593220710754,0.5767242312431335,-0.016030097380280495,0.3391337990760803,0.5639933347702026,-0.0006770975887775421,0.3441859185695648,0.5318309664726257,-0.01287724357098341,0.34968292713165283,0.5754789113998413,-0.01514329481869936,0.34427765011787415,0.5841954350471497,-0.013868037611246109,0.32475680112838745,0.5711205005645752,-0.0038010093849152327,0.3298870921134949,0.5397443175315857,-0.018263375386595726,0.33664536476135254,0.5822770595550537,-0.013817785307765007,0.33150139451026917,0.5947182178497314,-0.007088451646268368,0.3079921007156372,0.582126796245575,-0.0071733258664608,0.31575942039489746,0.5553990602493286,-0.015572972595691681,0.32317954301834106,0.5829989910125732,-0.010144847445189953,0.32009345293045044,0.5967386364936829,-0.0038915558252483606,Stop
0.3340841233730316,0.6651659607887268,-1.9199387679691426e-07,0.35811522603034973,0.6371868848800659,-0.007237359881401062,0.3736460208892822,0.5919202566146851,-0.00968968030065298,0.372981458902359,0.5469962954521179,-0.012388757430016994,0.35660964250564575,0.5316848754882812,-0.01322497520595789,0.35504090785980225,0.5611565709114075,-0.0006985610234551132,0.36019936203956604,0.5272584557533264,-0.011150547303259373,0.3633984923362732,0.5636227130889893,-0.014635831117630005,0.3591705560684204,0.5767996907234192,-0.01544953603297472,0.3402017652988434,0.5632731318473816,-0.0017091584159061313,0.3457612097263336,0.5323603749275208,-0.013984397985041142,0.3510187864303589,0.5778125524520874,-0.015641843900084496,0.34532561898231506,0.5845299363136292,-0.014006435871124268,0.32588574290275574,0.57073575258255,-0.0045028990134596825,0.33119291067123413,0.5407731533050537,-0.01912747137248516,0.3376188278198242,0.5844733119010925,-0.014310462400317192,0.33196380734443665,0.5948584079742432,-0.00740809366106987,0.30920231342315674,0.5817372798919678,-0.00753271859139204,0.31666797399520874,0.5558711290359497,-0.015827542170882225,0.32380691170692444,0.5838004350662231,-0.010208719410002232,0.32027575373649597,0.5962093472480774,-0.00398555351421237,Stop
0.33569860458374023,0.6674051880836487,-1.6605790165158396e-07,0.35915130376815796,0.6411653757095337,-0.008515707217156887,0.3748949468135834,0.5968893766403198,-0.012210956774652004,0.3740588426589966,0.5506082773208618,-0.015902627259492874,0.35855069756507874,0.5339752435684204,-0.01774231716990471,0.35623860359191895,0.5648199915885925,-0.0028401960153132677,0.36144471168518066,0.5311589241027832,-0.013682706281542778,0.365383118391037,0.5660061836242676,-0.01701839081943035,0.36180219054222107,0.580531895160675,-0.017478635534644127,0.34175556898117065,0.5666282773017883,-0.0034818812273442745,0.34768930077552795,0.5346236228942871,-0.015111209824681282,0.35293862223625183,0.580508291721344,-0.015644218772649765,0.3481051027774811,0.5872985124588013,-0.013244207948446274,0.3276948630809784,0.5737855434417725,-0.006047501694411039,0.3333874046802521,0.5441612601280212,-0.020504055544734,0.3395976424217224,0.5879313349723816,-0.015183544717729092,0.3343186676502228,0.597812294960022,-0.007936195470392704,0.3110405206680298,0.5843490362167358,-0.008979403413832188,0.31899720430374146,0.5590651035308838,-0.017076730728149414,0.3259568214416504,0.5869977474212646,-0.011175006628036499,0.3224564790725708,0.5989677906036377,-0.004833593498915434,Stop
0.33473098278045654,0.6641188859939575,-1.792133872413615e-07,0.35892507433891296,0.6363322734832764,-0.007239073980599642,0.3744213283061981,0.5927063226699829,-0.009970296174287796,0.3738095760345459,0.5479608178138733,-0.01302384864538908,0.3574635982513428,0.5322718620300293,-0.014373430982232094,0.35554566979408264,0.5633310079574585,-0.0007813818519935012,0.3603781461715698,0.52825927734375,-0.011433854699134827,0.3644954562187195,0.5628686547279358,-0.015148821286857128,0.36066481471061707,0.5784457325935364,-0.015845507383346558,0.341030091047287,0.565059244632721,-0.0017460717353969812,0.3461897671222687,0.5332395434379578,-0.013552832417190075,0.35171717405319214,0.577582061290741,-0.015086435712873936,0.3462633192539215,0.5857829451560974,-0.013336055912077427,0.3268353343009949,0.5720916390419006,-0.004553008358925581,0.3320154845714569,0.5418265461921692,-0.018835315480828285,0.3386188745498657,0.5844996571540833,-0.014163235202431679,0.33334487676620483,0.5956876277923584,-0.0073170107789337635,0.3101789653301239,0.5827537178993225,-0.007614319212734699,0.31753143668174744,0.5564385056495667,-0.015689685940742493,0.3247157037258148,0.5834738612174988,-0.010111031122505665,0.32145461440086365,0.5963568687438965,-0.003920191433280706,Stop
0.3345358669757843,0.6672441363334656,-1.825800950427947e-07,0.35853323340415955,0.6385245323181152,-0.0071970256976783276,0.3742634952068329,0.5950680375099182,-0.009843286126852036,0.3740478754043579,0.551144540309906,-0.012857702560722828,0.35818105936050415,0.5348570346832275,-0.01410589087754488,0.3556777834892273,0.5646814703941345,-9.362602213514037e-06,0.3603057861328125,0.5304957628250122,-0.010914208367466927,0.3638661205768585,0.5657163262367249,-0.015127294696867466,0.3603500425815582,0.5799074172973633,-0.016252394765615463,0.3410915732383728,0.5664433836936951,-0.0009813730139285326,0.346301794052124,0.5357949137687683,-0.013492581434547901,0.3514725863933563,0.5795057415962219,-0.01575014740228653,0.34619197249412537,0.5878041982650757,-0.014374123886227608,0.3268793821334839,0.5732284188270569,-0.0038140604738146067,0.3320123553276062,0.5431972742080688,-0.018428420647978783,0.3384304940700531,0.58575040102005,-0.014005621895194054,0.33344706892967224,0.5979399681091309,-0.007239885628223419,0.3103761076927185,0.5836132764816284,-0.006913043558597565,0.31790441274642944,0.5580394268035889,-0.01535387896001339,0.3251209259033203,0.586111307144165,-0.010044715367257595,0.3222355246543884,0.5998071432113647,-0.003852659137919545,Stop
0.3347763419151306,0.6687932014465332,-1.6325729745858553e-07,0.3588542640209198,0.6414160132408142,-0.008074183017015457,0.37451913952827454,0.5974127650260925,-0.011072071269154549,0.3733012080192566,0.5520119667053223,-0.01417238637804985,0.3578535318374634,0.5344552993774414,-0.015496618114411831,0.35682401061058044,0.5668008923530579,-0.0013196265790611506,0.362546443939209,0.5335928797721863,-0.011593020521104336,0.3651195466518402,0.5677957534790039,-0.015039758756756783,0.36085593700408936,0.5809388160705566,-0.015761947259306908,0.3420546054840088,0.5679107904434204,-0.0018879922572523355,0.3480767607688904,0.53620445728302,-0.013471871614456177,0.35242047905921936,0.5806875824928284,-0.014740819111466408,0.3472580313682556,0.5875428915023804,-0.012870714999735355,0.32754409313201904,0.5740420818328857,-0.00432982062920928,0.3331299424171448,0.5440719127655029,-0.018939534202218056,0.338697224855423,0.5875765681266785,-0.01442675106227398,0.33323565125465393,0.5984389185905457,-0.007579002063721418,0.31045258045196533,0.583346426486969,-0.00704243965446949,0.3183641731739044,0.5578801035881042,-0.015563437715172768,0.3253401815891266,0.5858339071273804,-0.010210162028670311,0.32207024097442627,0.5984117388725281,-0.004082454834133387,Stop
0.3360866904258728,0.6667735576629639,-1.7409519159627962e-07,0.3597814440727234,0.6400531530380249,-0.007713102735579014,0.375735342502594,0.5972155332565308,-0.010988853871822357,0.3755432963371277,0.5518808364868164,-0.014400267042219639,0.3598008155822754,0.5342175364494324,-0.01608128473162651,0.35722216963768005,0.5660918951034546,-0.0023457540664821863,0.3624587059020996,0.5324016213417053,-0.013117843307554722,0.3659012019634247,0.566695511341095,-0.016673773527145386,0.36211147904396057,0.5818043947219849,-0.017289811745285988,0.34283068776130676,0.5673890709877014,-0.00324737885966897,0.3488227128982544,0.5353264212608337,-0.015421061776578426,0.35363829135894775,0.5801451802253723,-0.01678074523806572,0.34876957535743713,0.5884713530540466,-0.014872686937451363,0.32875269651412964,0.5739457607269287,-0.005892601329833269,0.3344143033027649,0.5444315671920776,-0.0205745417624712,0.34014153480529785,0.5879024267196655,-0.01565338484942913,0.33508071303367615,0.598935604095459,-0.00858668889850378,0.31210947036743164,0.584028422832489,-0.008808487094938755,0.3201240003108978,0.5586264133453369,-0.017047014087438583,0.32656797766685486,0.5868088006973267,-0.011269417591392994,0.3231445252895355,0.5993428230285645,-0.004957301542162895,Stop
0.33602648973464966,0.6645625233650208,-1.6871102559434803e-07,0.3599899709224701,0.6378225684165955,-0.007389259058982134,0.375655859708786,0.5947251319885254,-0.010448244400322437,0.37579336762428284,0.5496593713760376,-0.01376212015748024,0.36024436354637146,0.5330650806427002,-0.015386786311864853,0.35717928409576416,0.5640885829925537,-0.0013377881841734052,0.3625687062740326,0.5300220251083374,-0.011998303234577179,0.36637595295906067,0.5635563135147095,-0.015686292201280594,0.3625183701515198,0.578686535358429,-0.01635262742638588,0.34299159049987793,0.5652337670326233,-0.0023337886668741703,0.3490191400051117,0.5332815051078796,-0.01411226112395525,0.35385122895240784,0.5774208903312683,-0.015438312664628029,0.3486550450325012,0.5855239033699036,-0.01353470142930746,0.3289065361022949,0.5716355443000793,-0.005136861931532621,0.33471596240997314,0.5416395664215088,-0.019396651536226273,0.3403872847557068,0.5845522880554199,-0.014458274468779564,0.33501461148262024,0.595407247543335,-0.007442464120686054,0.31226250529289246,0.5815110802650452,-0.008222030475735664,0.32037466764450073,0.5558856725692749,-0.016136979684233665,0.3267781436443329,0.5837056636810303,-0.010282790288329124,0.3230687081813812,0.5962152481079102,-0.003953187260776758,Stop
0.3571419417858124,0.9584304690361023,-3.6219418575456075e-07,0.42118123173713684,0.8879790306091309,-0.05015105754137039,0.4845629930496216,0.7570822238922119,-0.0814506858587265,0.5077562928199768,0.6352117657661438,-0.10842236131429672,0.4648095369338989,0.5765572786331177,-0.1277974247932434,0.41882967948913574,0.5432339310646057,-0.04608532413840294,0.46850600838661194,0.5249692797660828,-0.08780725300312042,0.46587345004081726,0.6474874019622803,-0.10072844475507736,0.43948301672935486,0.6586683392524719,-0.10572238266468048,0.35714995861053467,0.5474054217338562,-0.04359332472085953,0.4113294780254364,0.5608394145965576,-0.08447935432195663,0.41332370042800903,0.7246478796005249,-0.08522820472717285,0.39218732714653015,0.6996526122093201,-0.07869420200586319,0.30227184295654297,0.5906405448913574,-0.04760734364390373,0.3523286283016205,0.6069538593292236,-0.09510459750890732,0.3655613958835602,0.7476345300674438,-0.07812847942113876,0.3431722819805145,0.7355412840843201,-0.05846444517374039,0.2528049945831299,0.6485100388526917,-0.055336181074380875,0.3000742197036743,0.6609948873519897,-0.08525444567203522,0.319601446390152,0.7482388615608215,-0.06993483752012253,0.30179738998413086,0.7544235587120056,-0.052645061165094376,Stop
